Date,dow30_High,dow30_Low,dow30_Open,dow30_Close,dow30_Volume,dow30_AdjClose
2017-09-05,21921.08984375,21709.630859375,21912.369140625,21753.310546875,332840000.0,21753.310546875
2017-09-06,21849.240234375,21794.0703125,21815.759765625,21807.640625,318760000.0,21807.640625
2017-09-07,21850.009765625,21745.7109375,21820.380859375,21784.779296875,333810000.0,21784.779296875
2017-09-08,21846.630859375,21731.119140625,21764.4296875,21797.7890625,289400000.0,21797.7890625
2017-09-09,,,,,,
2017-09-10,,,,,,
2017-09-11,22067.099609375,21927.7890625,21927.7890625,22057.369140625,312770000.0,22057.369140625
2017-09-12,22134.5703125,22087.08984375,22090.560546875,22118.859375,364580000.0,22118.859375
2017-09-13,22158.1796875,22095.7890625,22103.470703125,22158.1796875,291890000.0,22158.1796875
2017-09-14,22216.439453125,22135.259765625,22144.9609375,22203.48046875,297780000.0,22203.48046875
2017-09-15,22275.01953125,22214.51953125,22252.439453125,22268.33984375,527540000.0,22268.33984375
2017-09-16,,,,,,
2017-09-17,,,,,,
2017-09-18,22355.619140625,22283.349609375,22297.919921875,22331.349609375,302740000.0,22331.349609375
2017-09-19,22386.009765625,22340.7109375,22349.69921875,22370.80078125,295570000.0,22370.80078125
2017-09-20,22413.259765625,22314.6796875,22351.380859375,22412.58984375,334560000.0,22412.58984375
2017-09-21,22419.509765625,22356.55078125,22414.01953125,22359.23046875,287390000.0,22359.23046875
2017-09-22,22364.310546875,22299.580078125,22334.0703125,22349.58984375,297140000.0,22349.58984375
2017-09-23,,,,,,
2017-09-24,,,,,,
2017-09-25,22359.880859375,22219.109375,22320.470703125,22296.08984375,332430000.0,22296.08984375
2017-09-26,22369.349609375,22279.51953125,22322.029296875,22284.3203125,285990000.0,22284.3203125
2017-09-27,22371.099609375,22254.9296875,22330.9296875,22340.7109375,342900000.0,22340.7109375
2017-09-28,22394.740234375,22288.970703125,22306.830078125,22381.19921875,263010000.0,22381.19921875
2017-09-29,22405.630859375,22332.9609375,22358.470703125,22405.08984375,274790000.0,22405.08984375
2017-09-30,,,,,,
2017-10-01,,,,,,
2017-10-02,22559.380859375,22416.0,22423.470703125,22557.599609375,268530000.0,22557.599609375
2017-10-03,22646.3203125,22562.900390625,22564.44921875,22641.669921875,238830000.0,22641.669921875
2017-10-04,22685.939453125,22632.80078125,22645.669921875,22661.640625,235730000.0,22661.640625
2017-10-05,22777.0390625,22655.140625,22669.080078125,22775.390625,246400000.0,22775.390625
2017-10-06,22773.669921875,22730.849609375,22762.029296875,22773.669921875,221450000.0,22773.669921875
2017-10-07,,,,,,
2017-10-08,,,,,,
2017-10-09,22803.369140625,22739.380859375,22779.73046875,22761.0703125,310770000.0,22761.0703125
2017-10-10,22850.509765625,22770.990234375,22784.759765625,22830.6796875,319270000.0,22830.6796875
2017-10-11,22872.890625,22821.66015625,22827.650390625,22872.890625,316000000.0,22872.890625
2017-10-12,22884.8203125,22821.130859375,22854.849609375,22841.009765625,291790000.0,22841.009765625
2017-10-13,22905.330078125,22855.9296875,22876.4296875,22871.720703125,259560000.0,22871.720703125
2017-10-14,,,,,,
2017-10-15,,,,,,
2017-10-16,22960.119140625,22887.119140625,22892.919921875,22956.9609375,247180000.0,22956.9609375
2017-10-17,23002.19921875,22948.23046875,22952.41015625,22997.439453125,273090000.0,22997.439453125
2017-10-18,23172.9296875,23086.75,23087.130859375,23157.599609375,271870000.0,23157.599609375
2017-10-19,23167.240234375,23052.669921875,23107.470703125,23163.0390625,350400000.0,23163.0390625
2017-10-20,23328.83984375,23201.779296875,23205.1796875,23328.630859375,474380000.0,23328.630859375
2017-10-21,,,,,,
2017-10-22,,,,,,
2017-10-23,23368.369140625,23273.9609375,23348.94921875,23273.9609375,456830000.0,23273.9609375
2017-10-24,23485.25,23343.23046875,23346.779296875,23441.759765625,406850000.0,23441.759765625
2017-10-25,23451.509765625,23251.109375,23431.08984375,23329.4609375,399560000.0,23329.4609375
2017-10-26,23459.83984375,23380.890625,23380.890625,23400.859375,370600000.0,23400.859375
2017-10-27,23449.400390625,23353.16015625,23419.16015625,23434.189453125,518870000.0,23434.189453125
2017-10-28,,,,,,
2017-10-29,,,,,,
2017-10-30,23428.75,23327.869140625,23405.75,23348.740234375,436900000.0,23348.740234375
2017-10-31,23406.349609375,23334.390625,23369.220703125,23377.240234375,388050000.0,23377.240234375
2017-11-01,23517.7109375,23388.91015625,23442.900390625,23435.009765625,361260000.0,23435.009765625
2017-11-02,23531.380859375,23350.98046875,23463.240234375,23516.259765625,348040000.0,23516.259765625
2017-11-03,23557.060546875,23481.5703125,23549.58984375,23539.189453125,312250000.0,23539.189453125
2017-11-04,,,,,,
2017-11-05,,,,,,
2017-11-06,23574.859375,23520.75,23533.9609375,23548.419921875,325190000.0,23548.419921875
2017-11-07,23602.119140625,23484.189453125,23574.029296875,23557.23046875,285080000.0,23557.23046875
2017-11-08,23575.0,23510.560546875,23542.599609375,23563.359375,264670000.0,23563.359375
2017-11-09,23516.740234375,23310.01953125,23492.08984375,23461.939453125,305440000.0,23461.939453125
2017-11-10,23452.19921875,23392.9609375,23432.7109375,23422.2109375,351280000.0,23422.2109375
2017-11-11,,,,,,
2017-11-12,,,,,,
2017-11-13,23461.6796875,23343.33984375,23367.470703125,23439.69921875,491260000.0,23439.69921875
2017-11-14,23414.080078125,23271.5703125,23388.400390625,23409.470703125,561330000.0,23409.470703125
2017-11-15,23344.990234375,23242.75,23334.58984375,23271.279296875,404300000.0,23271.279296875
2017-11-16,23492.189453125,23365.33984375,23365.33984375,23458.359375,402020000.0,23458.359375
2017-11-17,23433.76953125,23356.009765625,23433.76953125,23358.240234375,386000000.0,23358.240234375
2017-11-18,,,,,,
2017-11-19,,,,,,
2017-11-20,23456.880859375,23360.580078125,23370.7109375,23430.330078125,315330000.0,23430.330078125
2017-11-21,23617.80078125,23500.150390625,23500.150390625,23590.830078125,329650000.0,23590.830078125
2017-11-22,23605.76953125,23507.609375,23597.240234375,23526.1796875,268760000.0,23526.1796875
2017-11-23,,,,,,
2017-11-24,23599.1796875,23551.58984375,23552.75,23557.990234375,118610000.0,23557.990234375
2017-11-25,,,,,,
2017-11-26,,,,,,
2017-11-27,23638.919921875,23545.01953125,23552.859375,23580.779296875,296320000.0,23580.779296875
2017-11-28,23849.609375,23617.109375,23625.189453125,23836.7109375,319240000.0,23836.7109375
2017-11-29,23959.759765625,23872.58984375,23883.259765625,23940.6796875,401410000.0,23940.6796875
2017-11-30,24327.8203125,24013.80078125,24013.80078125,24272.349609375,488200000.0,24272.349609375
2017-12-01,24322.060546875,23921.900390625,24305.400390625,24231.58984375,417910000.0,24231.58984375
2017-12-02,,,,,,
2017-12-03,,,,,,
2017-12-04,24534.0390625,24288.189453125,24424.109375,24290.05078125,424250000.0,24290.05078125
2017-12-05,24349.740234375,24155.279296875,24335.009765625,24180.640625,371190000.0,24180.640625
2017-12-06,24229.349609375,24134.490234375,24171.900390625,24140.91015625,312720000.0,24140.91015625
2017-12-07,24262.880859375,24101.240234375,24116.599609375,24211.48046875,319060000.0,24211.48046875
2017-12-08,24330.119140625,24225.5,24263.259765625,24329.16015625,293590000.0,24329.16015625
2017-12-09,,,,,,
2017-12-10,,,,,,
2017-12-11,24389.720703125,24314.740234375,24338.109375,24386.029296875,300580000.0,24386.029296875
2017-12-12,24552.970703125,24443.830078125,24452.9609375,24504.80078125,342220000.0,24504.80078125
2017-12-13,24666.01953125,24518.30078125,24525.189453125,24585.4296875,325280000.0,24585.4296875
2017-12-14,24672.48046875,24508.66015625,24631.009765625,24508.66015625,314780000.0,24508.66015625
2017-12-15,24688.619140625,24584.439453125,24585.7109375,24651.740234375,635740000.0,24651.740234375
2017-12-16,,,,,,
2017-12-17,,,,,,
2017-12-18,24876.0703125,24739.560546875,24739.560546875,24792.19921875,354880000.0,24792.19921875
2017-12-19,24850.109375,24715.599609375,24834.380859375,24754.75,335330000.0,24754.75
2017-12-20,24852.439453125,24697.109375,24838.08984375,24726.650390625,341790000.0,24726.650390625
2017-12-21,24850.91015625,24766.26953125,24778.259765625,24782.2890625,339530000.0,24782.2890625
2017-12-22,24784.150390625,24717.509765625,24764.0390625,24754.060546875,255140000.0,24754.060546875
2017-12-23,,,,,,
2017-12-24,,,,,,
2017-12-25,,,,,,
2017-12-26,24778.130859375,24708.419921875,24715.83984375,24746.2109375,208290000.0,24746.2109375
2017-12-27,24789.51953125,24731.6796875,24766.51953125,24774.30078125,225890000.0,24774.30078125
2017-12-28,24839.23046875,24797.130859375,24807.2109375,24837.509765625,200960000.0,24837.509765625
2017-12-29,24871.66015625,24719.220703125,24849.630859375,24719.220703125,270760000.0,24719.220703125
2017-12-30,,,,,,
2017-12-31,,,,,,
2018-01-01,,,,,,
2018-01-02,24864.189453125,24741.69921875,24809.349609375,24824.009765625,341130000.0,24824.009765625
2018-01-03,24941.919921875,24825.55078125,24850.44921875,24922.6796875,456790000.0,24922.6796875
2018-01-04,25105.9609375,24963.26953125,24964.859375,25075.130859375,403280000.0,25075.130859375
2018-01-05,25299.7890625,25112.009765625,25114.919921875,25295.869140625,358020000.0,25295.869140625
2018-01-06,,,,,,
2018-01-07,,,,,,
2018-01-08,25311.990234375,25235.41015625,25308.400390625,25283.0,341390000.0,25283.0
2018-01-09,25439.779296875,25308.41015625,25312.05078125,25385.80078125,333490000.0,25385.80078125
2018-01-10,25404.919921875,25256.990234375,25348.130859375,25369.130859375,341470000.0,25369.130859375
2018-01-11,25575.419921875,25396.189453125,25398.599609375,25574.73046875,346830000.0,25574.73046875
2018-01-12,25810.4296875,25633.080078125,25638.390625,25803.189453125,376390000.0,25803.189453125
2018-01-13,,,,,,
2018-01-14,,,,,,
2018-01-15,,,,,,
2018-01-16,26086.119140625,25702.990234375,25987.619140625,25792.859375,606520000.0,25792.859375
2018-01-17,26130.44921875,25865.01953125,25910.779296875,26115.650390625,522720000.0,26115.650390625
2018-01-18,26153.419921875,25947.3203125,26149.55078125,26017.810546875,492780000.0,26017.810546875
2018-01-19,26071.720703125,25942.830078125,25987.349609375,26071.720703125,585000000.0,26071.720703125
2018-01-20,,,,,,
2018-01-21,,,,,,
2018-01-22,26215.23046875,25974.650390625,26025.3203125,26214.599609375,431200000.0,26214.599609375
2018-01-23,26246.189453125,26143.900390625,26214.869140625,26210.810546875,433490000.0,26210.810546875
2018-01-24,26392.80078125,26106.939453125,26282.0703125,26252.119140625,518790000.0,26252.119140625
2018-01-25,26458.25,26259.720703125,26313.060546875,26392.7890625,401390000.0,26392.7890625
2018-01-26,26616.7109375,26425.349609375,26466.740234375,26616.7109375,477780000.0,26616.7109375
2018-01-27,,,,,,
2018-01-28,,,,,,
2018-01-29,26608.900390625,26435.33984375,26584.279296875,26439.48046875,421000000.0,26439.48046875
2018-01-30,26256.990234375,26028.419921875,26198.44921875,26076.890625,448330000.0,26076.890625
2018-01-31,26338.029296875,26050.98046875,26268.169921875,26149.390625,479130000.0,26149.390625
2018-02-01,26306.69921875,26014.439453125,26083.0390625,26186.7109375,410620000.0,26186.7109375
2018-02-02,26061.7890625,25490.66015625,26061.7890625,25520.9609375,522880000.0,25520.9609375
2018-02-03,,,,,,
2018-02-04,,,,,,
2018-02-05,25520.529296875,23923.880859375,25337.869140625,24345.75,714450000.0,24345.75
2018-02-06,24946.23046875,23778.740234375,24085.169921875,24912.76953125,823940000.0,24912.76953125
2018-02-07,25293.9609375,24785.439453125,24892.869140625,24893.349609375,504620000.0,24893.349609375
2018-02-08,24903.6796875,23849.23046875,24902.30078125,23860.4609375,657500000.0,23860.4609375
2018-02-09,24382.140625,23360.2890625,23992.669921875,24190.900390625,735030000.0,24190.900390625
2018-02-10,,,,,,
2018-02-11,,,,,,
2018-02-12,24765.16015625,24290.48046875,24337.759765625,24601.26953125,496610000.0,24601.26953125
2018-02-13,24705.720703125,24421.029296875,24540.330078125,24640.44921875,374410000.0,24640.44921875
2018-02-14,24925.94921875,24490.359375,24535.8203125,24893.490234375,431160000.0,24893.490234375
2018-02-15,25203.94921875,24809.419921875,25047.8203125,25200.369140625,416780000.0,25200.369140625
2018-02-16,25432.419921875,25149.259765625,25165.939453125,25219.380859375,406730000.0,25219.380859375
2018-02-17,,,,,,
2018-02-18,,,,,,
2018-02-19,,,,,,
2018-02-20,25179.009765625,24884.189453125,25124.91015625,24964.75,421510000.0,24964.75
2018-02-21,25267.990234375,24792.990234375,24988.060546875,24797.779296875,456070000.0,24797.779296875
2018-02-22,25156.720703125,24854.830078125,24855.41015625,24962.48046875,378900000.0,24962.48046875
2018-02-23,25313.91015625,25028.73046875,25050.509765625,25309.990234375,335420000.0,25309.990234375
2018-02-24,,,,,,
2018-02-25,,,,,,
2018-02-26,25732.80078125,25398.560546875,25403.349609375,25709.26953125,473360000.0,25709.26953125
2018-02-27,25800.349609375,25407.830078125,25735.779296875,25410.029296875,438390000.0,25410.029296875
2018-02-28,25576.150390625,25022.419921875,25485.150390625,25029.19921875,451870000.0,25029.19921875
2018-03-01,25185.349609375,24442.560546875,25024.0390625,24608.98046875,506280000.0,24608.98046875
2018-03-02,24592.4609375,24217.759765625,24394.91015625,24538.060546875,437130000.0,24538.060546875
2018-03-03,,,,,,
2018-03-04,,,,,,
2018-03-05,24961.0,24387.150390625,24471.310546875,24874.759765625,383910000.0,24874.759765625
2018-03-06,24995.240234375,24708.41015625,24965.890625,24884.119140625,331770000.0,24884.119140625
2018-03-07,24849.6796875,24535.119140625,24758.150390625,24801.359375,394070000.0,24801.359375
2018-03-08,24950.490234375,24703.05078125,24853.41015625,24895.2109375,327300000.0,24895.2109375
2018-03-09,25336.330078125,25004.890625,25004.890625,25335.740234375,371570000.0,25335.740234375
2018-03-10,,,,,,
2018-03-11,,,,,,
2018-03-12,25449.150390625,25152.01953125,25372.439453125,25178.609375,362580000.0,25178.609375
2018-03-13,25376.400390625,24947.5,25257.75,25007.029296875,447880000.0,25007.029296875
2018-03-14,25130.119140625,24668.830078125,25086.970703125,24758.119140625,356830000.0,24758.119140625
2018-03-15,25053.869140625,24753.2890625,24837.2890625,24873.66015625,316310000.0,24873.66015625
2018-03-16,25031.0,24857.08984375,24877.33984375,24946.509765625,654240000.0,24946.509765625
2018-03-17,,,,,,
2018-03-18,,,,,,
2018-03-19,24893.689453125,24453.140625,24893.689453125,24610.91015625,377990000.0,24610.91015625
2018-03-20,24803.609375,24650.640625,24650.640625,24727.26953125,342510000.0,24727.26953125
2018-03-21,24977.650390625,24655.400390625,24723.490234375,24682.310546875,343230000.0,24682.310546875
2018-03-22,24526.009765625,23938.740234375,24526.009765625,23957.890625,439280000.0,23957.890625
2018-03-23,24108.470703125,23509.060546875,23995.1796875,23533.19921875,482550000.0,23533.19921875
2018-03-24,,,,,,
2018-03-25,,,,,,
2018-03-26,24232.30078125,23741.220703125,23825.740234375,24202.599609375,479540000.0,24202.599609375
2018-03-27,24446.220703125,23708.73046875,24276.619140625,23857.7109375,524480000.0,23857.7109375
2018-03-28,24092.470703125,23728.669921875,23883.080078125,23848.419921875,530040000.0,23848.419921875
2018-03-29,24314.30078125,23928.130859375,23949.1796875,24103.109375,463550000.0,24103.109375
2018-03-30,,,,,,
2018-03-31,,,,,,
2018-04-01,,,,,,
2018-04-02,24123.80078125,23344.51953125,24076.599609375,23644.189453125,509820000.0,23644.189453125
2018-04-03,24044.349609375,23664.330078125,23698.330078125,24033.359375,394130000.0,24033.359375
2018-04-04,24308.9609375,23523.16015625,23654.150390625,24264.30078125,388540000.0,24264.30078125
2018-04-05,24622.259765625,24313.91015625,24313.91015625,24505.220703125,347790000.0,24505.220703125
2018-04-06,24434.400390625,23738.19921875,24373.599609375,23932.759765625,395990000.0,23932.759765625
2018-04-07,,,,,,
2018-04-08,,,,,,
2018-04-09,24373.1796875,23954.830078125,24037.51953125,23979.099609375,380790000.0,23979.099609375
2018-04-10,24511.349609375,24198.94921875,24198.94921875,24408.0,368590000.0,24408.0
2018-04-11,24366.5703125,24150.869140625,24274.189453125,24189.44921875,286360000.0,24189.44921875
2018-04-12,24592.119140625,24302.8203125,24302.8203125,24483.05078125,336130000.0,24483.05078125
2018-04-13,24646.44921875,24243.740234375,24582.8203125,24360.140625,331890000.0,24360.140625
2018-04-14,,,,,,
2018-04-15,,,,,,
2018-04-16,24675.359375,24480.19921875,24483.150390625,24573.0390625,305070000.0,24573.0390625
2018-04-17,24858.970703125,24681.7890625,24681.7890625,24786.630859375,342410000.0,24786.630859375
2018-04-18,24832.5390625,24721.08984375,24820.849609375,24748.0703125,302030000.0,24748.0703125
2018-04-19,24762.48046875,24557.029296875,24711.30078125,24664.890625,381110000.0,24664.890625
2018-04-20,24678.0703125,24375.0390625,24657.390625,24462.939453125,537770000.0,24462.939453125
2018-04-21,,,,,,
2018-04-22,,,,,,
2018-04-23,24536.890625,24328.5390625,24488.0703125,24448.689453125,351030000.0,24448.689453125
2018-04-24,24579.939453125,23828.73046875,24579.939453125,24024.130859375,468180000.0,24024.130859375
2018-04-25,24146.33984375,23823.080078125,24070.19921875,24083.830078125,437100000.0,24083.830078125
2018-04-26,24402.4609375,24128.720703125,24128.720703125,24322.33984375,390360000.0,24322.33984375
2018-04-27,24359.380859375,24194.44921875,24342.140625,24311.189453125,392810000.0,24311.189453125
2018-04-28,,,,,,
2018-04-29,,,,,,
2018-04-30,24498.23046875,24163.080078125,24410.41015625,24163.150390625,416650000.0,24163.150390625
2018-05-01,24117.2890625,23808.189453125,24117.2890625,24099.05078125,380070000.0,24099.05078125
2018-05-02,24185.51953125,23886.30078125,24097.630859375,23924.98046875,385350000.0,23924.98046875
2018-05-03,23996.150390625,23531.310546875,23836.23046875,23930.150390625,389240000.0,23930.150390625
2018-05-04,24333.349609375,23778.869140625,23865.220703125,24262.509765625,329480000.0,24262.509765625
2018-05-05,,,,,,
2018-05-06,,,,,,
2018-05-07,24479.44921875,24263.419921875,24317.66015625,24357.3203125,307670000.0,24357.3203125
2018-05-08,24412.33984375,24198.33984375,24341.349609375,24360.2109375,344940000.0,24360.2109375
2018-05-09,24586.48046875,24323.869140625,24399.1796875,24542.5390625,361580000.0,24542.5390625
2018-05-10,24794.990234375,24575.91015625,24591.66015625,24739.529296875,304210000.0,24739.529296875
2018-05-11,24868.650390625,24717.5,24758.640625,24831.169921875,274150000.0,24831.169921875
2018-05-12,,,,,,
2018-05-13,,,,,,
2018-05-14,24994.189453125,24862.51953125,24879.369140625,24899.41015625,282860000.0,24899.41015625
2018-05-15,24809.55078125,24629.390625,24809.55078125,24706.41015625,301900000.0,24706.41015625
2018-05-16,24801.189453125,24672.7890625,24722.3203125,24768.9296875,280810000.0,24768.9296875
2018-05-17,24839.490234375,24639.400390625,24752.400390625,24713.98046875,314650000.0,24713.98046875
2018-05-18,24774.970703125,24664.869140625,24707.720703125,24715.08984375,269700000.0,24715.08984375
2018-05-19,,,,,,
2018-05-20,,,,,,
2018-05-21,25086.490234375,24883.060546875,24883.060546875,25013.2890625,308920000.0,25013.2890625
2018-05-22,25064.990234375,24812.060546875,25047.55078125,24834.41015625,288200000.0,24834.41015625
2018-05-23,24889.4609375,24667.119140625,24757.7109375,24886.810546875,399610000.0,24886.810546875
2018-05-24,24877.359375,24605.900390625,24877.359375,24811.759765625,347050000.0,24811.759765625
2018-05-25,24824.220703125,24687.810546875,24781.2890625,24753.08984375,257210000.0,24753.08984375
2018-05-26,,,,,,
2018-05-27,,,,,,
2018-05-28,,,,,,
2018-05-29,24635.1796875,24247.83984375,24606.58984375,24361.44921875,395810000.0,24361.44921875
2018-05-30,24714.48046875,24459.08984375,24467.830078125,24667.779296875,324870000.0,24667.779296875
2018-05-31,24620.7890625,24352.150390625,24620.7890625,24415.83984375,429740000.0,24415.83984375
2018-06-01,24673.599609375,24542.08984375,24542.08984375,24635.2109375,315710000.0,24635.2109375
2018-06-02,,,,,,
2018-06-03,,,,,,
2018-06-04,24859.369140625,24722.140625,24727.55078125,24813.689453125,340400000.0,24813.689453125
2018-06-05,24838.779296875,24710.8203125,24820.119140625,24799.98046875,306340000.0,24799.98046875
2018-06-06,25146.4609375,24854.140625,24854.140625,25146.390625,316090000.0,25146.390625
2018-06-07,25326.08984375,25164.48046875,25192.140625,25241.41015625,357680000.0,25241.41015625
2018-06-08,25325.630859375,25165.69921875,25209.2890625,25316.529296875,317510000.0,25316.529296875
2018-06-09,,,,,,
2018-06-10,,,,,,
2018-06-11,25402.830078125,25290.19921875,25336.669921875,25322.310546875,276740000.0,25322.310546875
2018-06-12,25364.369140625,25247.0390625,25346.8203125,25320.73046875,265750000.0,25320.73046875
2018-06-13,25362.0703125,25191.419921875,25328.650390625,25201.19921875,329700000.0,25201.19921875
2018-06-14,25332.5,25138.599609375,25254.650390625,25175.310546875,341170000.0,25175.310546875
2018-06-15,25130.8203125,24894.380859375,25116.7109375,25090.48046875,659370000.0,25090.48046875
2018-06-16,,,,,,
2018-06-17,,,,,,
2018-06-18,25003.099609375,24825.76953125,24944.279296875,24987.470703125,337070000.0,24987.470703125
2018-06-19,24763.58984375,24567.75,24763.58984375,24700.2109375,376380000.0,24700.2109375
2018-06-20,24804.759765625,24628.390625,24771.169921875,24657.80078125,359520000.0,24657.80078125
2018-06-21,24639.2109375,24406.630859375,24639.2109375,24461.69921875,349570000.0,24461.69921875
2018-06-22,24663.1796875,24526.970703125,24526.970703125,24580.890625,473970000.0,24580.890625
2018-06-23,,,,,,
2018-06-24,,,,,,
2018-06-25,24463.73046875,24084.390625,24463.73046875,24252.80078125,439130000.0,24252.80078125
2018-06-26,24384.2109375,24241.220703125,24281.890625,24283.109375,301130000.0,24283.109375
2018-06-27,24569.01953125,24115.8203125,24303.109375,24117.58984375,313790000.0,24117.58984375
2018-06-28,24308.16015625,23997.2109375,24064.189453125,24216.05078125,305020000.0,24216.05078125
2018-06-29,24509.51953125,24269.7109375,24323.9296875,24271.41015625,329070000.0,24271.41015625
2018-06-30,,,,,,
2018-07-01,,,,,,
2018-07-02,24319.419921875,24077.560546875,24161.529296875,24307.1796875,244110000.0,24307.1796875
2018-07-03,24444.880859375,24150.849609375,24359.390625,24174.8203125,160960000.0,24174.8203125
2018-07-04,,,,,,
2018-07-05,24372.80078125,24177.439453125,24285.8203125,24356.740234375,237670000.0,24356.740234375
2018-07-06,24520.2890625,24281.470703125,24352.470703125,24456.48046875,219450000.0,24456.48046875
2018-07-07,,,,,,
2018-07-08,,,,,,
2018-07-09,24796.51953125,24518.4296875,24519.19921875,24776.58984375,240580000.0,24776.58984375
2018-07-10,24945.380859375,24806.970703125,24806.970703125,24919.66015625,235040000.0,24919.66015625
2018-07-11,24815.16015625,24663.8203125,24789.48046875,24700.44921875,237370000.0,24700.44921875
2018-07-12,24939.970703125,24802.900390625,24802.900390625,24924.890625,233150000.0,24924.890625
2018-07-13,25043.2109375,24890.060546875,24926.0703125,25019.41015625,255520000.0,25019.41015625
2018-07-14,,,,,,
2018-07-15,,,,,,
2018-07-16,25072.41015625,24979.640625,25025.580078125,25064.359375,231270000.0,25064.359375
2018-07-17,25155.390625,24989.609375,25033.919921875,25119.890625,250450000.0,25119.890625
2018-07-18,25215.3203125,25101.119140625,25133.7890625,25199.2890625,252870000.0,25199.2890625
2018-07-19,25154.169921875,25052.619140625,25139.150390625,25064.5,285760000.0,25064.5
2018-07-20,25124.099609375,24986.349609375,25041.140625,25058.119140625,274080000.0,25058.119140625
2018-07-21,,,,,,
2018-07-22,,,,,,
2018-07-23,25081.44921875,24983.330078125,25036.900390625,25044.2890625,228820000.0,25044.2890625
2018-07-24,25286.619140625,25092.4296875,25092.4296875,25241.939453125,274940000.0,25241.939453125
2018-07-25,25432.869140625,25113.55078125,25183.69921875,25414.099609375,273670000.0,25414.099609375
2018-07-26,25587.240234375,25463.16015625,25468.55078125,25527.0703125,297530000.0,25527.0703125
2018-07-27,25580.220703125,25370.0703125,25520.51953125,25451.060546875,329680000.0,25451.060546875
2018-07-28,,,,,,
2018-07-29,,,,,,
2018-07-30,25500.16015625,25287.380859375,25439.3203125,25306.830078125,296880000.0,25306.830078125
2018-07-31,25490.98046875,25345.2109375,25345.2109375,25415.189453125,348700000.0,25415.189453125
2018-08-01,25488.80078125,25278.3203125,25461.630859375,25333.8203125,315880000.0,25333.8203125
2018-08-02,25360.48046875,25120.0703125,25256.44921875,25326.16015625,307700000.0,25326.16015625
2018-08-03,25467.900390625,25325.169921875,25360.369140625,25462.580078125,239020000.0,25462.580078125
2018-08-04,,,,,,
2018-08-05,,,,,,
2018-08-06,25540.01953125,25381.380859375,25437.4296875,25502.1796875,238990000.0,25502.1796875
2018-08-07,25692.720703125,25551.650390625,25551.650390625,25628.91015625,239910000.0,25628.91015625
2018-08-08,25634.109375,25557.48046875,25615.720703125,25583.75,217770000.0,25583.75
2018-08-09,25613.310546875,25492.689453125,25589.7890625,25509.23046875,214970000.0,25509.23046875
2018-08-10,25401.189453125,25222.880859375,25401.189453125,25313.140625,234480000.0,25313.140625
2018-08-11,,,,,,
2018-08-12,,,,,,
2018-08-13,25381.390625,25153.9296875,25327.189453125,25187.69921875,219990000.0,25187.69921875
2018-08-14,25339.509765625,25201.869140625,25215.689453125,25299.919921875,219210000.0,25299.919921875
2018-08-15,25235.369140625,24965.76953125,25235.369140625,25162.41015625,295810000.0,25162.41015625
2018-08-16,25607.33984375,25294.970703125,25294.970703125,25558.73046875,342430000.0,25558.73046875
2018-08-17,25728.16015625,25521.66015625,25550.80078125,25669.3203125,284160000.0,25669.3203125
2018-08-18,,,,,,
2018-08-19,,,,,,
2018-08-20,25790.169921875,25716.41015625,25727.69921875,25758.689453125,248570000.0,25758.689453125
2018-08-21,25888.8203125,25784.900390625,25786.990234375,25822.2890625,241620000.0,25822.2890625
2018-08-22,25836.16015625,25722.4296875,25825.060546875,25733.599609375,200480000.0,25733.599609375
2018-08-23,25762.560546875,25608.01953125,25714.859375,25656.98046875,213270000.0,25656.98046875
2018-08-24,25826.05078125,25688.580078125,25688.580078125,25790.349609375,200330000.0,25790.349609375
2018-08-25,,,,,,
2018-08-26,,,,,,
2018-08-27,26067.5703125,25882.7109375,25882.7109375,26049.640625,220510000.0,26049.640625
2018-08-28,26122.240234375,26037.849609375,26092.69921875,26064.01953125,211470000.0,26064.01953125
2018-08-29,26167.939453125,26035.30078125,26082.529296875,26124.5703125,214960000.0,26124.5703125
2018-08-30,26104.369140625,25934.80078125,26099.009765625,25986.919921875,240440000.0,25986.919921875
2018-08-31,26028.830078125,25879.76953125,25964.849609375,25964.8203125,273440000.0,25964.8203125
2018-09-01,,,,,,
2018-09-02,,,,,,
2018-09-03,,,,,,
2018-09-04,25971.76953125,25805.94921875,25916.0703125,25952.48046875,254600000.0,25952.48046875
2018-09-05,26011.220703125,25871.0390625,25919.83984375,25974.990234375,289210000.0,25974.990234375
2018-09-06,26073.6796875,25880.83984375,25973.01953125,25995.869140625,262380000.0,25995.869140625
2018-09-07,26002.990234375,25818.390625,25951.01953125,25916.5390625,281350000.0,25916.5390625
2018-09-08,,,,,,
2018-09-09,,,,,,
2018-09-10,26039.9609375,25854.130859375,25991.91015625,25857.0703125,252170000.0,25857.0703125
2018-09-11,26019.919921875,25754.3203125,25841.140625,25971.060546875,265960000.0,25971.060546875
2018-09-12,26145.720703125,25929.4296875,25989.0703125,25998.919921875,282770000.0,25998.919921875
2018-09-13,26191.640625,26067.080078125,26083.939453125,26145.990234375,260800000.0,26145.990234375
2018-09-14,26211.109375,26068.2890625,26169.560546875,26154.669921875,228640000.0,26154.669921875
2018-09-15,,,,,,
2018-09-16,,,,,,
2018-09-17,26184.470703125,26030.349609375,26151.66015625,26062.119140625,230230000.0,26062.119140625
2018-09-18,26317.33984375,26076.2109375,26076.2109375,26246.9609375,243000000.0,26246.9609375
2018-09-19,26464.41015625,26280.759765625,26287.83984375,26405.759765625,251330000.0,26405.759765625
2018-09-20,26697.490234375,26519.390625,26519.390625,26656.98046875,260480000.0,26656.98046875
2018-09-21,26769.16015625,26680.369140625,26726.25,26743.5,657620000.0,26743.5
2018-09-22,,,,,,
2018-09-23,,,,,,
2018-09-24,26709.939453125,26548.6796875,26705.25,26562.05078125,254850000.0,26562.05078125
2018-09-25,26634.849609375,26475.580078125,26601.580078125,26492.2109375,234110000.0,26492.2109375
2018-09-26,26606.08984375,26349.33984375,26536.859375,26385.279296875,262620000.0,26385.279296875
2018-09-27,26557.009765625,26379.94921875,26418.26953125,26439.9296875,226350000.0,26439.9296875
2018-09-28,26515.759765625,26383.5703125,26407.66015625,26458.310546875,264030000.0,26458.310546875
2018-09-29,,,,,,
2018-09-30,,,,,,
2018-10-01,26737.98046875,26596.05078125,26598.359375,26651.2109375,238320000.0,26651.2109375
2018-10-02,26824.779296875,26627.66015625,26648.91015625,26773.939453125,258290000.0,26773.939453125
2018-10-03,26951.810546875,26789.080078125,26833.470703125,26828.390625,280130000.0,26828.390625
2018-10-04,26793.8203125,26471.609375,26784.080078125,26627.48046875,289600000.0,26627.48046875
2018-10-05,26676.16015625,26301.810546875,26632.76953125,26447.05078125,267100000.0,26447.05078125
2018-10-06,,,,,,
2018-10-07,,,,,,
2018-10-08,26529.349609375,26223.08984375,26399.44921875,26486.779296875,273020000.0,26486.779296875
2018-10-09,26539.939453125,26324.16015625,26469.189453125,26430.5703125,282560000.0,26430.5703125
2018-10-10,26487.869140625,25567.099609375,26441.73046875,25598.740234375,438200000.0,25598.740234375
2018-10-11,25683.640625,24899.76953125,25518.390625,25052.830078125,522880000.0,25052.830078125
2018-10-12,25467.55078125,25000.830078125,25407.630859375,25339.990234375,397510000.0,25339.990234375
2018-10-13,,,,,,
2018-10-14,,,,,,
2018-10-15,25482.419921875,25243.880859375,25332.4609375,25250.55078125,287320000.0,25250.55078125
2018-10-16,25817.6796875,25351.529296875,25351.529296875,25798.419921875,305800000.0,25798.419921875
2018-10-17,25810.08984375,25479.16015625,25705.869140625,25706.6796875,298210000.0,25706.6796875
2018-10-18,25691.4609375,25236.009765625,25645.560546875,25379.44921875,328020000.0,25379.44921875
2018-10-19,25608.7109375,25350.01953125,25421.08984375,25444.33984375,350810000.0,25444.33984375
2018-10-20,,,,,,
2018-10-21,,,,,,
2018-10-22,25561.33984375,25236.05078125,25492.140625,25317.41015625,314940000.0,25317.41015625
2018-10-23,25307.69921875,24768.7890625,25038.4609375,25191.4296875,436430000.0,25191.4296875
2018-10-24,25306.23046875,24533.189453125,25172.880859375,24583.419921875,496400000.0,24583.419921875
2018-10-25,25104.2890625,24645.560546875,24736.5390625,24984.55078125,439670000.0,24984.55078125
2018-10-26,24916.16015625,24445.189453125,24770.25,24688.310546875,505310000.0,24688.310546875
2018-10-27,,,,,,
2018-10-28,,,,,,
2018-10-29,25040.580078125,24122.23046875,24818.98046875,24442.919921875,443850000.0,24442.919921875
2018-10-30,24906.6796875,24415.689453125,24482.0390625,24874.640625,470050000.0,24874.640625
2018-10-31,25336.55078125,25008.8203125,25008.8203125,25115.759765625,448930000.0,25115.759765625
2018-11-01,25396.470703125,25108.109375,25142.080078125,25380.740234375,383970000.0,25380.740234375
2018-11-02,25578.98046875,25078.720703125,25443.599609375,25270.830078125,429480000.0,25270.830078125
2018-11-03,,,,,,
2018-11-04,,,,,,
2018-11-05,25507.349609375,25261.470703125,25261.470703125,25461.69921875,334740000.0,25461.69921875
2018-11-06,25651.859375,25444.900390625,25452.830078125,25635.009765625,265450000.0,25635.009765625
2018-11-07,26200.140625,25765.880859375,25788.4609375,26180.30078125,361780000.0,26180.30078125
2018-11-08,26277.8203125,26081.900390625,26139.58984375,26191.220703125,295650000.0,26191.220703125
2018-11-09,26161.490234375,25882.91015625,26149.109375,25989.30078125,324450000.0,25989.30078125
2018-11-10,,,,,,
2018-11-11,,,,,,
2018-11-12,25966.7109375,25340.509765625,25959.330078125,25387.1796875,346910000.0,25387.1796875
2018-11-13,25511.029296875,25193.779296875,25321.2109375,25286.490234375,339690000.0,25286.490234375
2018-11-14,25501.2890625,24935.8203125,25388.080078125,25080.5,384240000.0,25080.5
2018-11-15,25354.560546875,24787.7890625,25061.48046875,25289.26953125,392750000.0,25289.26953125
2018-11-16,25510.23046875,25147.80078125,25242.349609375,25413.220703125,354460000.0,25413.220703125
2018-11-17,,,,,,
2018-11-18,,,,,,
2018-11-19,25392.609375,24900.98046875,25392.609375,25017.439453125,358090000.0,25017.439453125
2018-11-20,24707.259765625,24368.98046875,24618.6796875,24465.640625,445920000.0,24465.640625
2018-11-21,24669.7890625,24463.279296875,24541.650390625,24464.689453125,289370000.0,24464.689453125
2018-11-22,,,,,,
2018-11-23,24408.80078125,24268.740234375,24336.400390625,24285.94921875,155940000.0,24285.94921875
2018-11-24,,,,,,
2018-11-25,,,,,,
2018-11-26,24673.2890625,24364.130859375,24364.130859375,24640.240234375,306280000.0,24640.240234375
2018-11-27,24750.73046875,24416.029296875,24557.01953125,24748.73046875,308250000.0,24748.73046875
2018-11-28,25368.9296875,24832.83984375,24832.83984375,25366.4296875,362160000.0,25366.4296875
2018-11-29,25479.0390625,25202.7890625,25343.650390625,25338.83984375,305110000.0,25338.83984375
2018-11-30,25549.7109375,25250.970703125,25307.140625,25538.4609375,482250000.0,25538.4609375
2018-12-01,,,,,,
2018-12-02,,,,,,
2018-12-03,25980.2109375,25670.509765625,25779.5703125,25826.4296875,388480000.0,25826.4296875
2018-12-04,25773.119140625,25008.109375,25752.560546875,25027.0703125,418900000.0,25027.0703125
2018-12-05,,,,,,
2018-12-06,24951.009765625,24242.220703125,24737.419921875,24947.669921875,471690000.0,24947.669921875
2018-12-07,25095.619140625,24284.779296875,24918.8203125,24388.94921875,398230000.0,24388.94921875
2018-12-08,,,,,,
2018-12-09,,,,,,
2018-12-10,24500.810546875,23881.369140625,24360.94921875,24423.259765625,389690000.0,24423.259765625
2018-12-11,24791.259765625,24221.060546875,24719.91015625,24370.240234375,342960000.0,24370.240234375
2018-12-12,24828.2890625,24509.08984375,24509.08984375,24527.26953125,344330000.0,24527.26953125
2018-12-13,24740.9609375,24473.2890625,24575.859375,24597.380859375,299970000.0,24597.380859375
2018-12-14,24431.140625,24033.7890625,24408.0390625,24100.509765625,416940000.0,24100.509765625
2018-12-15,,,,,,
2018-12-16,,,,,,
2018-12-17,24088.080078125,23456.880859375,23986.830078125,23592.98046875,466740000.0,23592.98046875
2018-12-18,23927.76953125,23516.01953125,23769.130859375,23675.640625,408070000.0,23675.640625
2018-12-19,24057.33984375,23162.640625,23693.330078125,23323.66015625,503550000.0,23323.66015625
2018-12-20,23282.19921875,22644.310546875,23224.119140625,22859.599609375,576700000.0,22859.599609375
2018-12-21,23254.58984375,22396.33984375,22871.740234375,22445.369140625,900510000.0,22445.369140625
2018-12-22,,,,,,
2018-12-23,,,,,,
2018-12-24,22339.869140625,21792.19921875,22317.279296875,21792.19921875,308420000.0,21792.19921875
2018-12-25,,,,,,
2018-12-26,22878.919921875,21712.529296875,21857.73046875,22878.44921875,433080000.0,22878.44921875
2018-12-27,23138.890625,22267.419921875,22629.060546875,23138.8203125,407940000.0,23138.8203125
2018-12-28,23381.880859375,22981.330078125,23213.609375,23062.400390625,336510000.0,23062.400390625
2018-12-29,,,,,,
2018-12-30,,,,,,
2018-12-31,23333.1796875,23118.30078125,23153.939453125,23327.4609375,288830000.0,23327.4609375
2019-01-01,,,,,,
2019-01-02,23413.470703125,22928.58984375,23058.609375,23346.240234375,321570000.0,23346.240234375
2019-01-03,23176.390625,22638.41015625,23176.390625,22686.220703125,424240000.0,22686.220703125
2019-01-04,23518.640625,22894.919921875,22894.919921875,23433.16015625,396020000.0,23433.16015625
2019-01-05,,,,,,
2019-01-06,,,,,,
2019-01-07,23687.740234375,23301.58984375,23474.259765625,23531.349609375,334200000.0,23531.349609375
2019-01-08,23864.650390625,23581.44921875,23680.3203125,23787.44921875,317420000.0,23787.44921875
2019-01-09,24084.7109375,23703.16015625,23844.26953125,23879.119140625,324570000.0,23879.119140625
2019-01-10,24014.779296875,23703.25,23811.109375,24001.919921875,338150000.0,24001.919921875
2019-01-11,23996.3203125,23798.16015625,23940.009765625,23995.94921875,262650000.0,23995.94921875
2019-01-12,,,,,,
2019-01-13,,,,,,
2019-01-14,23964.900390625,23765.240234375,23880.529296875,23909.83984375,277560000.0,23909.83984375
2019-01-15,24099.140625,23887.9296875,23914.109375,24065.58984375,291570000.0,24065.58984375
2019-01-16,24288.609375,24119.720703125,24139.91015625,24207.16015625,302830000.0,24207.16015625
2019-01-17,24474.4609375,24088.900390625,24147.08984375,24370.099609375,288590000.0,24370.099609375
2019-01-18,24750.220703125,24459.029296875,24534.189453125,24706.349609375,372970000.0,24706.349609375
2019-01-19,,,,,,
2019-01-20,,,,,,
2019-01-21,,,,,,
2019-01-22,24607.759765625,24244.310546875,24607.759765625,24404.48046875,338480000.0,24404.48046875
2019-01-23,24700.98046875,24307.169921875,24577.25,24575.619140625,318600000.0,24575.619140625
2019-01-24,24626.30078125,24422.73046875,24579.9609375,24553.240234375,320170000.0,24553.240234375
2019-01-25,24860.150390625,24676.75,24687.2109375,24737.19921875,376890000.0,24737.19921875
2019-01-26,,,,,,
2019-01-27,,,,,,
2019-01-28,24596.98046875,24323.939453125,24596.98046875,24528.220703125,347170000.0,24528.220703125
2019-01-29,24674.869140625,24504.0390625,24519.619140625,24579.9609375,330870000.0,24579.9609375
2019-01-30,25109.619140625,24790.900390625,24826.51953125,25014.859375,397330000.0,25014.859375
2019-01-31,25049.619140625,24842.08984375,24954.48046875,24999.669921875,507350000.0,24999.669921875
2019-02-01,25193.150390625,24982.490234375,25025.310546875,25063.890625,372090000.0,25063.890625
2019-02-02,,,,,,
2019-02-03,,,,,,
2019-02-04,25239.91015625,24977.669921875,25062.119140625,25239.369140625,298540000.0,25239.369140625
2019-02-05,25427.3203125,25287.650390625,25287.9296875,25411.51953125,310650000.0,25411.51953125
2019-02-06,25439.0390625,25312.060546875,25371.5703125,25390.30078125,247590000.0,25390.30078125
2019-02-07,25314.259765625,25000.51953125,25265.810546875,25169.529296875,295460000.0,25169.529296875
2019-02-08,25106.390625,24883.0390625,25042.359375,25106.330078125,248210000.0,25106.330078125
2019-02-09,,,,,,
2019-02-10,,,,,,
2019-02-11,25196.75,25009.099609375,25142.810546875,25053.109375,241700000.0,25053.109375
2019-02-12,25458.98046875,25152.029296875,25152.029296875,25425.759765625,278110000.0,25425.759765625
2019-02-13,25625.94921875,25480.859375,25480.859375,25543.26953125,263330000.0,25543.26953125
2019-02-14,25558.900390625,25308.08984375,25460.650390625,25439.390625,313010000.0,25439.390625
2019-02-15,25883.720703125,25564.630859375,25564.630859375,25883.25,328530000.0,25883.25
2019-02-16,,,,,,
2019-02-17,,,,,,
2019-02-18,,,,,,
2019-02-19,25961.439453125,25820.009765625,25849.849609375,25891.3203125,280620000.0,25891.3203125
2019-02-20,25986.19921875,25846.48046875,25872.259765625,25954.439453125,287880000.0,25954.439453125
2019-02-21,25938.880859375,25762.2109375,25922.41015625,25850.630859375,255710000.0,25850.630859375
2019-02-22,26052.900390625,25906.26953125,25906.26953125,26031.810546875,279760000.0,26031.810546875
2019-02-23,,,,,,
2019-02-24,,,,,,
2019-02-25,26241.419921875,26080.66015625,26126.150390625,26091.94921875,281600000.0,26091.94921875
2019-02-26,26155.2890625,25966.009765625,26051.609375,26057.98046875,257850000.0,26057.98046875
2019-02-27,26039.6796875,25877.240234375,25995.599609375,25985.16015625,255380000.0,25985.16015625
2019-02-28,26029.2109375,25896.560546875,25984.279296875,25916.0,338520000.0,25916.0
2019-03-01,26143.919921875,25914.369140625,26019.669921875,26026.3203125,289890000.0,26026.3203125
2019-03-02,,,,,,
2019-03-03,,,,,,
2019-03-04,26155.98046875,25611.55078125,26122.189453125,25819.650390625,295510000.0,25819.650390625
2019-03-05,25877.150390625,25725.630859375,25829.0703125,25806.630859375,252260000.0,25806.630859375
2019-03-06,25837.609375,25633.7109375,25818.759765625,25673.4609375,256250000.0,25673.4609375
2019-03-07,25645.44921875,25352.55078125,25645.44921875,25473.23046875,289140000.0,25473.23046875
2019-03-08,25466.140625,25252.4609375,25347.380859375,25450.240234375,270500000.0,25450.240234375
2019-03-09,,,,,,
2019-03-10,,,,,,
2019-03-11,25661.630859375,25208.0,25208.0,25650.880859375,309790000.0,25650.880859375
2019-03-12,25675.439453125,25522.169921875,25600.30078125,25554.66015625,317730000.0,25554.66015625
2019-03-13,25776.490234375,25571.310546875,25637.23046875,25702.890625,331410000.0,25702.890625
2019-03-14,25752.83984375,25621.310546875,25692.310546875,25709.939453125,302790000.0,25709.939453125
2019-03-15,25927.91015625,25649.69921875,25720.9609375,25848.869140625,616910000.0,25848.869140625
2019-03-16,,,,,,
2019-03-17,,,,,,
2019-03-18,25924.76953125,25785.66015625,25801.880859375,25914.099609375,303170000.0,25914.099609375
2019-03-19,26109.6796875,25814.919921875,25987.869140625,25887.380859375,342250000.0,25887.380859375
2019-03-20,25929.51953125,25670.630859375,25867.7890625,25745.669921875,321980000.0,25745.669921875
2019-03-21,26009.900390625,25657.779296875,25688.439453125,25962.509765625,335250000.0,25962.509765625
2019-03-22,25877.009765625,25501.44921875,25844.650390625,25502.3203125,386510000.0,25502.3203125
2019-03-23,,,,,,
2019-03-24,,,,,,
2019-03-25,25603.26953125,25372.259765625,25490.720703125,25516.830078125,303120000.0,25516.830078125
2019-03-26,25796.2890625,25544.779296875,25649.560546875,25657.73046875,305110000.0,25657.73046875
2019-03-27,25758.169921875,25425.26953125,25676.33984375,25625.58984375,270340000.0,25625.58984375
2019-03-28,25743.41015625,25576.689453125,25693.3203125,25717.4609375,237170000.0,25717.4609375
2019-03-29,25949.3203125,25771.669921875,25827.310546875,25928.6796875,300620000.0,25928.6796875
2019-03-30,,,,,,
2019-03-31,,,,,,
2019-04-01,26280.900390625,26071.689453125,26075.099609375,26258.419921875,295570000.0,26258.419921875
2019-04-02,26221.240234375,26122.310546875,26213.55078125,26179.130859375,250940000.0,26179.130859375
2019-04-03,26282.169921875,26138.470703125,26238.029296875,26218.130859375,271980000.0,26218.130859375
2019-04-04,26398.900390625,26212.779296875,26213.419921875,26384.630859375,233040000.0,26384.630859375
2019-04-05,26487.5703125,26370.8203125,26427.560546875,26424.990234375,229550000.0,26424.990234375
2019-04-06,,,,,,
2019-04-07,,,,,,
2019-04-08,26344.650390625,26246.029296875,26312.669921875,26341.01953125,229380000.0,26341.01953125
2019-04-09,26246.33984375,26103.140625,26243.5390625,26150.580078125,244410000.0,26150.580078125
2019-04-10,26209.490234375,26101.240234375,26173.7109375,26157.16015625,203130000.0,26157.16015625
2019-04-11,26229.880859375,26062.58984375,26188.2109375,26143.05078125,211680000.0,26143.05078125
2019-04-12,26436.6796875,26309.720703125,26357.7890625,26412.30078125,369910000.0,26412.30078125
2019-04-13,,,,,,
2019-04-14,,,,,,
2019-04-15,26424.849609375,26316.419921875,26407.759765625,26384.76953125,250620000.0,26384.76953125
2019-04-16,26530.7109375,26397.189453125,26482.189453125,26452.66015625,302340000.0,26452.66015625
2019-04-17,26501.01953125,26391.859375,26468.529296875,26449.5390625,367780000.0,26449.5390625
2019-04-18,26602.419921875,26444.529296875,26463.369140625,26559.5390625,332850000.0,26559.5390625
2019-04-19,,,,,,
2019-04-20,,,,,,
2019-04-21,,,,,,
2019-04-22,26553.05078125,26458.609375,26510.76953125,26511.05078125,232570000.0,26511.05078125
2019-04-23,26695.9609375,26503.560546875,26513.830078125,26656.390625,311690000.0,26656.390625
2019-04-24,26680.580078125,26582.859375,26652.560546875,26597.05078125,283370000.0,26597.05078125
2019-04-25,26536.48046875,26310.279296875,26426.369140625,26462.080078125,296730000.0,26462.080078125
2019-04-26,26543.560546875,26392.55078125,26454.619140625,26543.330078125,317290000.0,26543.330078125
2019-04-27,,,,,,
2019-04-28,,,,,,
2019-04-29,26602.5390625,26520.75,26559.869140625,26554.390625,279450000.0,26554.390625
2019-04-30,26614.0390625,26419.470703125,26594.560546875,26592.91015625,340320000.0,26592.91015625
2019-05-01,26689.390625,26426.380859375,26639.060546875,26430.140625,303850000.0,26430.140625
2019-05-02,26454.689453125,26180.359375,26407.150390625,26307.7890625,287610000.0,26307.7890625
2019-05-03,26534.9609375,26370.08984375,26379.140625,26504.94921875,248900000.0,26504.94921875
2019-05-04,,,,,,
2019-05-05,,,,,,
2019-05-06,26476.26953125,26033.94921875,26160.619140625,26438.48046875,283020000.0,26438.48046875
2019-05-07,26276.900390625,25789.7109375,26276.900390625,25965.08984375,334960000.0,25965.08984375
2019-05-08,26118.099609375,25889.41015625,25933.7890625,25967.330078125,276420000.0,25967.330078125
2019-05-09,25884.890625,25517.390625,25878.849609375,25828.359375,334760000.0,25828.359375
2019-05-10,26019.3203125,25469.859375,25763.720703125,25942.369140625,294580000.0,25942.369140625
2019-05-11,,,,,,
2019-05-12,,,,,,
2019-05-13,25568.060546875,25222.509765625,25568.060546875,25324.990234375,361240000.0,25324.990234375
2019-05-14,25688.9609375,25384.029296875,25384.029296875,25532.05078125,291570000.0,25532.05078125
2019-05-15,25724.890625,25341.939453125,25400.130859375,25648.01953125,270720000.0,25648.01953125
2019-05-16,25957.630859375,25692.140625,25692.140625,25862.6796875,320960000.0,25862.6796875
2019-05-17,25948.740234375,25657.779296875,25719.94921875,25764.0,283760000.0,25764.0
2019-05-18,,,,,,
2019-05-19,,,,,,
2019-05-20,25751.7109375,25560.55078125,25655.310546875,25679.900390625,279560000.0,25679.900390625
2019-05-21,25898.26953125,25779.609375,25782.33984375,25877.330078125,260870000.0,25877.330078125
2019-05-22,25878.2109375,25755.109375,25818.4609375,25776.609375,241760000.0,25776.609375
2019-05-23,25657.990234375,25328.08984375,25657.990234375,25490.470703125,316940000.0,25490.470703125
2019-05-24,25670.810546875,25496.19921875,25551.0703125,25585.689453125,201370000.0,25585.689453125
2019-05-25,,,,,,
2019-05-26,,,,,,
2019-05-27,,,,,,
2019-05-28,25717.630859375,25342.279296875,25616.55078125,25347.76953125,358980000.0,25347.76953125
2019-05-29,25231.4609375,24938.240234375,25231.4609375,25126.41015625,298930000.0,25126.41015625
2019-05-30,25218.5390625,25066.75,25139.939453125,25169.880859375,215240000.0,25169.880859375
2019-05-31,25046.310546875,24809.509765625,25046.310546875,24815.0390625,292230000.0,24815.0390625
2019-06-01,,,,,,
2019-06-02,,,,,,
2019-06-03,24935.2109375,24680.5703125,24830.16015625,24819.779296875,328240000.0,24819.779296875
2019-06-04,25343.76953125,24962.8203125,24962.8203125,25332.1796875,281690000.0,25332.1796875
2019-06-05,25544.66015625,25373.580078125,25451.0,25539.5703125,262660000.0,25539.5703125
2019-06-06,25800.30078125,25518.05078125,25567.44921875,25720.66015625,248070000.0,25720.66015625
2019-06-07,26072.75,25768.720703125,25768.720703125,25983.939453125,263010000.0,25983.939453125
2019-06-08,,,,,,
2019-06-09,,,,,,
2019-06-10,26210.609375,26054.310546875,26090.220703125,26062.6796875,249280000.0,26062.6796875
2019-06-11,26248.669921875,25998.869140625,26180.58984375,26048.509765625,253490000.0,26048.509765625
2019-06-12,26082.099609375,25958.66015625,26040.30078125,26004.830078125,223690000.0,26004.830078125
2019-06-13,26146.91015625,25995.7109375,26036.939453125,26106.76953125,213400000.0,26106.76953125
2019-06-14,26162.279296875,25988.08984375,26076.359375,26089.609375,208020000.0,26089.609375
2019-06-15,,,,,,
2019-06-16,,,,,,
2019-06-17,26165.779296875,26049.80078125,26108.529296875,26112.529296875,199500000.0,26112.529296875
2019-06-18,26527.189453125,26227.80078125,26228.900390625,26465.5390625,273490000.0,26465.5390625
2019-06-19,26569.75,26415.05078125,26490.16015625,26504.0,240950000.0,26504.0
2019-06-20,26798.630859375,26539.689453125,26665.380859375,26753.169921875,278170000.0,26753.169921875
2019-06-21,26907.369140625,26705.869140625,26749.119140625,26719.130859375,485560000.0,26719.130859375
2019-06-22,,,,,,
2019-06-23,,,,,,
2019-06-24,26806.51953125,26723.369140625,26727.609375,26727.5390625,232390000.0,26727.5390625
2019-06-25,26752.310546875,26527.66015625,26731.609375,26548.220703125,282160000.0,26548.220703125
2019-06-26,26660.0390625,26536.330078125,26599.419921875,26536.8203125,274340000.0,26536.8203125
2019-06-27,26607.240234375,26465.3203125,26523.720703125,26526.580078125,246930000.0,26526.580078125
2019-06-28,26638.349609375,26522.26953125,26605.9296875,26599.9609375,499350000.0,26599.9609375
2019-06-29,,,,,,
2019-06-30,,,,,,
2019-07-01,26890.640625,26616.2109375,26805.859375,26717.4296875,267670000.0,26717.4296875
2019-07-02,26787.560546875,26632.650390625,26719.529296875,26786.6796875,219270000.0,26786.6796875
2019-07-03,26966.0,26831.439453125,26832.3203125,26966.0,149840000.0,26966.0
2019-07-04,,,,,,
2019-07-05,26950.810546875,26733.330078125,26867.75,26922.119140625,192170000.0,26922.119140625
2019-07-06,,,,,,
2019-07-07,,,,,,
2019-07-08,26839.140625,26744.869140625,26835.640625,26806.140625,214290000.0,26806.140625
2019-07-09,26807.69921875,26665.5703125,26725.119140625,26783.490234375,218330000.0,26783.490234375
2019-07-10,26983.44921875,26813.109375,26851.9609375,26860.19921875,207990000.0,26860.19921875
2019-07-11,27088.44921875,26916.3203125,26950.16015625,27088.080078125,252300000.0,27088.080078125
2019-07-12,27333.7890625,27135.44921875,27139.490234375,27332.029296875,248390000.0,27332.029296875
2019-07-13,,,,,,
2019-07-14,,,,,,
2019-07-15,27364.689453125,27294.169921875,27364.689453125,27359.16015625,199730000.0,27359.16015625
2019-07-16,27398.6796875,27290.240234375,27349.3203125,27335.630859375,226000000.0,27335.630859375
2019-07-17,27343.060546875,27218.380859375,27320.91015625,27219.849609375,193930000.0,27219.849609375
2019-07-18,27266.810546875,27068.7890625,27191.98046875,27222.970703125,216070000.0,27222.970703125
2019-07-19,27342.9609375,27145.779296875,27246.380859375,27154.19921875,287690000.0,27154.19921875
2019-07-20,,,,,,
2019-07-21,,,,,,
2019-07-22,27227.76953125,27088.900390625,27174.1796875,27171.900390625,216310000.0,27171.900390625
2019-07-23,27368.810546875,27204.580078125,27231.859375,27349.189453125,248850000.0,27349.189453125
2019-07-24,27291.0390625,27191.119140625,27262.240234375,27269.970703125,244320000.0,27269.970703125
2019-07-25,27298.4296875,27062.48046875,27247.390625,27140.98046875,241420000.0,27140.98046875
2019-07-26,27213.69921875,27123.25,27166.0,27192.44921875,233650000.0,27192.44921875
2019-07-27,,,,,,
2019-07-28,,,,,,
2019-07-29,27275.849609375,27178.060546875,27192.240234375,27221.349609375,250850000.0,27221.349609375
2019-07-30,27224.359375,27069.859375,27145.390625,27198.01953125,293250000.0,27198.01953125
2019-07-31,27281.650390625,26719.599609375,27244.669921875,26864.26953125,385150000.0,26864.26953125
2019-08-01,27175.58984375,26548.7109375,26879.859375,26583.419921875,386320000.0,26583.419921875
2019-08-02,26570.01953125,26249.220703125,26528.66015625,26485.009765625,327640000.0,26485.009765625
2019-08-03,,,,,,
2019-08-04,,,,,,
2019-08-05,26259.23046875,25523.380859375,26259.23046875,25717.740234375,422240000.0,25717.740234375
2019-08-06,26038.6796875,25710.869140625,25810.619140625,26029.51953125,318160000.0,26029.51953125
2019-08-07,26073.2109375,25440.390625,25814.220703125,26007.0703125,344790000.0,26007.0703125
2019-08-08,26383.609375,26038.099609375,26086.51953125,26378.189453125,282530000.0,26378.189453125
2019-08-09,26413.359375,26097.640625,26337.08984375,26287.439453125,240260000.0,26287.439453125
2019-08-10,,,,,,
2019-08-11,,,,,,
2019-08-12,26178.94921875,25824.939453125,26169.91015625,25896.439453125,199390000.0,25896.439453125
2019-08-13,26426.970703125,25833.25,25888.880859375,26279.91015625,308900000.0,26279.91015625
2019-08-14,26035.080078125,25471.58984375,26035.080078125,25479.419921875,352250000.0,25479.419921875
2019-08-15,25639.689453125,25339.599609375,25514.25,25579.390625,332600000.0,25579.390625
2019-08-16,25929.650390625,25678.169921875,25678.169921875,25886.009765625,276210000.0,25886.009765625
2019-08-17,,,,,,
2019-08-18,,,,,,
2019-08-19,26222.3203125,26020.060546875,26020.060546875,26135.7890625,252640000.0,26135.7890625
2019-08-20,26160.119140625,25952.0,26086.859375,25962.439453125,238100000.0,25962.439453125
2019-08-21,26268.3203125,26141.76953125,26145.359375,26202.73046875,208790000.0,26202.73046875
2019-08-22,26388.779296875,26099.009765625,26271.640625,26252.240234375,222810000.0,26252.240234375
2019-08-23,26320.2890625,25507.1796875,26134.2109375,25628.900390625,364260000.0,25628.900390625
2019-08-24,,,,,,
2019-08-25,,,,,,
2019-08-26,25941.25,25716.390625,25826.05078125,25898.830078125,222780000.0,25898.830078125
2019-08-27,26054.01953125,25721.849609375,26014.4609375,25777.900390625,263530000.0,25777.900390625
2019-08-28,26041.5703125,25637.4296875,25712.990234375,26036.099609375,207070000.0,26036.099609375
2019-08-29,26408.83984375,26185.7109375,26249.08984375,26362.25,208650000.0,26362.25
2019-08-30,26514.619140625,26295.58984375,26476.390625,26403.279296875,216160000.0,26403.279296875
2019-08-31,,,,,,
2019-09-01,,,,,,
2019-09-02,,,,,,
2019-09-03,26198.259765625,25978.220703125,26198.259765625,26118.01953125,223210000.0,26118.01953125
2019-09-04,26362.349609375,26244.439453125,26301.990234375,26355.470703125,202710000.0,26355.470703125
2019-09-05,26836.30078125,26603.150390625,26603.150390625,26728.150390625,256670000.0,26728.150390625
2019-09-06,26860.869140625,26708.390625,26790.25,26797.4609375,209700000.0,26797.4609375
2019-09-07,,,,,,
2019-09-08,,,,,,
2019-09-09,26900.830078125,26762.1796875,26866.23046875,26835.509765625,273120000.0,26835.509765625
2019-09-10,26909.4296875,26717.05078125,26805.830078125,26909.4296875,322340000.0,26909.4296875
2019-09-11,27137.0390625,26885.48046875,26928.05078125,27137.0390625,272590000.0,27137.0390625
2019-09-12,27306.73046875,27105.009765625,27197.3203125,27182.44921875,250010000.0,27182.44921875
2019-09-13,27277.55078125,27193.94921875,27216.669921875,27219.51953125,255260000.0,27219.51953125
2019-09-14,,,,,,
2019-09-15,,,,,,
2019-09-16,27172.869140625,27032.560546875,27146.060546875,27076.8203125,220620000.0,27076.8203125
2019-09-17,27110.80078125,26984.140625,27010.119140625,27110.80078125,223580000.0,27110.80078125
2019-09-18,27161.9296875,26899.150390625,27075.390625,27147.080078125,212860000.0,27147.080078125
2019-09-19,27272.169921875,27064.2109375,27186.05078125,27094.7890625,212360000.0,27094.7890625
2019-09-20,27194.75,26926.6796875,27102.1796875,26935.0703125,497640000.0,26935.0703125
2019-09-21,,,,,,
2019-09-22,,,,,,
2019-09-23,27011.0703125,26831.33984375,26851.44921875,26949.990234375,204240000.0,26949.990234375
2019-09-24,27079.6796875,26704.9609375,27034.0703125,26807.76953125,301750000.0,26807.76953125
2019-09-25,27016.560546875,26755.859375,26866.7109375,26970.7109375,237220000.0,26970.7109375
2019-09-26,27015.0703125,26803.83984375,27004.109375,26891.119140625,229180000.0,26891.119140625
2019-09-27,27012.5390625,26715.8203125,26987.259765625,26820.25,217780000.0,26820.25
2019-09-28,,,,,,
2019-09-29,,,,,,
2019-09-30,26998.859375,26852.330078125,26852.330078125,26916.830078125,222680000.0,26916.830078125
2019-10-01,27046.2109375,26562.220703125,26962.5390625,26573.0390625,260110000.0,26573.0390625
2019-10-02,26438.0390625,25974.119140625,26425.859375,26078.619140625,309640000.0,26078.619140625
2019-10-03,26205.19921875,25743.4609375,26039.01953125,26201.0390625,241610000.0,26201.0390625
2019-10-04,26590.740234375,26271.69921875,26271.69921875,26573.720703125,221310000.0,26573.720703125
2019-10-05,,,,,,
2019-10-06,,,,,,
2019-10-07,26655.83984375,26424.5390625,26502.330078125,26478.01953125,195200000.0,26478.01953125
2019-10-08,26421.810546875,26139.80078125,26276.58984375,26164.0390625,244590000.0,26164.0390625
2019-10-09,26424.310546875,26249.75,26308.23046875,26346.009765625,190060000.0,26346.009765625
2019-10-10,26603.310546875,26314.509765625,26317.349609375,26496.669921875,217680000.0,26496.669921875
2019-10-11,27013.970703125,26694.19921875,26694.19921875,26816.58984375,282080000.0,26816.58984375
2019-10-12,,,,,,
2019-10-13,,,,,,
2019-10-14,26874.330078125,26749.1796875,26766.4296875,26787.359375,178620000.0,26787.359375
2019-10-15,27120.109375,26811.19921875,26811.19921875,27024.80078125,245510000.0,27024.80078125
2019-10-16,27058.33984375,26943.2890625,26972.310546875,27001.98046875,214660000.0,27001.98046875
2019-10-17,27112.16015625,26970.2890625,27032.380859375,27025.880859375,222540000.0,27025.880859375
2019-10-18,27018.25,26770.130859375,27004.490234375,26770.19921875,288970000.0,26770.19921875
2019-10-19,,,,,,
2019-10-20,,,,,,
2019-10-21,26852.669921875,26747.619140625,26852.669921875,26827.640625,241030000.0,26827.640625
2019-10-22,26946.640625,26782.609375,26850.4296875,26788.099609375,265510000.0,26788.099609375
2019-10-23,26896.890625,26745.0,26835.240234375,26833.94921875,247680000.0,26833.94921875
2019-10-24,26931.779296875,26714.33984375,26893.9296875,26805.529296875,253590000.0,26805.529296875
2019-10-25,27015.369140625,26765.6796875,26789.609375,26958.060546875,274610000.0,26958.060546875
2019-10-26,,,,,,
2019-10-27,,,,,,
2019-10-28,27167.880859375,27028.7109375,27040.330078125,27090.720703125,290770000.0,27090.720703125
2019-10-29,27165.939453125,27039.759765625,27061.0703125,27071.4609375,269610000.0,27071.4609375
2019-10-30,27204.359375,26999.640625,27110.7109375,27186.689453125,231750000.0,27186.689453125
2019-10-31,27188.369140625,26918.2890625,27188.369140625,27046.23046875,273830000.0,27046.23046875
2019-11-01,27347.4296875,27142.94921875,27142.94921875,27347.359375,270870000.0,27347.359375
2019-11-02,,,,,,
2019-11-03,,,,,,
2019-11-04,27517.580078125,27402.060546875,27402.060546875,27462.109375,273030000.0,27462.109375
2019-11-05,27560.359375,27453.55078125,27500.23046875,27492.630859375,286350000.0,27492.630859375
2019-11-06,27526.05078125,27407.810546875,27502.740234375,27492.560546875,237910000.0,27492.560546875
2019-11-07,27774.669921875,27590.16015625,27590.16015625,27674.80078125,259020000.0,27674.80078125
2019-11-08,27694.94921875,27578.970703125,27686.19921875,27681.240234375,221440000.0,27681.240234375
2019-11-09,,,,,,
2019-11-10,,,,,,
2019-11-11,27714.390625,27517.669921875,27580.66015625,27691.490234375,202350000.0,27691.490234375
2019-11-12,27770.859375,27635.3203125,27701.58984375,27691.490234375,213670000.0,27691.490234375
2019-11-13,27806.400390625,27587.19921875,27622.0390625,27783.58984375,278390000.0,27783.58984375
2019-11-14,27800.7109375,27676.970703125,27757.19921875,27781.9609375,303970000.0,27781.9609375
2019-11-15,28004.890625,27843.5390625,27843.5390625,28004.890625,283720000.0,28004.890625
2019-11-16,,,,,,
2019-11-17,,,,,,
2019-11-18,28040.970703125,27969.240234375,27993.220703125,28036.220703125,252320000.0,28036.220703125
2019-11-19,28090.2109375,27894.51953125,28079.759765625,27934.01953125,245890000.0,27934.01953125
2019-11-20,27897.279296875,27675.279296875,27879.55078125,27821.08984375,258140000.0,27821.08984375
2019-11-21,27828.330078125,27708.33984375,27820.279296875,27766.2890625,232020000.0,27766.2890625
2019-11-22,27898.4609375,27773.98046875,27831.23046875,27875.619140625,214780000.0,27875.619140625
2019-11-23,,,,,,
2019-11-24,,,,,,
2019-11-25,28068.689453125,27917.76953125,27917.76953125,28066.470703125,248420000.0,28066.470703125
2019-11-26,28146.01953125,28042.2109375,28080.75,28121.6796875,324050000.0,28121.6796875
2019-11-27,28174.970703125,28075.23046875,28156.470703125,28164.0,198210000.0,28164.0
2019-11-28,,,,,,
2019-11-29,28119.509765625,28042.529296875,28103.16015625,28051.41015625,120630000.0,28051.41015625
2019-11-30,,,,,,
2019-12-01,,,,,,
2019-12-02,28109.83984375,27782.349609375,28109.740234375,27783.0390625,236610000.0,27783.0390625
2019-12-03,27524.740234375,27325.130859375,27501.98046875,27502.810546875,275350000.0,27502.810546875
2019-12-04,27727.44921875,27612.080078125,27634.630859375,27649.779296875,218200000.0,27649.779296875
2019-12-05,27745.19921875,27562.80078125,27736.05078125,27677.7890625,208600000.0,27677.7890625
2019-12-06,28035.849609375,27839.6796875,27839.6796875,28015.060546875,223310000.0,28015.060546875
2019-12-07,,,,,,
2019-12-08,,,,,,
2019-12-09,28010.419921875,27906.140625,27987.05078125,27909.599609375,217000000.0,27909.599609375
2019-12-10,27949.01953125,27804.0,27900.650390625,27881.720703125,213250000.0,27881.720703125
2019-12-11,27925.5,27801.80078125,27867.310546875,27911.30078125,213510000.0,27911.30078125
2019-12-12,28224.94921875,27859.869140625,27898.33984375,28132.05078125,277740000.0,28132.05078125
2019-12-13,28290.73046875,28028.3203125,28123.640625,28135.380859375,250660000.0,28135.380859375
2019-12-14,,,,,,
2019-12-15,,,,,,
2019-12-16,28337.490234375,28191.669921875,28191.669921875,28235.890625,286770000.0,28235.890625
2019-12-17,28328.630859375,28220.560546875,28221.75,28267.16015625,286770000.0,28267.16015625
2019-12-18,28323.25,28239.279296875,28291.439453125,28239.279296875,289890000.0,28239.279296875
2019-12-19,28381.48046875,28278.240234375,28278.310546875,28376.9609375,262570000.0,28376.9609375
2019-12-20,28608.640625,28445.599609375,28608.640625,28455.08984375,603780000.0,28455.08984375
2019-12-21,,,,,,
2019-12-22,,,,,,
2019-12-23,28582.490234375,28491.779296875,28491.779296875,28551.529296875,223530000.0,28551.529296875
2019-12-24,28576.80078125,28503.2109375,28572.5703125,28515.44921875,86150000.0,28515.44921875
2019-12-25,,,,,,
2019-12-26,28624.099609375,28535.150390625,28539.4609375,28621.390625,155970000.0,28621.390625
2019-12-27,28701.66015625,28608.98046875,28675.33984375,28645.259765625,182280000.0,28645.259765625
2019-12-28,,,,,,
2019-12-29,,,,,,
2019-12-30,28664.689453125,28428.98046875,28654.759765625,28462.140625,181600000.0,28462.140625
2019-12-31,28547.349609375,28376.490234375,28414.640625,28538.439453125,193340000.0,28538.439453125
2020-01-01,,,,,,
2020-01-02,28872.80078125,28627.76953125,28638.970703125,28868.80078125,251820000.0,28868.80078125
2020-01-03,28716.310546875,28500.359375,28553.330078125,28634.880859375,239590000.0,28634.880859375
2020-01-04,,,,,,
2020-01-05,,,,,,
2020-01-06,28708.01953125,28418.630859375,28465.5,28703.380859375,252760000.0,28703.380859375
2020-01-07,28685.5,28565.279296875,28639.1796875,28583.6796875,258900000.0,28583.6796875
2020-01-08,28866.1796875,28522.509765625,28556.140625,28745.08984375,291750000.0,28745.08984375
2020-01-09,28988.009765625,28844.310546875,28851.970703125,28956.900390625,275060000.0,28956.900390625
2020-01-10,29009.0703125,28789.099609375,28977.51953125,28823.76953125,237830000.0,28823.76953125
2020-01-11,,,,,,
2020-01-12,,,,,,
2020-01-13,28909.91015625,28819.4296875,28869.009765625,28907.05078125,249830000.0,28907.05078125
2020-01-14,29054.16015625,28872.26953125,28895.5,28939.669921875,287440000.0,28939.669921875
2020-01-15,29127.58984375,28897.349609375,28901.80078125,29030.220703125,260270000.0,29030.220703125
2020-01-16,29300.3203125,29131.94921875,29131.94921875,29297.640625,252110000.0,29297.640625
2020-01-17,29373.619140625,29289.91015625,29313.310546875,29348.099609375,321820000.0,29348.099609375
2020-01-18,,,,,,
2020-01-19,,,,,,
2020-01-20,,,,,,
2020-01-21,29341.2109375,29146.470703125,29269.05078125,29196.0390625,320640000.0,29196.0390625
2020-01-22,29320.19921875,29172.259765625,29263.630859375,29186.26953125,283440000.0,29186.26953125
2020-01-23,29190.470703125,28966.98046875,29111.01953125,29160.08984375,307060000.0,29160.08984375
2020-01-24,29288.7890625,28843.310546875,29230.390625,28989.73046875,380010000.0,28989.73046875
2020-01-25,,,,,,
2020-01-26,,,,,,
2020-01-27,28671.7890625,28440.470703125,28542.490234375,28535.80078125,337270000.0,28535.80078125
2020-01-28,28823.23046875,28575.75,28594.279296875,28722.849609375,330140000.0,28722.849609375
2020-01-29,28944.240234375,28728.189453125,28820.529296875,28734.44921875,302290000.0,28734.44921875
2020-01-30,28879.7109375,28489.759765625,28640.16015625,28859.439453125,326850000.0,28859.439453125
2020-01-31,28813.0390625,28169.529296875,28813.0390625,28256.029296875,403890000.0,28256.029296875
2020-02-01,,,,,,
2020-02-02,,,,,,
2020-02-03,28630.390625,28319.650390625,28319.650390625,28399.810546875,307910000.0,28399.810546875
2020-02-04,28904.880859375,28696.740234375,28696.740234375,28807.630859375,332750000.0,28807.630859375
2020-02-05,29308.890625,29000.849609375,29048.73046875,29290.849609375,357540000.0,29290.849609375
2020-02-06,29408.05078125,29246.9296875,29388.580078125,29379.76953125,263700000.0,29379.76953125
2020-02-07,29286.919921875,29056.98046875,29286.919921875,29102.509765625,252860000.0,29102.509765625
2020-02-08,,,,,,
2020-02-09,,,,,,
2020-02-10,29278.0703125,28995.66015625,28995.66015625,29276.8203125,250510000.0,29276.8203125
2020-02-11,29415.390625,29210.470703125,29390.7109375,29276.33984375,279540000.0,29276.33984375
2020-02-12,29568.5703125,29406.75,29406.75,29551.419921875,309530000.0,29551.419921875
2020-02-13,29535.400390625,29345.9296875,29436.029296875,29423.310546875,291150000.0,29423.310546875
2020-02-14,29463.0390625,29283.1796875,29440.470703125,29398.080078125,231000000.0,29398.080078125
2020-02-15,,,,,,
2020-02-16,,,,,,
2020-02-17,,,,,,
2020-02-18,29330.16015625,29116.810546875,29282.779296875,29232.189453125,256600000.0,29232.189453125
2020-02-19,29409.08984375,29274.380859375,29312.69921875,29348.029296875,240640000.0,29348.029296875
2020-02-20,29368.44921875,28959.650390625,29296.25,29219.98046875,287780000.0,29219.98046875
2020-02-21,29146.529296875,28892.69921875,29146.529296875,28992.41015625,311210000.0,28992.41015625
2020-02-22,,,,,,
2020-02-23,,,,,,
2020-02-24,28402.9296875,27912.439453125,28402.9296875,27960.80078125,452580000.0,27960.80078125
2020-02-25,28149.19921875,26997.619140625,28037.650390625,27081.359375,513270000.0,27081.359375
2020-02-26,27542.779296875,26890.970703125,27159.4609375,26957.58984375,472450000.0,26957.58984375
2020-02-27,26775.310546875,25752.8203125,26526.0,25766.640625,664980000.0,25766.640625
2020-02-28,25494.240234375,24681.009765625,25270.830078125,25409.359375,915990000.0,25409.359375
2020-02-29,,,,,,
2020-03-01,,,,,,
2020-03-02,26706.169921875,25391.9609375,25590.509765625,26703.3203125,637200000.0,26703.3203125
2020-03-03,27084.58984375,25706.279296875,26762.470703125,25917.41015625,647080000.0,25917.41015625
2020-03-04,27102.33984375,26286.310546875,26383.6796875,27090.859375,457590000.0,27090.859375
2020-03-05,26671.919921875,25943.330078125,26671.919921875,26121.279296875,477370000.0,26121.279296875
2020-03-06,25994.380859375,25226.619140625,25457.2109375,25864.779296875,599780000.0,25864.779296875
2020-03-07,,,,,,
2020-03-08,,,,,,
2020-03-09,24992.359375,23706.0703125,24992.359375,23851.01953125,750430000.0,23851.01953125
2020-03-10,25020.990234375,23690.33984375,24453.0,25018.16015625,654860000.0,25018.16015625
2020-03-11,24604.630859375,23328.3203125,24604.630859375,23553.220703125,663960000.0,23553.220703125
2020-03-12,22837.94921875,21154.4609375,22184.7109375,21200.619140625,908260000.0,21200.619140625
2020-03-13,23189.759765625,21285.369140625,21973.8203125,23185.619140625,843080000.0,23185.619140625
2020-03-14,,,,,,
2020-03-15,,,,,,
2020-03-16,21768.279296875,20116.4609375,20917.529296875,20188.51953125,770130000.0,20188.51953125
2020-03-17,21379.349609375,19882.259765625,20487.05078125,21237.380859375,793060000.0,21237.380859375
2020-03-18,20489.330078125,18917.4609375,20188.689453125,19898.919921875,871360000.0,19898.919921875
2020-03-19,20442.630859375,19177.130859375,19830.009765625,20087.189453125,780300000.0,20087.189453125
2020-03-20,20531.259765625,19094.26953125,20253.150390625,19173.98046875,872290000.0,19173.98046875
2020-03-21,,,,,,
2020-03-22,,,,,,
2020-03-23,19121.009765625,18213.650390625,19028.359375,18591.9296875,787970000.0,18591.9296875
2020-03-24,20737.69921875,19649.25,19722.189453125,20704.91015625,799340000.0,20704.91015625
2020-03-25,22019.9296875,20538.33984375,21050.33984375,21200.55078125,796320000.0,21200.55078125
2020-03-26,22595.060546875,21427.099609375,21468.380859375,22552.169921875,705180000.0,22552.169921875
2020-03-27,22327.5703125,21469.26953125,21898.470703125,21636.779296875,588830000.0,21636.779296875
2020-03-28,,,,,,
2020-03-29,,,,,,
2020-03-30,22378.08984375,21522.080078125,21678.220703125,22327.48046875,545540000.0,22327.48046875
2020-03-31,22480.369140625,21852.080078125,22208.419921875,21917.16015625,571210000.0,21917.16015625
2020-04-01,21487.240234375,20784.4296875,21227.380859375,20943.509765625,506680000.0,20943.509765625
2020-04-02,21477.76953125,20735.01953125,20819.4609375,21413.439453125,529540000.0,21413.439453125
2020-04-03,21447.810546875,20863.08984375,21285.9296875,21052.529296875,450010000.0,21052.529296875
2020-04-04,,,,,,
2020-04-05,,,,,,
2020-04-06,22783.44921875,21693.630859375,21693.630859375,22679.990234375,610760000.0,22679.990234375
2020-04-07,23617.240234375,22634.44921875,23537.439453125,22653.859375,594660000.0,22653.859375
2020-04-08,23513.400390625,22682.990234375,22893.470703125,23433.5703125,472740000.0,23433.5703125
2020-04-09,24008.990234375,23504.08984375,23690.66015625,23719.369140625,566400000.0,23719.369140625
2020-04-10,,,,,,
2020-04-11,,,,,,
2020-04-12,,,,,,
2020-04-13,23698.9296875,23095.349609375,23698.9296875,23390.76953125,394320000.0,23390.76953125
2020-04-14,24040.580078125,23683.439453125,23690.5703125,23949.759765625,485910000.0,23949.759765625
2020-04-15,23649.720703125,23233.3203125,23600.720703125,23504.349609375,437630000.0,23504.349609375
2020-04-16,23598.080078125,23211.380859375,23543.66015625,23537.6796875,471050000.0,23537.6796875
2020-04-17,24264.2109375,23817.150390625,23817.150390625,24242.490234375,525950000.0,24242.490234375
2020-04-18,,,,,,
2020-04-19,,,,,,
2020-04-20,24108.689453125,23627.189453125,24095.099609375,23650.439453125,423410000.0,23650.439453125
2020-04-21,23365.25,22941.880859375,23365.25,23018.880859375,485140000.0,23018.880859375
2020-04-22,23613.099609375,23339.599609375,23437.33984375,23475.8203125,352880000.0,23475.8203125
2020-04-23,23885.359375,23483.349609375,23543.08984375,23515.259765625,389290000.0,23515.259765625
2020-04-24,23826.0,23417.6796875,23628.240234375,23775.26953125,376020000.0,23775.26953125
2020-04-25,,,,,,
2020-04-26,,,,,,
2020-04-27,24207.650390625,23840.609375,23866.150390625,24133.779296875,389390000.0,24133.779296875
2020-04-28,24512.240234375,24031.19921875,24357.169921875,24101.55078125,400250000.0,24101.55078125
2020-04-29,24764.76953125,24453.990234375,24490.369140625,24633.859375,455290000.0,24633.859375
2020-04-30,24585.5703125,24186.900390625,24585.5703125,24345.720703125,487840000.0,24345.720703125
2020-05-01,24120.779296875,23645.30078125,24120.779296875,23723.689453125,418160000.0,23723.689453125
2020-05-02,,,,,,
2020-05-03,,,,,,
2020-05-04,23769.560546875,23361.16015625,23581.55078125,23749.759765625,355360000.0,23749.759765625
2020-05-05,24169.720703125,23868.91015625,23958.880859375,23883.08984375,369710000.0,23883.08984375
2020-05-06,24054.58984375,23661.140625,23978.880859375,23664.640625,377450000.0,23664.640625
2020-05-07,24094.619140625,23834.390625,23837.2109375,23875.890625,369890000.0,23875.890625
2020-05-08,24349.900390625,24107.05078125,24107.8203125,24331.3203125,335760000.0,24331.3203125
2020-05-09,,,,,,
2020-05-10,,,,,,
2020-05-11,24366.2109375,24070.220703125,24256.44921875,24221.990234375,352400000.0,24221.990234375
2020-05-12,24382.08984375,23761.580078125,24292.83984375,23764.779296875,359480000.0,23764.779296875
2020-05-13,23708.900390625,23067.640625,23702.16015625,23247.970703125,469950000.0,23247.970703125
2020-05-14,23630.859375,22789.619140625,23049.060546875,23625.33984375,472700000.0,23625.33984375
2020-05-15,23730.080078125,23354.150390625,23454.830078125,23685.419921875,491510000.0,23685.419921875
2020-05-16,,,,,,
2020-05-17,,,,,,
2020-05-18,24708.5390625,24059.98046875,24059.98046875,24597.369140625,484190000.0,24597.369140625
2020-05-19,24599.5,24202.9609375,24577.48046875,24206.859375,374100000.0,24206.859375
2020-05-20,24649.48046875,24455.939453125,24455.939453125,24575.900390625,366510000.0,24575.900390625
2020-05-21,24718.4609375,24370.880859375,24564.26953125,24474.119140625,346770000.0,24474.119140625
2020-05-22,24481.640625,24294.0703125,24461.98046875,24465.16015625,255660000.0,24465.16015625
2020-05-23,,,,,,
2020-05-24,,,,,,
2020-05-25,,,,,,
2020-05-26,25176.419921875,24781.83984375,24781.83984375,24995.109375,424380000.0,24995.109375
2020-05-27,25551.560546875,25009.869140625,25298.630859375,25548.26953125,411230000.0,25548.26953125
2020-05-28,25758.7890625,25358.73046875,25697.359375,25400.640625,377800000.0,25400.640625
2020-05-29,25482.80078125,25031.669921875,25324.150390625,25383.109375,527620000.0,25383.109375
2020-05-30,,,,,,
2020-05-31,,,,,,
2020-06-01,25508.830078125,25220.66015625,25342.990234375,25475.01953125,338310000.0,25475.01953125
2020-06-02,25743.130859375,25523.740234375,25582.51953125,25742.650390625,352610000.0,25742.650390625
2020-06-03,26337.75,25906.880859375,25906.880859375,26269.890625,398790000.0,26269.890625
2020-06-04,26384.099609375,26082.310546875,26226.490234375,26281.8203125,372190000.0,26281.8203125
2020-06-05,27338.30078125,26836.80078125,26836.80078125,27110.98046875,542310000.0,27110.98046875
2020-06-06,,,,,,
2020-06-07,,,,,,
2020-06-08,27580.2109375,27232.48046875,27232.9296875,27572.439453125,430200000.0,27572.439453125
2020-06-09,27447.369140625,27151.060546875,27447.369140625,27272.30078125,381430000.0,27272.30078125
2020-06-10,27355.220703125,26938.05078125,27251.890625,26989.990234375,448930000.0,26989.990234375
2020-06-11,26294.080078125,25082.720703125,26282.509765625,25128.169921875,647780000.0,25128.169921875
2020-06-12,25965.55078125,25078.41015625,25659.419921875,25605.5390625,514440000.0,25605.5390625
2020-06-13,,,,,,
2020-06-14,,,,,,
2020-06-15,25891.580078125,24843.1796875,25270.390625,25763.16015625,461230000.0,25763.16015625
2020-06-16,26611.029296875,25811.69921875,26326.6796875,26289.98046875,489500000.0,26289.98046875
2020-06-17,26400.0703125,26068.41015625,26330.51953125,26119.609375,328830000.0,26119.609375
2020-06-18,26154.19921875,25848.529296875,26016.44921875,26080.099609375,328390000.0,26080.099609375
2020-06-19,26451.439453125,25759.66015625,26213.099609375,25871.4609375,669390000.0,25871.4609375
2020-06-20,,,,,,
2020-06-21,,,,,,
2020-06-22,26059.810546875,25667.6796875,25865.080078125,26024.9609375,351780000.0,26024.9609375
2020-06-23,26314.970703125,26105.970703125,26159.390625,26156.099609375,389980000.0,26156.099609375
2020-06-24,25992.9609375,25296.73046875,25992.9609375,25445.939453125,450120000.0,25445.939453125
2020-06-25,25769.609375,25209.7890625,25365.220703125,25745.599609375,384560000.0,25745.599609375
2020-06-26,25641.689453125,24971.029296875,25641.689453125,25015.55078125,640860000.0,25015.55078125
2020-06-27,,,,,,
2020-06-28,,,,,,
2020-06-29,25601.150390625,25096.16015625,25152.44921875,25595.80078125,378070000.0,25595.80078125
2020-06-30,25905.380859375,25475.140625,25512.4296875,25812.880859375,410780000.0,25812.880859375
2020-07-01,26019.310546875,25713.609375,25879.380859375,25734.970703125,373180000.0,25734.970703125
2020-07-02,26204.41015625,25778.119140625,25936.44921875,25827.359375,349130000.0,25827.359375
2020-07-03,,,,,,
2020-07-04,,,,,,
2020-07-05,,,,,,
2020-07-06,26297.529296875,25996.080078125,25996.080078125,26287.029296875,340690000.0,26287.029296875
2020-07-07,26174.9296875,25866.580078125,26172.009765625,25890.1796875,346820000.0,25890.1796875
2020-07-08,26109.490234375,25816.25,25950.060546875,26067.279296875,337300000.0,26067.279296875
2020-07-09,26103.279296875,25523.509765625,26094.919921875,25706.08984375,387610000.0,25706.08984375
2020-07-10,26101.3203125,25637.5,25690.349609375,26075.30078125,338170000.0,26075.30078125
2020-07-11,,,,,,
2020-07-12,,,,,,
2020-07-13,26639.08984375,26044.23046875,26225.0703125,26085.80078125,425320000.0,26085.80078125
2020-07-14,26690.51953125,25994.98046875,26044.169921875,26642.58984375,401640000.0,26642.58984375
2020-07-15,27071.330078125,26692.48046875,27009.810546875,26870.099609375,384900000.0,26870.099609375
2020-07-16,26879.16015625,26590.009765625,26746.5703125,26734.7109375,287330000.0,26734.7109375
2020-07-17,26808.4296875,26619.880859375,26774.619140625,26671.94921875,296460000.0,26671.94921875
2020-07-18,,,,,,
2020-07-19,,,,,,
2020-07-20,26765.01953125,26504.19921875,26660.2890625,26680.869140625,309390000.0,26680.869140625
2020-07-21,27025.380859375,26766.220703125,26833.140625,26840.400390625,364930000.0,26840.400390625
2020-07-22,27035.240234375,26794.189453125,26824.560546875,27005.83984375,404340000.0,27005.83984375
2020-07-23,26973.849609375,26560.0390625,26955.970703125,26652.330078125,419800000.0,26652.330078125
2020-07-24,26625.69921875,26402.859375,26533.41015625,26469.890625,494170000.0,26469.890625
2020-07-25,,,,,,
2020-07-26,,,,,,
2020-07-27,26625.4609375,26426.919921875,26447.669921875,26584.76953125,400930000.0,26584.76953125
2020-07-28,26556.83984375,26361.7109375,26529.44921875,26379.279296875,361090000.0,26379.279296875
2020-07-29,26602.44921875,26375.390625,26388.439453125,26539.5703125,347580000.0,26539.5703125
2020-07-30,26374.9296875,25992.279296875,26367.419921875,26313.650390625,351540000.0,26313.650390625
2020-07-31,26440.01953125,26013.58984375,26409.330078125,26428.3203125,488050000.0,26428.3203125
2020-08-01,,,,,,
2020-08-02,,,,,,
2020-08-03,26707.259765625,26534.380859375,26542.3203125,26664.400390625,439380000.0,26664.400390625
2020-08-04,26832.720703125,26597.8203125,26664.609375,26828.470703125,346350000.0,26828.470703125
2020-08-05,27221.669921875,26924.779296875,26924.779296875,27201.51953125,366000000.0,27201.51953125
2020-08-06,27394.099609375,27145.25,27170.8203125,27386.98046875,322460000.0,27386.98046875
2020-08-07,27456.240234375,27223.55078125,27321.6796875,27433.48046875,321170000.0,27433.48046875
2020-08-08,,,,,,
2020-08-09,,,,,,
2020-08-10,27803.859375,27488.2109375,27488.2109375,27791.439453125,360340000.0,27791.439453125
2020-08-11,28154.880859375,27624.509765625,27961.640625,27686.91015625,428220000.0,27686.91015625
2020-08-12,28043.890625,27843.3203125,27860.240234375,27976.83984375,340210000.0,27976.83984375
2020-08-13,27986.099609375,27789.779296875,27922.509765625,27896.720703125,360160000.0,27896.720703125
2020-08-14,27977.810546875,27759.390625,27828.9296875,27931.01953125,275540000.0,27931.01953125
2020-08-15,,,,,,
2020-08-16,,,,,,
2020-08-17,27999.810546875,27816.400390625,27970.05078125,27844.91015625,286860000.0,27844.91015625
2020-08-18,27891.119140625,27668.7890625,27853.48046875,27778.0703125,276170000.0,27778.0703125
2020-08-19,27920.419921875,27647.669921875,27811.259765625,27692.880859375,311460000.0,27692.880859375
2020-08-20,27781.4609375,27526.25,27622.6796875,27739.73046875,304550000.0,27739.73046875
2020-08-21,27959.48046875,27686.779296875,27758.130859375,27930.330078125,372720000.0,27930.330078125
2020-08-22,,,,,,
2020-08-23,,,,,,
2020-08-24,28314.939453125,28041.75,28077.580078125,28308.4609375,383880000.0,28308.4609375
2020-08-25,28400.740234375,28094.5703125,28347.419921875,28248.439453125,338420000.0,28248.439453125
2020-08-26,28353.80078125,28153.91015625,28257.880859375,28331.919921875,327070000.0,28331.919921875
2020-08-27,28634.220703125,28363.9296875,28384.0703125,28492.26953125,404340000.0,28492.26953125
2020-08-28,28733.349609375,28487.98046875,28601.2890625,28653.869140625,369740000.0,28653.869140625
2020-08-29,,,,,,
2020-08-30,,,,,,
2020-08-31,28643.66015625,28363.55078125,28643.66015625,28430.05078125,517320000.0,28430.05078125
2020-09-01,28659.259765625,28290.720703125,28439.609375,28645.66015625,423410000.0,28645.66015625
2020-09-02,29162.880859375,28713.529296875,28736.7890625,29100.5,539510000.0,29100.5
2020-09-03,29199.349609375,28074.759765625,29090.69921875,28292.73046875,650080000.0,28292.73046875
2020-09-04,28539.75,27664.6796875,28341.05078125,28133.310546875,694640000.0,28133.310546875
2020-09-05,,,,,,
2020-09-06,,,,,,
2020-09-07,,,,,,
2020-09-08,27925.23046875,27464.900390625,27925.23046875,27500.890625,580860000.0,27500.890625
2020-09-09,28206.2109375,27704.5390625,27711.7109375,27940.470703125,460590000.0,27940.470703125
2020-09-10,28174.779296875,27447.080078125,28022.509765625,27534.580078125,442850000.0,27534.580078125
2020-09-11,27828.8203125,27448.150390625,27613.859375,27665.640625,435330000.0,27665.640625
2020-09-12,,,,,,
2020-09-13,,,,,,
2020-09-14,28086.060546875,27718.740234375,27718.740234375,27993.330078125,380750000.0,27993.330078125
2020-09-15,28231.060546875,27931.44921875,28139.759765625,27995.599609375,414520000.0,27995.599609375
2020-09-16,28364.76953125,28021.669921875,28031.689453125,28032.380859375,416650000.0,28032.380859375
2020-09-17,28056.7890625,27647.9296875,27834.1796875,27901.98046875,437230000.0,27901.98046875
2020-09-18,27946.689453125,27487.970703125,27864.869140625,27657.419921875,698710000.0,27657.419921875
2020-09-19,,,,,,
2020-09-20,,,,,,
2020-09-21,27484.7109375,26715.150390625,27484.7109375,27147.69921875,523660000.0,27147.69921875
2020-09-22,27333.08984375,26989.9296875,27170.33984375,27288.1796875,420720000.0,27288.1796875
2020-09-23,27464.4609375,26716.119140625,27413.599609375,26763.130859375,459470000.0,26763.130859375
2020-09-24,27094.849609375,26537.009765625,26716.08984375,26815.439453125,447810000.0,26815.439453125
2020-09-25,27239.2890625,26635.380859375,26694.509765625,27173.9609375,388900000.0,27173.9609375
2020-09-26,,,,,,
2020-09-27,,,,,,
2020-09-28,27722.599609375,27362.140625,27362.140625,27584.060546875,401860000.0,27584.060546875
2020-09-29,27605.599609375,27338.08984375,27560.240234375,27452.66015625,303820000.0,27452.66015625
2020-09-30,28026.330078125,27511.060546875,27514.640625,27781.69921875,452550000.0,27781.69921875
2020-10-01,28041.4609375,27669.259765625,27940.630859375,27816.900390625,373450000.0,27816.900390625
2020-10-02,27861.4296875,27382.939453125,27536.390625,27682.810546875,392770000.0,27682.810546875
2020-10-03,,,,,,
2020-10-04,,,,,,
2020-10-05,28162.640625,27825.419921875,27825.419921875,28148.640625,318210000.0,28148.640625
2020-10-06,28354.48046875,27728.029296875,28214.240234375,27772.759765625,435030000.0,27772.759765625
2020-10-07,28369.66015625,27971.359375,27971.359375,28303.4609375,328750000.0,28303.4609375
2020-10-08,28459.130859375,28265.560546875,28348.859375,28425.509765625,314750000.0,28425.509765625
2020-10-09,28676.2890625,28440.630859375,28533.609375,28586.900390625,324050000.0,28586.900390625
2020-10-10,,,,,,
2020-10-11,,,,,,
2020-10-12,28957.900390625,28659.669921875,28671.119140625,28837.51953125,493680000.0,28837.51953125
2020-10-13,28808.83984375,28604.349609375,28764.94921875,28679.810546875,526110000.0,28679.810546875
2020-10-14,28792.560546875,28461.73046875,28731.30078125,28514.0,370800000.0,28514.0
2020-10-15,28535.849609375,28181.5390625,28323.400390625,28494.19921875,328940000.0,28494.19921875
2020-10-16,28842.900390625,28570.720703125,28570.720703125,28606.310546875,356140000.0,28606.310546875
2020-10-17,,,,,,
2020-10-18,,,,,,
2020-10-19,28711.9296875,28139.400390625,28633.55078125,28195.419921875,358700000.0,28195.419921875
2020-10-20,28575.029296875,28243.0390625,28245.849609375,28308.7890625,350220000.0,28308.7890625
2020-10-21,28450.640625,28196.390625,28270.66015625,28210.8203125,299420000.0,28210.8203125
2020-10-22,28421.310546875,28040.1796875,28197.419921875,28363.66015625,330320000.0,28363.66015625
2020-10-23,28436.51953125,28149.8203125,28409.650390625,28335.5703125,347300000.0,28335.5703125
2020-10-24,,,,,,
2020-10-25,,,,,,
2020-10-26,28185.8203125,27370.16015625,28185.8203125,27685.380859375,404150000.0,27685.380859375
2020-10-27,27707.689453125,27457.9609375,27651.1796875,27463.189453125,366400000.0,27463.189453125
2020-10-28,27102.140625,26497.390625,27102.140625,26519.94921875,496150000.0,26519.94921875
2020-10-29,26891.890625,26290.779296875,26480.98046875,26659.109375,419770000.0,26659.109375
2020-10-30,26639.1796875,26143.76953125,26572.26953125,26501.599609375,504820000.0,26501.599609375
2020-10-31,,,,,,
2020-11-01,,,,,,
2020-11-02,27043.48046875,26691.279296875,26691.279296875,26925.05078125,379990000.0,26925.05078125
2020-11-03,27640.2109375,27138.689453125,27138.689453125,27480.029296875,350980000.0,27480.029296875
2020-11-04,28301.5,27512.830078125,27512.830078125,27847.66015625,447860000.0,27847.66015625
2020-11-05,28495.05078125,28083.369140625,28083.369140625,28390.1796875,390140000.0,28390.1796875
2020-11-06,28431.9609375,28189.5,28399.130859375,28323.400390625,326710000.0,28323.400390625
2020-11-07,,,,,,
2020-11-08,,,,,,
2020-11-09,29933.830078125,29130.66015625,29467.900390625,29157.970703125,673310000.0,29157.970703125
2020-11-10,29478.859375,29126.990234375,29254.169921875,29420.919921875,526980000.0,29420.919921875
2020-11-11,29593.109375,29281.220703125,29524.349609375,29397.630859375,376700000.0,29397.630859375
2020-11-12,29311.830078125,28902.130859375,29231.91015625,29080.169921875,369320000.0,29080.169921875
2020-11-13,29559.25,29203.900390625,29203.900390625,29479.810546875,348810000.0,29479.810546875
2020-11-14,,,,,,
2020-11-15,,,,,,
2020-11-16,29964.2890625,29672.359375,29672.359375,29950.439453125,418290000.0,29950.439453125
2020-11-17,29872.419921875,29520.2890625,29800.150390625,29783.349609375,372380000.0,29783.349609375
2020-11-18,29930.849609375,29432.83984375,29875.400390625,29438.419921875,382850000.0,29438.419921875
2020-11-19,29524.900390625,29228.380859375,29370.919921875,29483.23046875,331330000.0,29483.23046875
2020-11-20,29469.890625,29231.19921875,29437.5703125,29263.48046875,305350000.0,29263.48046875
2020-11-21,,,,,,
2020-11-22,,,,,,
2020-11-23,29667.75,29332.8203125,29332.8203125,29591.26953125,387200000.0,29591.26953125
2020-11-24,30116.509765625,29746.109375,29746.109375,30046.240234375,432760000.0,30046.240234375
2020-11-25,30058.869140625,29806.25,30058.869140625,29872.470703125,323030000.0,29872.470703125
2020-11-26,,,,,,
2020-11-27,30015.130859375,29819.98046875,29911.330078125,29910.369140625,177040000.0,29910.369140625
2020-11-28,,,,,,
2020-11-29,,,,,,
2020-11-30,29854.509765625,29463.640625,29854.509765625,29638.640625,551350000.0,29638.640625
2020-12-01,30083.310546875,29797.5,29797.5,29823.919921875,429510000.0,29823.919921875
2020-12-02,29902.509765625,29599.2890625,29695.08984375,29883.7890625,385280000.0,29883.7890625
2020-12-03,30110.880859375,29877.26953125,29920.830078125,29969.51953125,405680000.0,29969.51953125
2020-12-04,30218.259765625,29989.560546875,29989.560546875,30218.259765625,356590000.0,30218.259765625
2020-12-05,,,,,,
2020-12-06,,,,,,
2020-12-07,30233.029296875,29967.220703125,30233.029296875,30069.7890625,365810000.0,30069.7890625
2020-12-08,30246.220703125,29972.0703125,29997.94921875,30173.880859375,311190000.0,30173.880859375
2020-12-09,30319.69921875,29951.849609375,30229.810546875,30068.810546875,380520000.0,30068.810546875
2020-12-10,30063.869140625,29876.8203125,30032.55078125,29999.259765625,325550000.0,29999.259765625
2020-12-11,30071.130859375,29820.83984375,29988.2109375,30046.369140625,393870000.0,30046.369140625
2020-12-12,,,,,,
2020-12-13,,,,,,
2020-12-14,30325.7890625,29849.150390625,30123.91015625,29861.55078125,371980000.0,29861.55078125
2020-12-15,30243.259765625,29894.94921875,29919.08984375,30199.310546875,417770000.0,30199.310546875
2020-12-16,30236.029296875,30080.109375,30191.380859375,30154.5390625,344590000.0,30154.5390625
2020-12-17,30323.779296875,30216.0,30216.0,30303.369140625,345530000.0,30303.369140625
2020-12-18,30343.58984375,30029.439453125,30314.259765625,30179.05078125,782070000.0,30179.05078125
2020-12-19,,,,,,
2020-12-20,,,,,,
2020-12-21,30304.140625,29755.529296875,30159.0,30216.44921875,437480000.0,30216.44921875
2020-12-22,30200.19921875,29992.890625,30200.19921875,30015.509765625,388810000.0,30015.509765625
2020-12-23,30292.529296875,30046.73046875,30046.73046875,30129.830078125,274050000.0,30129.830078125
2020-12-24,30209.669921875,30099.30078125,30155.919921875,30199.869140625,145570000.0,30199.869140625
2020-12-25,,,,,,
2020-12-26,,,,,,
2020-12-27,,,,,,
2020-12-28,30525.560546875,30283.23046875,30283.23046875,30403.970703125,302490000.0,30403.970703125
2020-12-29,30588.7890625,30274.240234375,30492.0703125,30335.669921875,357610000.0,30335.669921875
2020-12-30,30525.349609375,30393.0390625,30415.08984375,30409.560546875,291890000.0,30409.560546875
2020-12-31,30637.470703125,30344.5,30417.640625,30606.48046875,284470000.0,30606.48046875
2021-01-01,,,,,,
2021-01-02,,,,,,
2021-01-03,,,,,,
2021-01-04,30674.279296875,29881.8203125,30627.470703125,30223.890625,475080000.0,30223.890625
2021-01-05,30504.890625,30141.779296875,30204.25,30391.599609375,350910000.0,30391.599609375
2021-01-06,31022.650390625,30313.0703125,30362.779296875,30829.400390625,500430000.0,30829.400390625
2021-01-07,31193.400390625,30897.859375,30901.1796875,31041.130859375,427810000.0,31041.130859375
2021-01-08,31140.669921875,30793.26953125,31069.580078125,31097.970703125,381150000.0,31097.970703125
2021-01-09,,,,,,
2021-01-10,,,,,,
2021-01-11,31096.98046875,30832.060546875,31015.369140625,31008.689453125,356540000.0,31008.689453125
2021-01-12,31114.560546875,30888.759765625,31015.009765625,31068.689453125,362620000.0,31068.689453125
2021-01-13,31153.369140625,30992.05078125,31084.880859375,31060.470703125,413250000.0,31060.470703125
2021-01-14,31223.779296875,30982.240234375,31085.669921875,30991.51953125,427810000.0,30991.51953125
2021-01-15,30941.98046875,30612.669921875,30926.76953125,30814.259765625,433000000.0,30814.259765625
2021-01-16,,,,,,
2021-01-17,,,,,,
2021-01-18,,,,,,
2021-01-19,31086.619140625,30865.029296875,30887.419921875,30930.51953125,386400000.0,30930.51953125
2021-01-20,31235.98046875,30997.7890625,31017.5390625,31188.380859375,384980000.0,31188.380859375
2021-01-21,31272.220703125,31120.919921875,31198.009765625,31176.009765625,418780000.0,31176.009765625
2021-01-22,31141.560546875,30908.470703125,31141.560546875,30996.98046875,436040000.0,30996.98046875
2021-01-23,,,,,,
2021-01-24,,,,,,
2021-01-25,30989.849609375,30564.060546875,30989.849609375,30960.0,472890000.0,30960.0
2021-01-26,31121.419921875,30921.7109375,30968.55078125,30937.0390625,373150000.0,30937.0390625
2021-01-27,30893.779296875,30206.91015625,30893.779296875,30303.169921875,566470000.0,30303.169921875
2021-01-28,30951.41015625,30377.189453125,30377.189453125,30603.359375,465140000.0,30603.359375
2021-01-29,30553.91015625,29856.30078125,30553.91015625,29982.619140625,536320000.0,29982.619140625
2021-01-30,,,,,,
2021-01-31,,,,,,
2021-02-01,30335.91015625,30014.970703125,30054.73046875,30211.91015625,347060000.0,30211.91015625
2021-02-02,30840.5390625,30276.880859375,30276.880859375,30687.48046875,333160000.0,30687.48046875
2021-02-03,30793.41015625,30521.310546875,30689.650390625,30723.599609375,305590000.0,30723.599609375
2021-02-04,31065.9609375,30737.779296875,30737.779296875,31055.859375,338330000.0,31055.859375
2021-02-05,31252.1796875,31083.220703125,31093.810546875,31148.240234375,293550000.0,31148.240234375
2021-02-06,,,,,,
2021-02-07,,,,,,
2021-02-08,31386.099609375,31191.19921875,31191.19921875,31385.759765625,322250000.0,31385.759765625
2021-02-09,31439.470703125,31245.859375,31359.880859375,31375.830078125,308210000.0,31375.830078125
2021-02-10,31511.439453125,31221.3203125,31428.01953125,31437.80078125,326450000.0,31437.80078125
2021-02-11,31543.8203125,31244.359375,31466.490234375,31430.69921875,280320000.0,31430.69921875
2021-02-12,31475.310546875,31347.80078125,31420.80078125,31458.400390625,263090000.0,31458.400390625
2021-02-13,,,,,,
2021-02-14,,,,,,
2021-02-15,,,,,,
2021-02-16,31608.630859375,31443.48046875,31472.080078125,31522.75,329210000.0,31522.75
2021-02-17,31643.69921875,31338.759765625,31485.609375,31613.01953125,343510000.0,31613.01953125
2021-02-18,31558.599609375,31285.3203125,31558.599609375,31493.33984375,325990000.0,31493.33984375
2021-02-19,31647.529296875,31469.33984375,31504.130859375,31494.3203125,353070000.0,31494.3203125
2021-02-20,,,,,,
2021-02-21,,,,,,
2021-02-22,31653.48046875,31286.5703125,31381.119140625,31521.689453125,387210000.0,31521.689453125
2021-02-23,31653.380859375,31158.759765625,31501.890625,31537.349609375,460410000.0,31537.349609375
2021-02-24,32009.640625,31421.2890625,31499.75,31961.859375,410150000.0,31961.859375
2021-02-25,31984.76953125,31293.3203125,31955.939453125,31402.009765625,454110000.0,31402.009765625
2021-02-26,31450.890625,30911.369140625,31401.2890625,30932.369140625,532250000.0,30932.369140625
2021-02-27,,,,,,
2021-02-28,,,,,,
2021-03-01,31668.33984375,31065.900390625,31065.900390625,31535.509765625,385670000.0,31535.509765625
2021-03-02,31623.26953125,31377.16015625,31535.369140625,31391.51953125,337270000.0,31391.51953125
2021-03-03,31563.310546875,31260.140625,31352.9609375,31270.08984375,409660000.0,31270.08984375
2021-03-04,31461.970703125,30547.529296875,31289.009765625,30924.140625,537850000.0,30924.140625
2021-03-05,31580.330078125,30766.810546875,31029.1796875,31496.30078125,501810000.0,31496.30078125
2021-03-06,,,,,,
2021-03-07,,,,,,
2021-03-08,32148.0390625,31512.150390625,31512.150390625,31802.439453125,496980000.0,31802.439453125
2021-03-09,32150.3203125,31822.640625,31892.349609375,31832.740234375,458690000.0,31832.740234375
2021-03-10,32389.5,31906.9609375,31906.9609375,32297.01953125,409110000.0,32297.01953125
2021-03-11,32661.58984375,32345.69921875,32354.5,32485.58984375,400020000.0,32485.58984375
2021-03-12,32793.3203125,32462.400390625,32462.400390625,32778.640625,346400000.0,32778.640625
2021-03-13,,,,,,
2021-03-14,,,,,,
2021-03-15,32973.3984375,32629.75,32798.83984375,32953.4609375,360080000.0,32953.4609375
2021-03-16,32966.75,32778.23046875,32966.75,32825.94921875,386370000.0,32825.94921875
2021-03-17,33047.578125,32782.1796875,32825.51953125,33015.37109375,391200000.0,33015.37109375
2021-03-18,33227.78125,32831.25,32928.16015625,32862.30078125,418480000.0,32862.30078125
2021-03-19,32858.359375,32505.0703125,32858.359375,32627.970703125,811890000.0,32627.970703125
