Date,gold_High,gold_Low,gold_Open,gold_Close,gold_Volume,gold_AdjClose
2017-09-05,1339.199951171875,1328.5999755859375,1335.199951171875,1339.199951171875,39.0,1339.199951171875
2017-09-06,1340.300048828125,1332.5999755859375,1340.0,1333.9000244140625,20.0,1333.9000244140625
2017-09-07,1349.0,1336.4000244140625,1336.4000244140625,1345.0999755859375,26.0,1345.0999755859375
2017-09-08,1355.800048828125,1345.5999755859375,1351.0,1346.0,37.0,1346.0
2017-09-09,,,,,,
2017-09-10,,,,,,
2017-09-11,1331.0,1327.300048828125,1331.0,1331.0,9.0,1331.0
2017-09-12,1328.0,1325.199951171875,1327.0,1328.0,15.0,1328.0
2017-09-13,1323.4000244140625,1323.4000244140625,1323.4000244140625,1323.4000244140625,16.0,1323.4000244140625
2017-09-14,1329.300048828125,1319.5999755859375,1319.5999755859375,1324.699951171875,316.0,1324.699951171875
2017-09-15,1321.199951171875,1319.800048828125,1320.5999755859375,1320.4000244140625,15.0,1320.4000244140625
2017-09-16,,,,,,
2017-09-17,,,,,,
2017-09-18,1310.4000244140625,1306.0,1309.800048828125,1306.300048828125,129.0,1306.300048828125
2017-09-19,1310.300048828125,1305.0999755859375,1307.9000244140625,1306.199951171875,20.0,1306.199951171875
2017-09-20,1312.0,1298.699951171875,1312.0,1312.0,12.0,1312.0
2017-09-21,1304.0999755859375,1290.300048828125,1299.0999755859375,1290.5999755859375,336.0,1290.5999755859375
2017-09-22,1295.699951171875,1293.300048828125,1295.0,1293.300048828125,209.0,1293.300048828125
2017-09-23,,,,,,
2017-09-24,,,,,,
2017-09-25,1309.199951171875,1291.0,1293.0999755859375,1306.800048828125,51.0,1306.800048828125
2017-09-26,1305.5999755859375,1297.0,1304.5,1297.0,39.0,1297.0
2017-09-27,1283.4000244140625,1283.4000244140625,1283.4000244140625,1283.4000244140625,19488.0,1283.4000244140625
2017-09-28,1288.0,1277.0,1283.0999755859375,1285.5,5226.0,1285.5
2017-09-29,1289.4000244140625,1281.5,1284.199951171875,1281.5,492.0,1281.5
2017-09-30,,,,,,
2017-10-01,,,,,,
2017-10-02,1276.0999755859375,1270.4000244140625,1275.0,1272.699951171875,136.0,1272.699951171875
2017-10-03,1273.300048828125,1268.5999755859375,1269.699951171875,1271.5,192.0,1271.5
2017-10-04,1280.800048828125,1270.0,1273.800048828125,1273.699951171875,218.0,1273.699951171875
2017-10-05,1277.800048828125,1267.5999755859375,1277.800048828125,1269.9000244140625,36.0,1269.9000244140625
2017-10-06,1272.0,1260.5,1267.5999755859375,1271.5999755859375,46.0,1271.5999755859375
2017-10-07,,,,,,
2017-10-08,,,,,,
2017-10-09,1284.0,1279.0,1280.5999755859375,1281.800048828125,19.0,1281.800048828125
2017-10-10,1293.0,1281.699951171875,1282.5999755859375,1290.5999755859375,18.0,1290.5999755859375
2017-10-11,1292.0,1284.9000244140625,1287.300048828125,1285.800048828125,21.0,1285.800048828125
2017-10-12,1294.5,1289.300048828125,1291.5,1293.300048828125,14.0,1293.300048828125
2017-10-13,1301.699951171875,1291.699951171875,1293.300048828125,1301.5,74.0,1301.5
2017-10-14,,,,,,
2017-10-15,,,,,,
2017-10-16,1303.800048828125,1291.9000244140625,1302.0,1299.9000244140625,173.0,1299.9000244140625
2017-10-17,1295.0999755859375,1283.0,1295.0999755859375,1283.0,571.0,1283.0
2017-10-18,1279.9000244140625,1279.9000244140625,1279.9000244140625,1279.9000244140625,163.0,1279.9000244140625
2017-10-19,1286.9000244140625,1285.0999755859375,1286.4000244140625,1286.9000244140625,134.0,1286.9000244140625
2017-10-20,1279.5999755859375,1277.4000244140625,1279.5999755859375,1277.4000244140625,304.0,1277.4000244140625
2017-10-21,,,,,,
2017-10-22,,,,,,
2017-10-23,1280.800048828125,1271.5,1274.699951171875,1277.699951171875,115.0,1277.699951171875
2017-10-24,1275.5,1273.699951171875,1275.5,1275.0,111.0,1275.0
2017-10-25,1275.4000244140625,1269.9000244140625,1269.9000244140625,1275.4000244140625,105.0,1275.4000244140625
2017-10-26,1273.5,1264.699951171875,1273.5,1266.300048828125,39.0,1266.300048828125
2017-10-27,1268.5,1267.0999755859375,1268.4000244140625,1268.5,567.0,1268.5
2017-10-28,,,,,,
2017-10-29,,,,,,
2017-10-30,1274.0999755859375,1267.9000244140625,1270.0,1274.0999755859375,222.0,1274.0999755859375
2017-10-31,1274.5999755859375,1266.0999755859375,1273.0999755859375,1267.0,235.0,1267.0
2017-11-01,1274.800048828125,1270.300048828125,1272.199951171875,1274.0999755859375,78.0,1274.0999755859375
2017-11-02,1274.9000244140625,1274.9000244140625,1274.9000244140625,1274.9000244140625,70.0,1274.9000244140625
2017-11-03,1267.9000244140625,1265.300048828125,1265.300048828125,1266.5,75.0,1266.5
2017-11-04,,,,,,
2017-11-05,,,,,,
2017-11-06,1280.5,1269.0,1269.0,1279.4000244140625,128.0,1279.4000244140625
2017-11-07,1276.800048828125,1270.4000244140625,1276.800048828125,1273.699951171875,11.0,1273.699951171875
2017-11-08,1284.9000244140625,1274.699951171875,1275.9000244140625,1281.5999755859375,15.0,1281.5999755859375
2017-11-09,1286.9000244140625,1279.699951171875,1279.699951171875,1285.5999755859375,18.0,1285.5999755859375
2017-11-10,1283.5,1272.4000244140625,1283.5,1272.4000244140625,10.0,1272.4000244140625
2017-11-11,,,,,,
2017-11-12,,,,,,
2017-11-13,1277.300048828125,1277.0,1277.300048828125,1277.300048828125,3.0,1277.300048828125
2017-11-14,1281.5,1276.9000244140625,1276.9000244140625,1281.5,4.0,1281.5
2017-11-15,1284.699951171875,1275.9000244140625,1281.4000244140625,1276.5,13.0,1276.5
2017-11-16,1277.5,1277.4000244140625,1277.5,1277.4000244140625,43.0,1277.4000244140625
2017-11-17,1295.800048828125,1288.300048828125,1288.300048828125,1295.800048828125,1.0,1295.800048828125
2017-11-18,,,,,,
2017-11-19,,,,,,
2017-11-20,1275.9000244140625,1274.5999755859375,1274.5999755859375,1274.5999755859375,1.0,1274.5999755859375
2017-11-21,1281.0999755859375,1281.0999755859375,1281.0999755859375,1281.0999755859375,4.0,1281.0999755859375
2017-11-22,1291.5999755859375,1282.9000244140625,1284.699951171875,1291.5999755859375,4.0,1291.5999755859375
2017-11-23,,,,,,
2017-11-24,,,,,,
2017-11-25,,,,,,
2017-11-26,,,,,,
2017-11-27,1293.800048828125,1293.800048828125,1293.800048828125,1293.800048828125,1.0,1293.800048828125
2017-11-28,1294.699951171875,1294.699951171875,1294.699951171875,1294.699951171875,275442.0,1294.699951171875
2017-11-29,1296.199951171875,1281.0999755859375,1293.4000244140625,1282.0999755859375,47244.0,1282.0999755859375
2017-11-30,1284.5,1269.699951171875,1283.0999755859375,1273.199951171875,3049.0,1273.199951171875
2017-12-01,1288.5999755859375,1271.0,1274.0999755859375,1278.800048828125,823.0,1278.800048828125
2017-12-02,,,,,,
2017-12-03,,,,,,
2017-12-04,1276.0999755859375,1270.300048828125,1272.5,1274.300048828125,850.0,1274.300048828125
2017-12-05,1275.800048828125,1260.0,1275.4000244140625,1261.5999755859375,1499.0,1261.5999755859375
2017-12-06,1267.800048828125,1261.5999755859375,1264.9000244140625,1262.800048828125,373.0,1262.800048828125
2017-12-07,1262.4000244140625,1243.9000244140625,1262.300048828125,1249.800048828125,358.0,1249.800048828125
2017-12-08,1249.300048828125,1241.5,1246.300048828125,1245.199951171875,157.0,1245.199951171875
2017-12-09,,,,,,
2017-12-10,,,,,,
2017-12-11,1249.199951171875,1239.9000244140625,1248.4000244140625,1243.699951171875,146.0,1243.699951171875
2017-12-12,1244.4000244140625,1236.5,1241.300048828125,1238.5,692.0,1238.5
2017-12-13,1254.5,1239.800048828125,1241.9000244140625,1245.4000244140625,349.0,1245.4000244140625
2017-12-14,1257.699951171875,1250.300048828125,1252.9000244140625,1253.800048828125,139.0,1253.800048828125
2017-12-15,1260.300048828125,1253.0999755859375,1253.0999755859375,1254.300048828125,578.0,1254.300048828125
2017-12-16,,,,,,
2017-12-17,,,,,,
2017-12-18,1262.4000244140625,1255.699951171875,1256.199951171875,1262.199951171875,45.0,1262.199951171875
2017-12-19,1264.300048828125,1259.5,1261.0999755859375,1260.699951171875,329.0,1260.699951171875
2017-12-20,1266.5999755859375,1261.300048828125,1261.300048828125,1266.0999755859375,63.0,1266.0999755859375
2017-12-21,1267.4000244140625,1264.300048828125,1266.4000244140625,1267.300048828125,226.0,1267.300048828125
2017-12-22,1276.300048828125,1266.300048828125,1266.300048828125,1275.4000244140625,119.0,1275.4000244140625
2017-12-23,,,,,,
2017-12-24,,,,,,
2017-12-25,,,,,,
2017-12-26,1284.0999755859375,1281.800048828125,1282.4000244140625,1284.0999755859375,84.0,1284.0999755859375
2017-12-27,1287.0,1284.0,1284.0,1287.0,456.0,1287.0
2017-12-28,1294.0999755859375,1288.199951171875,1288.199951171875,1294.0999755859375,245.0,1294.0999755859375
2017-12-29,1306.300048828125,1294.0,1294.199951171875,1306.300048828125,65.0,1306.300048828125
2017-12-30,,,,,,
2017-12-31,,,,,,
2018-01-01,,,,,,
2018-01-02,1317.5999755859375,1302.300048828125,1302.300048828125,1313.699951171875,68.0,1313.699951171875
2018-01-03,1320.0999755859375,1312.0999755859375,1320.0,1316.199951171875,42.0,1316.199951171875
2018-01-04,1322.0,1319.4000244140625,1319.4000244140625,1319.4000244140625,2.0,1319.4000244140625
2018-01-05,1320.300048828125,1320.300048828125,1320.300048828125,1320.300048828125,1.0,1320.300048828125
2018-01-06,,,,,,
2018-01-07,,,,,,
2018-01-08,1319.9000244140625,1314.5999755859375,1319.9000244140625,1318.5999755859375,41.0,1318.5999755859375
2018-01-09,1311.699951171875,1309.5999755859375,1309.5999755859375,1311.699951171875,16.0,1311.699951171875
2018-01-10,1320.699951171875,1315.300048828125,1320.300048828125,1317.4000244140625,70.0,1317.4000244140625
2018-01-11,1320.5999755859375,1316.300048828125,1317.0999755859375,1320.5999755859375,9.0,1320.5999755859375
2018-01-12,1338.199951171875,1327.800048828125,1327.800048828125,1333.4000244140625,14.0,1333.4000244140625
2018-01-13,,,,,,
2018-01-14,,,,,,
2018-01-15,,,,,,
2018-01-16,1335.4000244140625,1331.0,1331.0999755859375,1335.4000244140625,13.0,1335.4000244140625
2018-01-17,1338.0,1326.800048828125,1334.4000244140625,1338.0,27.0,1338.0
2018-01-18,1328.9000244140625,1326.0,1328.9000244140625,1326.0,211.0,1326.0
2018-01-19,1333.0,1330.0999755859375,1330.0999755859375,1331.9000244140625,50.0,1331.9000244140625
2018-01-20,,,,,,
2018-01-21,,,,,,
2018-01-22,1330.9000244140625,1328.4000244140625,1328.4000244140625,1330.9000244140625,162.0,1330.9000244140625
2018-01-23,1335.9000244140625,1335.699951171875,1335.800048828125,1335.699951171875,47.0,1335.699951171875
2018-01-24,1357.199951171875,1355.9000244140625,1355.9000244140625,1355.9000244140625,18.0,1355.9000244140625
2018-01-25,1362.4000244140625,1346.699951171875,1356.300048828125,1362.4000244140625,4.0,1362.4000244140625
2018-01-26,1352.0,1350.9000244140625,1351.5999755859375,1351.5999755859375,280546.0,1351.5999755859375
2018-01-27,,,,,,
2018-01-28,,,,,,
2018-01-29,,,,,,
2018-01-30,1347.800048828125,1332.800048828125,1338.699951171875,1335.4000244140625,52100.0,1335.4000244140625
2018-01-31,1346.9000244140625,1331.800048828125,1337.5,1339.0,4881.0,1339.0
2018-02-01,1350.5999755859375,1336.800048828125,1343.800048828125,1344.300048828125,1680.0,1344.300048828125
2018-02-02,1352.0999755859375,1327.699951171875,1348.5,1333.699951171875,2841.0,1333.699951171875
2018-02-03,,,,,,
2018-02-04,,,,,,
2018-02-05,1340.199951171875,1329.0,1331.0999755859375,1333.0,641.0,1333.0
2018-02-06,1343.699951171875,1319.5,1338.199951171875,1326.0999755859375,529.0,1326.0999755859375
2018-02-07,1331.0999755859375,1310.5,1325.4000244140625,1311.5999755859375,491.0,1311.5999755859375
2018-02-08,1321.0999755859375,1307.0,1317.0999755859375,1316.9000244140625,459.0,1316.9000244140625
2018-02-09,1322.0,1311.9000244140625,1320.9000244140625,1313.0999755859375,451.0,1313.0999755859375
2018-02-10,,,,,,
2018-02-11,,,,,,
2018-02-12,1325.5,1318.0,1323.800048828125,1324.199951171875,140.0,1324.199951171875
2018-02-13,1329.5999755859375,1323.4000244140625,1324.5,1328.0999755859375,71.0,1328.0999755859375
2018-02-14,1355.5,1324.0,1332.800048828125,1355.5,400.0,1355.5
2018-02-15,1355.9000244140625,1349.699951171875,1352.0,1352.0999755859375,111.0,1352.0999755859375
2018-02-16,1361.4000244140625,1344.9000244140625,1354.0,1353.199951171875,110.0,1353.199951171875
2018-02-17,,,,,,
2018-02-18,,,,,,
2018-02-19,,,,,,
2018-02-20,1350.199951171875,1328.5,1348.4000244140625,1328.800048828125,283.0,1328.800048828125
2018-02-21,1331.5,1324.4000244140625,1326.800048828125,1330.0,119.0,1330.0
2018-02-22,1331.4000244140625,1322.0,1322.0,1330.5999755859375,70.0,1330.5999755859375
2018-02-23,1332.0999755859375,1327.699951171875,1328.0,1328.199951171875,427.0,1328.199951171875
2018-02-24,,,,,,
2018-02-25,,,,,,
2018-02-26,1340.5,1330.699951171875,1335.0,1330.699951171875,652.0,1330.699951171875
2018-02-27,1332.5999755859375,1312.699951171875,1331.699951171875,1315.5,710.0,1315.5
2018-02-28,1321.0,1315.4000244140625,1315.4000244140625,1315.5,58.0,1315.5
2018-03-01,1318.0999755859375,1301.800048828125,1310.4000244140625,1302.9000244140625,43.0,1302.9000244140625
2018-03-02,1323.199951171875,1314.300048828125,1314.300048828125,1321.0999755859375,155.0,1321.0999755859375
2018-03-03,,,,,,
2018-03-04,,,,,,
2018-03-05,1325.9000244140625,1318.0999755859375,1323.5,1318.0999755859375,18.0,1318.0999755859375
2018-03-06,1333.5999755859375,1321.4000244140625,1321.5999755859375,1333.5999755859375,18.0,1333.5999755859375
2018-03-07,1338.0999755859375,1326.0,1338.0999755859375,1326.0,27.0,1326.0
2018-03-08,1326.800048828125,1319.300048828125,1324.800048828125,1319.9000244140625,62.0,1319.9000244140625
2018-03-09,1322.4000244140625,1313.0,1316.800048828125,1322.4000244140625,88.0,1322.4000244140625
2018-03-10,,,,,,
2018-03-11,,,,,,
2018-03-12,1319.4000244140625,1319.4000244140625,1319.4000244140625,1319.4000244140625,0.0,1319.4000244140625
2018-03-13,1325.9000244140625,1325.300048828125,1325.9000244140625,1325.9000244140625,13.0,1325.9000244140625
2018-03-14,1324.4000244140625,1322.199951171875,1322.199951171875,1324.4000244140625,19.0,1324.4000244140625
2018-03-15,1316.800048828125,1316.800048828125,1316.800048828125,1316.800048828125,0.0,1316.800048828125
2018-03-16,1311.300048828125,1310.0999755859375,1310.0999755859375,1311.300048828125,34.0,1311.300048828125
2018-03-17,,,,,,
2018-03-18,,,,,,
2018-03-19,1316.9000244140625,1307.300048828125,1309.4000244140625,1316.800048828125,6.0,1316.800048828125
2018-03-20,1311.0999755859375,1311.0999755859375,1311.0999755859375,1311.0999755859375,4.0,1311.0999755859375
2018-03-21,1328.800048828125,1312.4000244140625,1312.4000244140625,1320.699951171875,34.0,1320.699951171875
2018-03-22,1326.5999755859375,1326.5999755859375,1326.5999755859375,1326.5999755859375,0.0,1326.5999755859375
2018-03-23,1349.300048828125,1343.199951171875,1343.199951171875,1349.300048828125,8.0,1349.300048828125
2018-03-24,,,,,,
2018-03-25,,,,,,
2018-03-26,1354.4000244140625,1345.0999755859375,1348.5,1354.4000244140625,10.0,1354.4000244140625
2018-03-27,1341.300048828125,1341.0,1341.0,1341.300048828125,290889.0,1341.300048828125
2018-03-28,1346.4000244140625,1322.4000244140625,1345.0,1324.199951171875,59284.0,1324.199951171875
2018-03-29,1327.0999755859375,1321.699951171875,1324.0,1322.800048828125,5585.0,1322.800048828125
2018-03-30,,,,,,
2018-03-31,,,,,,
2018-04-01,,,,,,
2018-04-02,1344.199951171875,1324.699951171875,1327.0,1342.0999755859375,649.0,1342.0999755859375
2018-04-03,1341.5,1328.5,1340.4000244140625,1332.800048828125,702.0,1332.800048828125
2018-04-04,1347.300048828125,1331.5999755859375,1331.800048828125,1335.800048828125,718.0,1335.800048828125
2018-04-05,1333.699951171875,1322.5999755859375,1333.5,1324.300048828125,258.0,1324.300048828125
2018-04-06,1333.0,1319.0,1326.5,1331.9000244140625,348.0,1331.9000244140625
2018-04-07,,,,,,
2018-04-08,,,,,,
2018-04-09,1337.5,1327.0,1333.0,1336.300048828125,290.0,1336.300048828125
2018-04-10,1342.0,1333.0,1335.199951171875,1342.0,105.0,1342.0
2018-04-11,1365.4000244140625,1340.0999755859375,1340.0999755859375,1356.5,118.0,1356.5
2018-04-12,1351.5,1334.5999755859375,1351.199951171875,1338.4000244140625,34.0,1338.4000244140625
2018-04-13,1346.0,1335.9000244140625,1335.9000244140625,1344.800048828125,67.0,1344.800048828125
2018-04-14,,,,,,
2018-04-15,,,,,,
2018-04-16,1348.800048828125,1341.0,1341.0,1347.5,60.0,1347.5
2018-04-17,1348.0999755859375,1339.0,1348.0,1347.199951171875,409.0,1347.199951171875
2018-04-18,1354.199951171875,1343.5,1343.5,1351.199951171875,45.0,1351.199951171875
2018-04-19,1355.199951171875,1341.5999755859375,1348.5999755859375,1346.800048828125,387.0,1346.800048828125
2018-04-20,1343.4000244140625,1335.300048828125,1342.5,1336.699951171875,310.0,1336.699951171875
2018-04-21,,,,,,
2018-04-22,,,,,,
2018-04-23,1334.4000244140625,1322.5,1334.0,1322.5,68.0,1322.5
2018-04-24,1331.699951171875,1326.199951171875,1326.4000244140625,1331.4000244140625,28.0,1331.4000244140625
2018-04-25,1325.0,1320.0,1324.0,1321.199951171875,278.0,1321.199951171875
2018-04-26,1316.300048828125,1315.699951171875,1315.699951171875,1316.300048828125,569.0,1316.300048828125
2018-04-27,1321.699951171875,1312.800048828125,1315.300048828125,1320.300048828125,622.0,1320.300048828125
2018-04-28,,,,,,
2018-04-29,,,,,,
2018-04-30,1316.199951171875,1309.5999755859375,1309.5999755859375,1316.199951171875,49.0,1316.199951171875
2018-05-01,1313.800048828125,1303.4000244140625,1313.199951171875,1303.800048828125,28.0,1303.800048828125
2018-05-02,1309.300048828125,1302.5999755859375,1309.0,1302.5999755859375,23.0,1302.5999755859375
2018-05-03,1310.699951171875,1310.699951171875,1310.699951171875,1310.699951171875,4.0,1310.699951171875
2018-05-04,1312.699951171875,1312.699951171875,1312.699951171875,1312.699951171875,0.0,1312.699951171875
2018-05-05,,,,,,
2018-05-06,,,,,,
2018-05-07,1312.5,1310.199951171875,1310.5999755859375,1312.199951171875,4.0,1312.199951171875
2018-05-08,1312.0,1308.5,1310.0999755859375,1312.0,337.0,1312.0
2018-05-09,1311.300048828125,1311.300048828125,1311.300048828125,1311.300048828125,70.0,1311.300048828125
2018-05-10,1320.800048828125,1312.199951171875,1312.199951171875,1320.800048828125,8.0,1320.800048828125
2018-05-11,1319.0,1319.0,1319.0,1319.0,3.0,1319.0
2018-05-12,,,,,,
2018-05-13,,,,,,
2018-05-14,1319.9000244140625,1316.5,1319.9000244140625,1316.5,4.0,1316.5
2018-05-15,1304.699951171875,1288.9000244140625,1304.5999755859375,1288.9000244140625,8.0,1288.9000244140625
2018-05-16,1294.0,1285.4000244140625,1290.9000244140625,1290.199951171875,26.0,1290.199951171875
2018-05-17,1291.300048828125,1288.199951171875,1291.300048828125,1288.199951171875,2.0,1288.199951171875
2018-05-18,1290.199951171875,1285.199951171875,1285.199951171875,1290.199951171875,2.0,1290.199951171875
2018-05-19,,,,,,
2018-05-20,,,,,,
2018-05-21,1292.0999755859375,1287.4000244140625,1287.4000244140625,1290.199951171875,52.0,1290.199951171875
2018-05-22,1291.699951171875,1291.699951171875,1291.699951171875,1291.699951171875,50.0,1291.699951171875
2018-05-23,1289.300048828125,1289.300048828125,1289.300048828125,1289.300048828125,10.0,1289.300048828125
2018-05-24,1303.699951171875,1303.699951171875,1303.699951171875,1303.699951171875,0.0,1303.699951171875
2018-05-25,1303.300048828125,1303.300048828125,1303.300048828125,1303.300048828125,1.0,1303.300048828125
2018-05-26,,,,,,
2018-05-27,,,,,,
2018-05-28,,,,,,
2018-05-29,1298.699951171875,1298.699951171875,1298.699951171875,1298.699951171875,386334.0,1298.699951171875
2018-05-30,1303.699951171875,1295.199951171875,1298.0,1301.5,50845.0,1301.5
2018-05-31,1306.800048828125,1296.5999755859375,1301.0,1300.0999755859375,4082.0,1300.0999755859375
2018-06-01,1299.5,1288.9000244140625,1298.5999755859375,1294.800048828125,663.0,1294.800048828125
2018-06-02,,,,,,
2018-06-03,,,,,,
2018-06-04,1297.0999755859375,1290.0,1293.9000244140625,1293.0999755859375,144.0,1293.0999755859375
2018-06-05,1299.800048828125,1289.9000244140625,1292.0999755859375,1297.5,357.0,1297.5
2018-06-06,1300.4000244140625,1294.0999755859375,1296.0999755859375,1297.0999755859375,373.0,1297.0999755859375
2018-06-07,1302.800048828125,1296.199951171875,1298.4000244140625,1298.699951171875,79.0,1298.699951171875
2018-06-08,1299.4000244140625,1294.800048828125,1295.300048828125,1298.0999755859375,650.0,1298.0999755859375
2018-06-09,,,,,,
2018-06-10,,,,,,
2018-06-11,1302.0,1295.199951171875,1299.300048828125,1298.9000244140625,71.0,1298.9000244140625
2018-06-12,1298.0999755859375,1292.699951171875,1297.800048828125,1295.0999755859375,153.0,1295.0999755859375
2018-06-13,1299.4000244140625,1290.9000244140625,1294.0,1296.9000244140625,135.0,1296.9000244140625
2018-06-14,1307.699951171875,1297.199951171875,1297.199951171875,1304.0,42.0,1304.0
2018-06-15,1307.699951171875,1274.0,1297.199951171875,1274.5999755859375,589.0,1274.5999755859375
2018-06-16,,,,,,
2018-06-17,,,,,,
2018-06-18,1280.699951171875,1276.199951171875,1280.699951171875,1276.199951171875,35.0,1276.199951171875
2018-06-19,1281.800048828125,1269.9000244140625,1278.699951171875,1275.5999755859375,34.0,1275.5999755859375
2018-06-20,1274.4000244140625,1271.199951171875,1274.4000244140625,1271.199951171875,7.0,1271.199951171875
2018-06-21,1268.9000244140625,1260.0,1262.699951171875,1267.199951171875,46.0,1267.199951171875
2018-06-22,1270.199951171875,1267.0,1268.0999755859375,1267.4000244140625,74.0,1267.4000244140625
2018-06-23,,,,,,
2018-06-24,,,,,,
2018-06-25,1271.199951171875,1265.5999755859375,1270.5999755859375,1265.5999755859375,37.0,1265.5999755859375
2018-06-26,1267.199951171875,1256.5999755859375,1267.199951171875,1256.5999755859375,89.0,1256.5999755859375
2018-06-27,1255.5,1252.300048828125,1255.5,1252.800048828125,1162.0,1252.800048828125
2018-06-28,1251.699951171875,1244.800048828125,1251.699951171875,1247.800048828125,378.0,1247.800048828125
2018-06-29,1253.300048828125,1249.0999755859375,1250.300048828125,1251.300048828125,48.0,1251.300048828125
2018-06-30,,,,,,
2018-07-01,,,,,,
2018-07-02,1249.9000244140625,1239.800048828125,1249.9000244140625,1239.800048828125,29.0,1239.800048828125
2018-07-03,,,,,,
2018-07-04,,,,,,
2018-07-05,1257.300048828125,1253.5999755859375,1255.5,1257.300048828125,9.0,1257.300048828125
2018-07-06,1255.5,1254.300048828125,1255.5,1254.300048828125,7.0,1254.300048828125
2018-07-07,,,,,,
2018-07-08,,,,,,
2018-07-09,1262.300048828125,1257.699951171875,1258.199951171875,1258.0999755859375,37.0,1258.0999755859375
2018-07-10,1256.9000244140625,1249.300048828125,1256.199951171875,1253.800048828125,65.0,1253.800048828125
2018-07-11,1253.199951171875,1242.800048828125,1253.199951171875,1242.800048828125,30.0,1242.800048828125
2018-07-12,1246.699951171875,1240.9000244140625,1240.9000244140625,1245.0,7.0,1245.0
2018-07-13,1247.0,1239.5999755859375,1244.699951171875,1239.5999755859375,2.0,1239.5999755859375
2018-07-14,,,,,,
2018-07-15,,,,,,
2018-07-16,1243.800048828125,1238.0999755859375,1242.699951171875,1238.0999755859375,2.0,1238.0999755859375
2018-07-17,1225.699951171875,1225.699951171875,1225.699951171875,1225.699951171875,0.0,1225.699951171875
2018-07-18,1226.699951171875,1222.199951171875,1226.699951171875,1226.300048828125,67.0,1226.300048828125
2018-07-19,1228.0,1211.699951171875,1227.199951171875,1222.4000244140625,33.0,1222.4000244140625
2018-07-20,1229.5,1229.5,1229.5,1229.5,0.0,1229.5
2018-07-21,,,,,,
2018-07-22,,,,,,
2018-07-23,1224.0,1222.0,1222.0,1224.0,1.0,1224.0
2018-07-24,1223.9000244140625,1223.9000244140625,1223.9000244140625,1223.9000244140625,0.0,1223.9000244140625
2018-07-25,1231.4000244140625,1231.4000244140625,1231.4000244140625,1231.4000244140625,0.0,1231.4000244140625
2018-07-26,1227.800048828125,1225.300048828125,1227.800048828125,1225.300048828125,1.0,1225.300048828125
2018-07-27,1222.5999755859375,1222.5999755859375,1222.5999755859375,1222.5999755859375,254428.0,1222.5999755859375
2018-07-28,,,,,,
2018-07-29,,,,,,
2018-07-30,1223.9000244140625,1218.0999755859375,1222.5,1221.300048828125,62239.0,1221.300048828125
2018-07-31,1228.0999755859375,1213.0,1220.4000244140625,1223.699951171875,2722.0,1223.699951171875
2018-08-01,1223.699951171875,1214.4000244140625,1222.9000244140625,1217.9000244140625,1026.0,1217.9000244140625
2018-08-02,1219.300048828125,1205.800048828125,1214.699951171875,1210.5999755859375,411.0,1210.5999755859375
2018-08-03,1218.5999755859375,1205.0999755859375,1206.5,1214.199951171875,784.0,1214.199951171875
2018-08-04,,,,,,
2018-08-05,,,,,,
2018-08-06,1214.4000244140625,1206.5999755859375,1214.4000244140625,1208.5999755859375,297.0,1208.5999755859375
2018-08-07,1214.800048828125,1207.800048828125,1207.800048828125,1209.5999755859375,715.0,1209.5999755859375
2018-08-08,1215.199951171875,1205.9000244140625,1212.0,1212.5999755859375,209.0,1212.5999755859375
2018-08-09,1215.300048828125,1211.5999755859375,1214.5,1211.9000244140625,44.0,1211.9000244140625
2018-08-10,1216.4000244140625,1205.5999755859375,1212.5,1211.0999755859375,75.0,1211.0999755859375
2018-08-11,,,,,,
2018-08-12,,,,,,
2018-08-13,1207.4000244140625,1191.300048828125,1207.0,1191.300048828125,78.0,1191.300048828125
2018-08-14,1197.5,1192.800048828125,1193.0999755859375,1193.0,92.0,1193.0
2018-08-15,1188.0999755859375,1174.5999755859375,1187.800048828125,1177.5,71.0,1177.5
2018-08-16,1180.199951171875,1161.4000244140625,1173.199951171875,1176.199951171875,123.0,1176.199951171875
2018-08-17,1181.199951171875,1174.699951171875,1174.699951171875,1176.5,66.0,1176.5
2018-08-18,,,,,,
2018-08-19,,,,,,
2018-08-20,1190.0,1184.4000244140625,1184.800048828125,1186.800048828125,68.0,1186.800048828125
2018-08-21,1192.5999755859375,1189.800048828125,1189.800048828125,1192.5999755859375,22.0,1192.5999755859375
2018-08-22,1196.300048828125,1194.699951171875,1194.699951171875,1196.300048828125,17.0,1196.300048828125
2018-08-23,1190.300048828125,1184.9000244140625,1189.300048828125,1187.0,95.0,1187.0
2018-08-24,1208.0,1185.300048828125,1185.300048828125,1206.300048828125,12.0,1206.300048828125
2018-08-25,,,,,,
2018-08-26,,,,,,
2018-08-27,1211.4000244140625,1205.199951171875,1210.300048828125,1209.0,154.0,1209.0
2018-08-28,1217.0,1202.300048828125,1209.699951171875,1207.4000244140625,136.0,1207.4000244140625
2018-08-29,1205.199951171875,1202.4000244140625,1205.199951171875,1204.5,817.0,1204.5
2018-08-30,1205.5999755859375,1196.0,1205.4000244140625,1197.699951171875,493.0,1197.699951171875
2018-08-31,1208.199951171875,1199.0999755859375,1207.0999755859375,1200.300048828125,191.0,1200.300048828125
2018-09-01,,,,,,
2018-09-02,,,,,,
2018-09-03,,,,,,
2018-09-04,1193.800048828125,1189.9000244140625,1193.800048828125,1192.699951171875,26.0,1192.699951171875
2018-09-05,1196.0,1192.5,1192.5,1194.9000244140625,21.0,1194.9000244140625
2018-09-06,1202.0,1197.9000244140625,1202.0,1197.9000244140625,7.0,1197.9000244140625
2018-09-07,1198.300048828125,1193.0999755859375,1198.300048828125,1193.5999755859375,29.0,1193.5999755859375
2018-09-08,,,,,,
2018-09-09,,,,,,
2018-09-10,1193.0,1193.0,1193.0,1193.0,11.0,1193.0
2018-09-11,1196.300048828125,1190.4000244140625,1190.4000244140625,1195.4000244140625,21.0,1195.4000244140625
2018-09-12,1205.0,1204.699951171875,1205.0,1204.699951171875,37.0,1204.699951171875
2018-09-13,1203.4000244140625,1200.0,1203.4000244140625,1202.0,22.0,1202.0
2018-09-14,1195.0,1195.0,1195.0,1195.0,1.0,1195.0
2018-09-15,,,,,,
2018-09-16,,,,,,
2018-09-17,1199.699951171875,1199.699951171875,1199.699951171875,1199.699951171875,0.0,1199.699951171875
2018-09-18,1198.699951171875,1196.800048828125,1198.699951171875,1196.800048828125,2.0,1196.800048828125
2018-09-19,1202.199951171875,1202.199951171875,1202.199951171875,1202.199951171875,0.0,1202.199951171875
2018-09-20,1206.199951171875,1206.199951171875,1206.199951171875,1206.199951171875,0.0,1206.199951171875
2018-09-21,1196.199951171875,1196.199951171875,1196.199951171875,1196.199951171875,0.0,1196.199951171875
2018-09-22,,,,,,
2018-09-23,,,,,,
2018-09-24,1199.300048828125,1199.300048828125,1199.300048828125,1199.300048828125,0.0,1199.300048828125
2018-09-25,1202.800048828125,1200.0,1202.0999755859375,1200.0,21.0,1200.0
2018-09-26,1194.0,1194.0,1194.0,1194.0,17857.0,1194.0
2018-09-27,1197.300048828125,1180.5,1194.5999755859375,1182.300048828125,4947.0,1182.300048828125
2018-09-28,1191.9000244140625,1180.0,1181.699951171875,1191.5,404.0,1191.5
2018-09-29,,,,,,
2018-09-30,,,,,,
2018-10-01,1191.5999755859375,1185.800048828125,1191.5999755859375,1187.0999755859375,180.0,1187.0999755859375
2018-10-02,1206.0,1190.300048828125,1193.0,1202.4000244140625,451.0,1202.4000244140625
2018-10-03,1202.5999755859375,1196.5999755859375,1202.5999755859375,1198.300048828125,76.0,1198.300048828125
2018-10-04,1204.5999755859375,1197.199951171875,1199.300048828125,1197.199951171875,496.0,1197.199951171875
2018-10-05,1205.300048828125,1196.9000244140625,1197.0999755859375,1201.199951171875,34.0,1201.199951171875
2018-10-06,,,,,,
2018-10-07,,,,,,
2018-10-08,1201.0,1183.699951171875,1201.0,1184.4000244140625,250.0,1184.4000244140625
2018-10-09,1189.0999755859375,1185.5999755859375,1185.5999755859375,1187.199951171875,9.0,1187.199951171875
2018-10-10,1192.0,1189.300048828125,1189.300048828125,1189.300048828125,1078.0,1189.300048828125
2018-10-11,1224.5999755859375,1196.300048828125,1198.0999755859375,1223.5,126.0,1223.5
2018-10-12,1221.5999755859375,1216.0,1221.5999755859375,1218.0999755859375,122.0,1218.0999755859375
2018-10-13,,,,,,
2018-10-14,,,,,,
2018-10-15,1232.300048828125,1222.4000244140625,1222.4000244140625,1226.4000244140625,136.0,1226.4000244140625
2018-10-16,1230.5,1227.0999755859375,1227.0999755859375,1227.300048828125,426.0,1227.300048828125
2018-10-17,1225.9000244140625,1223.699951171875,1225.9000244140625,1223.699951171875,1.0,1223.699951171875
2018-10-18,1226.5,1226.5,1226.5,1226.5,165.0,1226.5
2018-10-19,1225.300048828125,1225.300048828125,1225.300048828125,1225.300048828125,55.0,1225.300048828125
2018-10-20,,,,,,
2018-10-21,,,,,,
2018-10-22,1224.5,1219.5999755859375,1224.5,1221.199951171875,18.0,1221.199951171875
2018-10-23,1237.800048828125,1224.800048828125,1224.800048828125,1233.4000244140625,33.0,1233.4000244140625
2018-10-24,1231.5999755859375,1227.800048828125,1231.5999755859375,1227.800048828125,36.0,1227.800048828125
2018-10-25,1238.5999755859375,1229.0999755859375,1238.5999755859375,1229.0999755859375,7.0,1229.0999755859375
2018-10-26,1234.800048828125,1232.5,1234.300048828125,1232.5,20.0,1232.5
2018-10-27,,,,,,
2018-10-28,,,,,,
2018-10-29,1224.5,1224.5,1224.5,1224.5,214.0,1224.5
2018-10-30,1227.699951171875,1219.800048828125,1227.699951171875,1222.5999755859375,72.0,1222.5999755859375
2018-10-31,1216.5999755859375,1212.0,1216.0,1212.300048828125,121.0,1212.300048828125
2018-11-01,1236.0,1215.4000244140625,1215.4000244140625,1236.0,14.0,1236.0
2018-11-02,1233.300048828125,1230.9000244140625,1233.300048828125,1230.9000244140625,18.0,1230.9000244140625
2018-11-03,,,,,,
2018-11-04,,,,,,
2018-11-05,1231.5,1226.699951171875,1230.5999755859375,1229.800048828125,15.0,1229.800048828125
2018-11-06,1233.800048828125,1223.800048828125,1230.699951171875,1223.800048828125,4.0,1223.800048828125
2018-11-07,1228.5999755859375,1226.199951171875,1228.5999755859375,1226.199951171875,1.0,1226.199951171875
2018-11-08,1222.9000244140625,1222.9000244140625,1222.9000244140625,1222.9000244140625,2.0,1222.9000244140625
2018-11-09,1207.9000244140625,1206.4000244140625,1207.9000244140625,1206.4000244140625,14.0,1206.4000244140625
2018-11-10,,,,,,
2018-11-11,,,,,,
2018-11-12,1201.5999755859375,1201.300048828125,1201.5999755859375,1201.300048828125,1.0,1201.300048828125
2018-11-13,1201.300048828125,1196.300048828125,1196.300048828125,1199.199951171875,5.0,1199.199951171875
2018-11-14,1207.9000244140625,1207.9000244140625,1207.9000244140625,1207.9000244140625,0.0,1207.9000244140625
2018-11-15,1212.800048828125,1212.800048828125,1212.800048828125,1212.800048828125,0.0,1212.800048828125
2018-11-16,1223.800048828125,1216.699951171875,1216.699951171875,1220.800048828125,5.0,1220.800048828125
2018-11-17,,,,,,
2018-11-18,,,,,,
2018-11-19,1223.0999755859375,1223.0999755859375,1223.0999755859375,1223.0999755859375,0.0,1223.0999755859375
2018-11-20,1228.800048828125,1219.0,1225.300048828125,1219.0,12.0,1219.0
2018-11-21,1225.800048828125,1225.800048828125,1225.800048828125,1225.800048828125,0.0,1225.800048828125
2018-11-22,,,,,,
2018-11-23,,,,,,
2018-11-24,,,,,,
2018-11-25,,,,,,
2018-11-26,1222.0,1220.199951171875,1220.199951171875,1220.199951171875,2.0,1220.199951171875
2018-11-27,1222.0,1211.199951171875,1221.9000244140625,1211.199951171875,5.0,1211.199951171875
2018-11-28,1221.4000244140625,1211.5,1211.5,1221.4000244140625,247168.0,1221.4000244140625
2018-11-29,1228.699951171875,1220.5,1221.0,1224.0999755859375,55478.0,1224.0999755859375
2018-11-30,1225.0,1216.0999755859375,1224.0999755859375,1220.199951171875,2060.0,1220.199951171875
2018-12-01,,,,,,
2018-12-02,,,,,,
2018-12-03,1234.0999755859375,1221.300048828125,1222.5,1233.9000244140625,751.0,1233.9000244140625
2018-12-04,1241.4000244140625,1230.4000244140625,1231.0,1241.0999755859375,474.0,1241.0999755859375
2018-12-05,,,,,,
2018-12-06,1244.4000244140625,1234.800048828125,1237.5,1238.0999755859375,434.0,1238.0999755859375
2018-12-07,1249.800048828125,1237.5999755859375,1238.300048828125,1246.800048828125,211.0,1246.800048828125
2018-12-08,,,,,,
2018-12-09,,,,,,
2018-12-10,1249.5999755859375,1241.699951171875,1249.5999755859375,1243.699951171875,131.0,1243.699951171875
2018-12-11,1248.699951171875,1241.5,1245.800048828125,1241.9000244140625,117.0,1241.9000244140625
2018-12-12,1245.5999755859375,1244.0999755859375,1245.300048828125,1244.4000244140625,84.0,1244.4000244140625
2018-12-13,1243.5,1241.0,1243.5,1242.699951171875,194.0,1242.699951171875
2018-12-14,1241.699951171875,1234.0999755859375,1241.699951171875,1237.0,33.0,1237.0
2018-12-15,,,,,,
2018-12-16,,,,,,
2018-12-17,1247.4000244140625,1239.300048828125,1239.300048828125,1247.4000244140625,10.0,1247.4000244140625
2018-12-18,1249.199951171875,1245.5999755859375,1248.199951171875,1249.199951171875,31.0,1249.199951171875
2018-12-19,1255.800048828125,1252.0999755859375,1255.800048828125,1252.0999755859375,268.0,1252.0999755859375
2018-12-20,1263.5999755859375,1243.199951171875,1243.199951171875,1263.5999755859375,49.0,1263.5999755859375
2018-12-21,1261.300048828125,1253.800048828125,1260.300048828125,1253.800048828125,96.0,1253.800048828125
2018-12-22,,,,,,
2018-12-23,,,,,,
2018-12-24,,,,,,
2018-12-25,,,,,,
2018-12-26,1277.4000244140625,1269.199951171875,1269.300048828125,1269.199951171875,63.0,1269.199951171875
2018-12-27,1277.300048828125,1276.699951171875,1276.699951171875,1277.300048828125,480.0,1277.300048828125
2018-12-28,1280.0999755859375,1273.5,1273.5,1279.9000244140625,805.0,1279.9000244140625
2018-12-29,,,,,,
2018-12-30,,,,,,
2018-12-31,1281.300048828125,1277.5999755859375,1278.0,1278.300048828125,19.0,1278.300048828125
2019-01-01,,,,,,
2019-01-02,1286.0,1277.5999755859375,1286.0,1281.0,149.0,1281.0
2019-01-03,1292.0,1286.699951171875,1286.800048828125,1291.800048828125,10.0,1291.800048828125
2019-01-04,1294.199951171875,1275.300048828125,1294.199951171875,1282.699951171875,34.0,1282.699951171875
2019-01-05,,,,,,
2019-01-06,,,,,,
2019-01-07,1286.800048828125,1286.5999755859375,1286.800048828125,1286.800048828125,2.0,1286.800048828125
2019-01-08,1283.199951171875,1278.199951171875,1280.5,1283.199951171875,54.0,1283.199951171875
2019-01-09,1289.300048828125,1279.199951171875,1279.4000244140625,1289.300048828125,102.0,1289.300048828125
2019-01-10,1284.699951171875,1284.699951171875,1284.699951171875,1284.699951171875,0.0,1284.699951171875
2019-01-11,1291.199951171875,1286.300048828125,1291.199951171875,1287.0999755859375,11.0,1287.0999755859375
2019-01-12,,,,,,
2019-01-13,,,,,,
2019-01-14,1293.9000244140625,1289.0999755859375,1292.4000244140625,1289.0999755859375,7.0,1289.0999755859375
2019-01-15,1292.699951171875,1286.199951171875,1290.0999755859375,1286.199951171875,3.0,1286.199951171875
2019-01-16,1291.5999755859375,1291.5999755859375,1291.5999755859375,1291.5999755859375,2.0,1291.5999755859375
2019-01-17,1292.699951171875,1288.5,1291.5999755859375,1291.0,10.0,1291.0
2019-01-18,1281.300048828125,1281.300048828125,1281.300048828125,1281.300048828125,3.0,1281.300048828125
2019-01-19,,,,,,
2019-01-20,,,,,,
2019-01-21,,,,,,
2019-01-22,1283.300048828125,1282.5,1282.5,1282.5,7.0,1282.5
2019-01-23,1283.9000244140625,1278.699951171875,1281.699951171875,1283.0999755859375,14.0,1283.0999755859375
2019-01-24,1279.0999755859375,1278.5,1279.0999755859375,1279.0999755859375,1.0,1279.0999755859375
2019-01-25,1297.4000244140625,1297.4000244140625,1297.4000244140625,1297.4000244140625,0.0,1297.4000244140625
2019-01-26,,,,,,
2019-01-27,,,,,,
2019-01-28,1307.0999755859375,1298.4000244140625,1300.800048828125,1302.4000244140625,54.0,1302.4000244140625
2019-01-29,1308.199951171875,1308.199951171875,1308.199951171875,1308.199951171875,213607.0,1308.199951171875
2019-01-30,1323.4000244140625,1308.0999755859375,1310.4000244140625,1309.9000244140625,54958.0,1309.9000244140625
2019-01-31,1325.4000244140625,1316.699951171875,1320.0,1319.699951171875,1970.0,1319.699951171875
2019-02-01,1320.699951171875,1315.4000244140625,1320.300048828125,1316.9000244140625,878.0,1316.9000244140625
2019-02-02,,,,,,
2019-02-03,,,,,,
2019-02-04,1318.0999755859375,1308.300048828125,1318.0999755859375,1314.300048828125,675.0,1314.300048828125
2019-02-05,1315.0999755859375,1311.0,1311.0999755859375,1314.199951171875,362.0,1314.199951171875
2019-02-06,1313.5,1305.0,1312.5,1309.5,358.0,1309.5
2019-02-07,1310.4000244140625,1302.199951171875,1302.9000244140625,1309.4000244140625,203.0,1309.4000244140625
2019-02-08,1314.0,1307.800048828125,1309.5,1313.699951171875,122.0,1313.699951171875
2019-02-09,,,,,,
2019-02-10,,,,,,
2019-02-11,1313.4000244140625,1304.699951171875,1313.4000244140625,1307.0,119.0,1307.0
2019-02-12,1312.0,1307.5999755859375,1310.0,1309.199951171875,109.0,1309.199951171875
2019-02-13,1316.0,1308.0999755859375,1311.5999755859375,1310.800048828125,143.0,1310.800048828125
2019-02-14,1311.800048828125,1301.5999755859375,1305.0,1309.800048828125,858.0,1309.800048828125
2019-02-15,1318.800048828125,1313.5999755859375,1313.5999755859375,1318.0999755859375,190.0,1318.0999755859375
2019-02-16,,,,,,
2019-02-17,,,,,,
2019-02-18,,,,,,
2019-02-19,1340.0999755859375,1320.5,1320.9000244140625,1340.0999755859375,390.0,1340.0999755859375
2019-02-20,1344.0,1338.0,1342.199951171875,1343.300048828125,581.0,1343.300048828125
2019-02-21,1334.9000244140625,1320.9000244140625,1331.300048828125,1323.5,414.0,1323.5
2019-02-22,1331.300048828125,1321.0,1324.199951171875,1329.199951171875,718.0,1329.199951171875
2019-02-23,,,,,,
2019-02-24,,,,,,
2019-02-25,1331.5999755859375,1325.5999755859375,1329.199951171875,1325.9000244140625,185.0,1325.9000244140625
2019-02-26,1325.5,1323.300048828125,1323.300048828125,1325.0999755859375,939.0,1325.0999755859375
2019-02-27,1327.9000244140625,1316.5,1327.699951171875,1317.699951171875,604.0,1317.699951171875
2019-02-28,1323.699951171875,1311.5,1321.0999755859375,1312.800048828125,141.0,1312.800048828125
2019-03-01,1312.199951171875,1288.9000244140625,1312.199951171875,1296.4000244140625,110.0,1296.4000244140625
2019-03-02,,,,,,
2019-03-03,,,,,,
2019-03-04,1287.0,1281.9000244140625,1285.5,1284.800048828125,28.0,1284.800048828125
2019-03-05,1287.0,1282.0,1287.0,1282.0,114.0,1282.0
2019-03-06,1287.0999755859375,1282.5999755859375,1287.0999755859375,1284.9000244140625,14.0,1284.9000244140625
2019-03-07,1284.5999755859375,1281.0,1281.0,1283.800048828125,11.0,1283.800048828125
2019-03-08,1297.4000244140625,1291.5999755859375,1292.0999755859375,1297.0,10.0,1297.0
2019-03-09,,,,,,
2019-03-10,,,,,,
2019-03-11,1291.0,1288.800048828125,1291.0,1288.800048828125,9.0,1288.800048828125
2019-03-12,1296.300048828125,1294.699951171875,1294.699951171875,1296.300048828125,1.0,1296.300048828125
2019-03-13,1307.5,1307.5,1307.5,1307.5,0.0,1307.5
2019-03-14,1293.4000244140625,1293.4000244140625,1293.4000244140625,1293.4000244140625,1.0,1293.4000244140625
2019-03-15,1304.699951171875,1300.5,1300.9000244140625,1301.800048828125,26.0,1301.800048828125
2019-03-16,,,,,,
2019-03-17,,,,,,
2019-03-18,1302.199951171875,1297.300048828125,1297.300048828125,1300.300048828125,8.0,1300.300048828125
2019-03-19,1306.9000244140625,1304.800048828125,1306.9000244140625,1305.0,20.0,1305.0
2019-03-20,1300.699951171875,1300.5,1300.699951171875,1300.5,2.0,1300.5
2019-03-21,1306.0999755859375,1306.0999755859375,1306.0999755859375,1306.0999755859375,0.0,1306.0999755859375
2019-03-22,1311.5999755859375,1311.5999755859375,1311.5999755859375,1311.5999755859375,0.0,1311.5999755859375
2019-03-23,,,,,,
2019-03-24,,,,,,
2019-03-25,1322.9000244140625,1320.699951171875,1320.699951171875,1321.9000244140625,19.0,1321.9000244140625
2019-03-26,1315.5999755859375,1314.300048828125,1315.5999755859375,1314.300048828125,1.0,1314.300048828125
2019-03-27,1309.9000244140625,1309.9000244140625,1309.9000244140625,1309.9000244140625,206263.0,1309.9000244140625
2019-03-28,1311.0999755859375,1287.699951171875,1308.4000244140625,1289.800048828125,87798.0,1289.800048828125
2019-03-29,1298.5,1286.0999755859375,1289.5999755859375,1293.0,1265.0,1293.0
2019-03-30,,,,,,
2019-03-31,,,,,,
2019-04-01,1295.9000244140625,1285.699951171875,1291.800048828125,1288.4000244140625,675.0,1288.4000244140625
2019-04-02,1290.9000244140625,1284.5,1286.300048828125,1290.0,525.0,1290.0
2019-04-03,1293.0999755859375,1287.5,1291.4000244140625,1289.9000244140625,172.0,1289.9000244140625
2019-04-04,1292.5999755859375,1279.5,1290.5999755859375,1289.0,269.0,1289.0
2019-04-05,1292.0,1283.5999755859375,1292.0,1290.4000244140625,181.0,1290.4000244140625
2019-04-06,,,,,,
2019-04-07,,,,,,
2019-04-08,1302.0999755859375,1291.800048828125,1292.199951171875,1297.0999755859375,63.0,1297.0999755859375
2019-04-09,1304.9000244140625,1298.5,1298.5,1303.5,30.0,1303.5
2019-04-10,1309.0999755859375,1301.5,1304.0,1309.0999755859375,66.0,1309.0999755859375
2019-04-11,1307.0999755859375,1288.5999755859375,1307.0,1288.5999755859375,420.0,1288.5999755859375
2019-04-12,1293.4000244140625,1289.199951171875,1293.4000244140625,1290.5999755859375,607.0,1290.5999755859375
2019-04-13,,,,,,
2019-04-14,,,,,,
2019-04-15,1287.300048828125,1282.300048828125,1284.800048828125,1286.800048828125,523.0,1286.800048828125
2019-04-16,1285.199951171875,1272.199951171875,1285.199951171875,1272.5999755859375,643.0,1272.5999755859375
2019-04-17,1273.5,1271.5999755859375,1273.5,1272.199951171875,308.0,1272.199951171875
2019-04-18,1273.5999755859375,1270.0999755859375,1270.800048828125,1271.9000244140625,27.0,1271.9000244140625
2019-04-19,,,,,,
2019-04-20,,,,,,
2019-04-21,,,,,,
2019-04-22,1273.5,1273.5,1273.5,1273.5,147.0,1273.5
2019-04-23,1269.800048828125,1266.0,1266.4000244140625,1269.300048828125,206.0,1269.300048828125
2019-04-24,1275.5,1267.800048828125,1268.4000244140625,1275.5,518.0,1275.5
2019-04-25,1280.800048828125,1275.800048828125,1280.5999755859375,1275.800048828125,95.0,1275.800048828125
2019-04-26,1284.9000244140625,1284.9000244140625,1284.9000244140625,1284.9000244140625,804.0,1284.9000244140625
2019-04-27,,,,,,
2019-04-28,,,,,,
2019-04-29,1284.9000244140625,1277.0999755859375,1284.800048828125,1278.5999755859375,568.0,1278.5999755859375
2019-04-30,1283.300048828125,1280.800048828125,1281.699951171875,1282.800048828125,114.0,1282.800048828125
2019-05-01,1283.300048828125,1278.699951171875,1278.699951171875,1281.4000244140625,70.0,1281.4000244140625
2019-05-02,1270.800048828125,1266.5999755859375,1269.199951171875,1269.699951171875,63.0,1269.699951171875
2019-05-03,1279.199951171875,1270.0999755859375,1270.0999755859375,1279.199951171875,15.0,1279.199951171875
2019-05-04,,,,,,
2019-05-05,,,,,,
2019-05-06,1282.199951171875,1280.300048828125,1282.199951171875,1281.699951171875,12.0,1281.699951171875
2019-05-07,1283.5,1280.5,1280.5,1283.5,8.0,1283.5
2019-05-08,1279.4000244140625,1279.4000244140625,1279.4000244140625,1279.4000244140625,5.0,1279.4000244140625
2019-05-09,1285.0,1278.800048828125,1278.9000244140625,1283.5,38.0,1283.5
2019-05-10,1286.5,1283.300048828125,1285.4000244140625,1285.699951171875,6.0,1285.699951171875
2019-05-11,,,,,,
2019-05-12,,,,,,
2019-05-13,1300.0999755859375,1281.800048828125,1286.699951171875,1300.0999755859375,56.0,1300.0999755859375
2019-05-14,1297.800048828125,1294.699951171875,1297.800048828125,1294.699951171875,6.0,1294.699951171875
2019-05-15,1296.9000244140625,1296.0,1296.9000244140625,1296.300048828125,55.0,1296.300048828125
2019-05-16,1285.4000244140625,1285.0,1285.199951171875,1285.0,3.0,1285.0
2019-05-17,1280.0,1274.5,1280.0,1274.5,1.0,1274.5
2019-05-18,,,,,,
2019-05-19,,,,,,
2019-05-20,1276.0999755859375,1276.0999755859375,1276.0999755859375,1276.0999755859375,20.0,1276.0999755859375
2019-05-21,1272.0,1272.0,1272.0,1272.0,0.0,1272.0
2019-05-22,1273.5999755859375,1273.5999755859375,1273.5999755859375,1273.5999755859375,0.0,1273.5999755859375
2019-05-23,1284.800048828125,1284.800048828125,1284.800048828125,1284.800048828125,0.0,1284.800048828125
2019-05-24,1283.0,1283.0,1283.0,1283.0,9.0,1283.0
2019-05-25,,,,,,
2019-05-26,,,,,,
2019-05-27,,,,,,
2019-05-28,1276.5,1276.5,1276.5,1276.5,0.0,1276.5
2019-05-29,1280.5999755859375,1280.5999755859375,1280.5999755859375,1280.5999755859375,189694.0,1280.5999755859375
2019-05-30,1288.300048828125,1273.9000244140625,1279.4000244140625,1287.0999755859375,55573.0,1287.0999755859375
2019-05-31,1306.4000244140625,1287.5,1287.699951171875,1305.800048828125,2814.0,1305.800048828125
2019-06-01,,,,,,
2019-06-02,,,,,,
2019-06-03,1327.800048828125,1307.0,1307.0,1322.699951171875,812.0,1322.699951171875
2019-06-04,1328.5999755859375,1320.800048828125,1324.300048828125,1323.4000244140625,302.0,1323.4000244140625
2019-06-05,1343.300048828125,1326.300048828125,1328.9000244140625,1328.300048828125,622.0,1328.300048828125
2019-06-06,1338.699951171875,1326.199951171875,1330.800048828125,1337.5999755859375,161.0,1337.5999755859375
2019-06-07,1347.699951171875,1329.800048828125,1333.0999755859375,1341.199951171875,240.0,1341.199951171875
2019-06-08,,,,,,
2019-06-09,,,,,,
2019-06-10,1336.5,1324.0999755859375,1335.800048828125,1324.699951171875,268.0,1324.699951171875
2019-06-11,1328.4000244140625,1319.0999755859375,1328.4000244140625,1326.4000244140625,201.0,1326.4000244140625
2019-06-12,1334.5,1326.9000244140625,1326.9000244140625,1331.9000244140625,139.0,1331.9000244140625
2019-06-13,1341.0999755859375,1331.5999755859375,1331.5999755859375,1339.199951171875,157.0,1339.199951171875
2019-06-14,1355.4000244140625,1339.300048828125,1345.4000244140625,1340.0999755859375,914.0,1340.0999755859375
2019-06-15,,,,,,
2019-06-16,,,,,,
2019-06-17,1340.300048828125,1335.0,1339.0,1338.699951171875,76.0,1338.699951171875
2019-06-18,1349.300048828125,1341.5999755859375,1349.300048828125,1346.5999755859375,29.0,1346.5999755859375
2019-06-19,1344.5999755859375,1344.0,1344.0,1344.5999755859375,129.0,1344.5999755859375
2019-06-20,1392.9000244140625,1379.5,1381.5,1392.9000244140625,76.0,1392.9000244140625
2019-06-21,1406.0,1390.300048828125,1406.0,1396.199951171875,35.0,1396.199951171875
2019-06-22,,,,,,
2019-06-23,,,,,,
2019-06-24,1420.5999755859375,1402.0999755859375,1406.0,1414.300048828125,125.0,1414.300048828125
2019-06-25,1433.300048828125,1414.9000244140625,1418.0999755859375,1414.9000244140625,105.0,1414.9000244140625
2019-06-26,1413.300048828125,1405.800048828125,1407.199951171875,1411.5999755859375,1333.0,1411.5999755859375
2019-06-27,1410.800048828125,1399.800048828125,1407.0,1408.4000244140625,437.0,1408.4000244140625
2019-06-28,1422.0,1408.300048828125,1408.300048828125,1409.699951171875,356.0,1409.699951171875
2019-06-29,,,,,,
2019-06-30,,,,,,
2019-07-01,1395.800048828125,1382.800048828125,1386.5999755859375,1385.5999755859375,214.0,1385.5999755859375
2019-07-02,1418.4000244140625,1390.800048828125,1391.0999755859375,1404.5999755859375,38.0,1404.5999755859375
2019-07-03,,,,,,
2019-07-04,,,,,,
2019-07-05,1418.300048828125,1390.199951171875,1418.300048828125,1396.699951171875,20.0,1396.699951171875
2019-07-06,,,,,,
2019-07-07,,,,,,
2019-07-08,1397.0,1393.5999755859375,1395.9000244140625,1397.0,14.0,1397.0
2019-07-09,1397.5,1386.199951171875,1394.5,1397.5,53.0,1397.5
2019-07-10,1410.0999755859375,1409.9000244140625,1409.9000244140625,1410.0999755859375,50.0,1410.0999755859375
2019-07-11,1424.0,1404.300048828125,1424.0,1404.300048828125,6.0,1404.300048828125
2019-07-12,1410.0999755859375,1405.5999755859375,1405.5999755859375,1409.9000244140625,8.0,1409.9000244140625
2019-07-13,,,,,,
2019-07-14,,,,,,
2019-07-15,1415.0,1411.4000244140625,1414.4000244140625,1411.4000244140625,25.0,1411.4000244140625
2019-07-16,1413.699951171875,1405.0,1413.5999755859375,1409.199951171875,13.0,1409.199951171875
2019-07-17,1421.300048828125,1404.5999755859375,1404.5999755859375,1421.300048828125,6.0,1421.300048828125
2019-07-18,1444.199951171875,1419.5,1422.300048828125,1426.0999755859375,66.0,1426.0999755859375
2019-07-19,1442.0,1425.0999755859375,1440.5,1425.0999755859375,22.0,1425.0999755859375
2019-07-20,,,,,,
2019-07-21,,,,,,
2019-07-22,1425.300048828125,1424.0,1425.300048828125,1425.300048828125,1.0,1425.300048828125
2019-07-23,1421.300048828125,1416.300048828125,1418.5999755859375,1420.0999755859375,5.0,1420.0999755859375
2019-07-24,1422.800048828125,1422.800048828125,1422.800048828125,1422.800048828125,20.0,1422.800048828125
2019-07-25,1413.9000244140625,1413.9000244140625,1413.9000244140625,1413.9000244140625,4.0,1413.9000244140625
2019-07-26,1423.0,1418.5,1422.800048828125,1418.5,5.0,1418.5
2019-07-27,,,,,,
2019-07-28,,,,,,
2019-07-29,1419.5999755859375,1419.5999755859375,1419.5999755859375,1419.5999755859375,224267.0,1419.5999755859375
2019-07-30,1433.9000244140625,1422.0999755859375,1426.300048828125,1429.699951171875,73874.0,1429.699951171875
2019-07-31,1435.800048828125,1411.199951171875,1431.300048828125,1426.0999755859375,3294.0,1426.0999755859375
2019-08-01,1445.199951171875,1400.9000244140625,1411.300048828125,1420.9000244140625,2431.0,1420.9000244140625
2019-08-02,1448.0,1432.300048828125,1448.0,1445.5999755859375,1873.0,1445.5999755859375
2019-08-03,,,,,,
2019-08-04,,,,,,
2019-08-05,1469.699951171875,1440.4000244140625,1440.4000244140625,1464.5999755859375,1008.0,1464.5999755859375
2019-08-06,1475.0,1457.699951171875,1469.699951171875,1472.4000244140625,460.0,1472.4000244140625
2019-08-07,1509.9000244140625,1473.199951171875,1473.5,1507.300048828125,824.0,1507.300048828125
2019-08-08,1508.5,1492.0,1498.4000244140625,1497.699951171875,367.0,1497.699951171875
2019-08-09,1507.5,1495.5999755859375,1506.199951171875,1496.5999755859375,74.0,1496.5999755859375
2019-08-10,,,,,,
2019-08-11,,,,,,
2019-08-12,1514.9000244140625,1488.0999755859375,1496.0,1505.300048828125,257.0,1505.300048828125
2019-08-13,1531.4000244140625,1483.699951171875,1510.4000244140625,1502.199951171875,672.0,1502.199951171875
2019-08-14,1520.5,1497.0,1500.0,1515.9000244140625,328.0,1515.9000244140625
2019-08-15,1522.699951171875,1510.5999755859375,1519.800048828125,1519.5999755859375,87.0,1519.5999755859375
2019-08-16,1524.5999755859375,1504.699951171875,1524.5999755859375,1512.5,1815.0,1512.5
2019-08-17,,,,,,
2019-08-18,,,,,,
2019-08-19,1507.5999755859375,1492.9000244140625,1507.199951171875,1500.4000244140625,205.0,1500.4000244140625
2019-08-20,1506.0999755859375,1497.5,1497.5,1504.5999755859375,486.0,1504.5999755859375
2019-08-21,1505.0,1498.800048828125,1504.9000244140625,1504.5999755859375,350.0,1504.5999755859375
2019-08-22,1497.300048828125,1493.800048828125,1495.0999755859375,1497.300048828125,686.0,1497.300048828125
2019-08-23,1527.5999755859375,1493.5,1493.5,1526.5999755859375,983.0,1526.5999755859375
2019-08-24,,,,,,
2019-08-25,,,,,,
2019-08-26,1543.300048828125,1524.300048828125,1543.199951171875,1526.300048828125,334.0,1526.300048828125
2019-08-27,1542.0999755859375,1528.5,1530.5,1541.0,166.0,1541.0
2019-08-28,1538.0999755859375,1537.800048828125,1538.0999755859375,1537.800048828125,2756.0,1537.800048828125
2019-08-29,1549.300048828125,1519.5999755859375,1537.5,1526.5,704.0,1526.5
2019-08-30,1530.4000244140625,1516.699951171875,1524.5999755859375,1519.0999755859375,276.0,1519.0999755859375
2019-08-31,,,,,,
2019-09-01,,,,,,
2019-09-02,,,,,,
2019-09-03,1547.300048828125,1521.0,1522.9000244140625,1545.9000244140625,139.0,1545.9000244140625
2019-09-04,1553.199951171875,1534.800048828125,1549.0,1550.300048828125,46.0,1550.300048828125
2019-09-05,1551.0999755859375,1511.0999755859375,1551.0,1515.4000244140625,125.0,1515.4000244140625
2019-09-06,1526.0,1504.5,1517.300048828125,1506.199951171875,54.0,1506.199951171875
2019-09-07,,,,,,
2019-09-08,,,,,,
2019-09-09,1513.0,1498.0,1509.0,1502.199951171875,69.0,1502.199951171875
2019-09-10,1498.5,1486.9000244140625,1498.5,1490.300048828125,23.0,1490.300048828125
2019-09-11,1496.5999755859375,1490.199951171875,1491.699951171875,1494.4000244140625,8.0,1494.4000244140625
2019-09-12,1515.4000244140625,1498.699951171875,1499.5,1498.699951171875,27.0,1498.699951171875
2019-09-13,1490.9000244140625,1486.9000244140625,1490.9000244140625,1490.9000244140625,1.0,1490.9000244140625
2019-09-14,,,,,,
2019-09-15,,,,,,
2019-09-16,1506.800048828125,1496.9000244140625,1506.5999755859375,1503.0999755859375,21.0,1503.0999755859375
2019-09-17,1505.0999755859375,1497.9000244140625,1497.9000244140625,1505.0999755859375,3.0,1505.0999755859375
2019-09-18,1509.4000244140625,1489.300048828125,1508.9000244140625,1507.5,8.0,1507.5
2019-09-19,1502.4000244140625,1496.0999755859375,1496.0999755859375,1498.4000244140625,10.0,1498.4000244140625
2019-09-20,1507.300048828125,1503.0,1503.0,1507.300048828125,2.0,1507.300048828125
2019-09-21,,,,,,
2019-09-22,,,,,,
2019-09-23,1523.699951171875,1515.5,1515.5,1523.699951171875,5.0,1523.699951171875
2019-09-24,1533.0,1515.0999755859375,1515.0999755859375,1532.0999755859375,25.0,1532.0999755859375
2019-09-25,1527.9000244140625,1504.5999755859375,1527.5999755859375,1504.5999755859375,25.0,1504.5999755859375
2019-09-26,1507.5,1507.5,1507.5,1507.5,8178.0,1507.5
2019-09-27,1506.0999755859375,1485.5999755859375,1504.199951171875,1499.0999755859375,7827.0,1499.0999755859375
2019-09-28,,,,,,
2019-09-29,,,,,,
2019-09-30,1495.9000244140625,1463.5,1495.9000244140625,1465.699951171875,1078.0,1465.699951171875
2019-10-01,1485.5,1458.300048828125,1468.699951171875,1482.0,219.0,1482.0
2019-10-02,1503.699951171875,1474.0999755859375,1476.5999755859375,1501.0,205.0,1501.0
2019-10-03,1518.199951171875,1496.5999755859375,1497.4000244140625,1507.0999755859375,1213.0,1507.0999755859375
2019-10-04,1508.699951171875,1497.0999755859375,1505.5999755859375,1506.199951171875,233.0,1506.199951171875
2019-10-05,,,,,,
2019-10-06,,,,,,
2019-10-07,1505.800048828125,1489.0999755859375,1504.800048828125,1497.699951171875,121.0,1497.699951171875
2019-10-08,1506.300048828125,1489.300048828125,1489.4000244140625,1497.199951171875,46.0,1497.199951171875
2019-10-09,1507.699951171875,1498.4000244140625,1507.699951171875,1506.0999755859375,120.0,1506.0999755859375
2019-10-10,1511.199951171875,1490.5999755859375,1511.199951171875,1494.800048828125,78.0,1494.800048828125
2019-10-11,1494.9000244140625,1476.9000244140625,1491.9000244140625,1482.699951171875,57.0,1482.699951171875
2019-10-12,,,,,,
2019-10-13,,,,,,
2019-10-14,1493.5,1481.300048828125,1484.4000244140625,1491.699951171875,400.0,1491.699951171875
2019-10-15,1495.4000244140625,1476.5999755859375,1488.9000244140625,1477.5999755859375,367.0,1477.5999755859375
2019-10-16,1488.0,1480.0,1482.0,1488.0,383.0,1488.0
2019-10-17,1493.199951171875,1485.800048828125,1486.199951171875,1492.300048828125,271.0,1492.300048828125
2019-10-18,1489.0999755859375,1486.5999755859375,1487.300048828125,1488.199951171875,82.0,1488.199951171875
2019-10-19,,,,,,
2019-10-20,,,,,,
2019-10-21,1489.9000244140625,1481.5,1489.9000244140625,1482.4000244140625,72.0,1482.4000244140625
2019-10-22,1483.5,1481.699951171875,1483.4000244140625,1481.699951171875,99.0,1481.699951171875
2019-10-23,1490.300048828125,1486.4000244140625,1486.4000244140625,1489.9000244140625,67.0,1489.9000244140625
2019-10-24,1501.199951171875,1485.9000244140625,1490.5,1498.9000244140625,115.0,1498.9000244140625
2019-10-25,1514.300048828125,1499.0,1501.4000244140625,1499.5,93.0,1499.5
2019-10-26,,,,,,
2019-10-27,,,,,,
2019-10-28,1504.0999755859375,1490.0,1504.0999755859375,1490.0,37.0,1490.0
2019-10-29,1487.0,1485.9000244140625,1485.9000244140625,1487.0,425.0,1487.0
2019-10-30,1495.4000244140625,1481.0,1487.199951171875,1493.199951171875,320.0,1493.199951171875
2019-10-31,1513.0999755859375,1496.0999755859375,1496.0999755859375,1511.4000244140625,210.0,1511.4000244140625
2019-11-01,1511.5999755859375,1503.0,1511.0,1508.0,235.0,1508.0
2019-11-02,,,,,,
2019-11-03,,,,,,
2019-11-04,1511.5999755859375,1508.0,1511.5999755859375,1508.0,101.0,1508.0
2019-11-05,1507.0999755859375,1480.800048828125,1507.0999755859375,1480.800048828125,31.0,1480.800048828125
2019-11-06,1491.0,1483.199951171875,1483.199951171875,1490.199951171875,567.0,1490.199951171875
2019-11-07,1489.0999755859375,1464.199951171875,1489.0999755859375,1464.199951171875,581.0,1464.199951171875
2019-11-08,1469.0999755859375,1461.300048828125,1469.0999755859375,1461.300048828125,21.0,1461.300048828125
2019-11-09,,,,,,
2019-11-10,,,,,,
2019-11-11,1461.0,1449.300048828125,1461.0,1455.5,22.0,1455.5
2019-11-12,1454.9000244140625,1447.0999755859375,1454.9000244140625,1452.0999755859375,6.0,1452.0999755859375
2019-11-13,1463.300048828125,1456.800048828125,1456.800048828125,1461.699951171875,56.0,1461.699951171875
2019-11-14,1471.800048828125,1463.699951171875,1463.800048828125,1471.800048828125,83.0,1471.800048828125
2019-11-15,1469.0999755859375,1467.300048828125,1469.0999755859375,1467.300048828125,13.0,1467.300048828125
2019-11-16,,,,,,
2019-11-17,,,,,,
2019-11-18,1472.0,1469.699951171875,1472.0,1470.9000244140625,141.0,1470.9000244140625
2019-11-19,1474.300048828125,1467.699951171875,1467.699951171875,1473.300048828125,18.0,1473.300048828125
2019-11-20,1474.5,1467.300048828125,1472.5999755859375,1473.300048828125,31.0,1473.300048828125
2019-11-21,1463.0999755859375,1463.0999755859375,1463.0999755859375,1463.0999755859375,16.0,1463.0999755859375
2019-11-22,1468.5999755859375,1463.0999755859375,1468.5999755859375,1463.0999755859375,19.0,1463.0999755859375
2019-11-23,,,,,,
2019-11-24,,,,,,
2019-11-25,1457.0999755859375,1455.5,1457.0999755859375,1456.5999755859375,14.0,1456.5999755859375
2019-11-26,1459.800048828125,1459.800048828125,1459.800048828125,1459.800048828125,346362.0,1459.800048828125
2019-11-27,1461.9000244140625,1452.0,1461.0999755859375,1453.4000244140625,88364.0,1453.4000244140625
2019-11-28,,,,,,
2019-11-29,,,,,,
2019-11-30,,,,,,
2019-12-01,,,,,,
2019-12-02,1464.4000244140625,1453.300048828125,1462.800048828125,1462.300048828125,2172.0,1462.300048828125
2019-12-03,1480.4000244140625,1459.5,1461.5999755859375,1478.199951171875,1460.0,1478.199951171875
2019-12-04,1483.4000244140625,1471.199951171875,1477.5,1474.0,613.0,1474.0
2019-12-05,1478.0,1472.300048828125,1474.699951171875,1476.9000244140625,907.0,1476.9000244140625
2019-12-06,1476.0,1458.199951171875,1475.0,1459.0999755859375,899.0,1459.0999755859375
2019-12-07,,,,,,
2019-12-08,,,,,,
2019-12-09,1464.199951171875,1458.5999755859375,1458.800048828125,1459.300048828125,1461.0,1459.300048828125
2019-12-10,1467.199951171875,1460.699951171875,1460.699951171875,1462.5999755859375,367.0,1462.5999755859375
2019-12-11,1475.4000244140625,1463.0999755859375,1463.0999755859375,1469.4000244140625,393.0,1469.4000244140625
2019-12-12,1483.9000244140625,1463.699951171875,1475.0999755859375,1466.699951171875,955.0,1466.699951171875
2019-12-13,1475.9000244140625,1463.0999755859375,1463.0999755859375,1475.5999755859375,468.0,1475.5999755859375
2019-12-14,,,,,,
2019-12-15,,,,,,
2019-12-16,1475.300048828125,1473.800048828125,1473.800048828125,1475.0,99.0,1475.0
2019-12-17,1476.9000244140625,1474.0,1474.0999755859375,1474.5999755859375,410.0,1474.5999755859375
2019-12-18,1472.5999755859375,1472.5999755859375,1472.5999755859375,1472.5999755859375,250.0,1472.5999755859375
2019-12-19,1478.9000244140625,1473.300048828125,1475.9000244140625,1478.199951171875,319.0,1478.199951171875
2019-12-20,1478.0999755859375,1474.699951171875,1476.699951171875,1474.699951171875,118.0,1474.699951171875
2019-12-21,,,,,,
2019-12-22,,,,,,
2019-12-23,1482.5,1479.9000244140625,1482.300048828125,1482.5,391.0,1482.5
2019-12-24,,,,,,
2019-12-25,,,,,,
2019-12-26,1512.300048828125,1505.0,1505.199951171875,1509.300048828125,126.0,1509.300048828125
2019-12-27,1513.800048828125,1513.800048828125,1513.800048828125,1513.800048828125,839.0,1513.800048828125
2019-12-28,,,,,,
2019-12-29,,,,,,
2019-12-30,1515.0999755859375,1510.0,1512.5999755859375,1514.5,446.0,1514.5
2019-12-31,1523.4000244140625,1513.800048828125,1513.800048828125,1519.5,301.0,1519.5
2020-01-01,,,,,,
2020-01-02,1528.699951171875,1518.0,1518.0999755859375,1524.5,214.0,1524.5
2020-01-03,1552.699951171875,1530.0999755859375,1530.0999755859375,1549.199951171875,107.0,1549.199951171875
2020-01-04,,,,,,
2020-01-05,,,,,,
2020-01-06,1580.0,1560.4000244140625,1580.0,1566.199951171875,416.0,1566.199951171875
2020-01-07,1576.300048828125,1558.300048828125,1558.300048828125,1571.800048828125,47.0,1571.800048828125
2020-01-08,1604.199951171875,1552.300048828125,1579.699951171875,1557.4000244140625,236.0,1557.4000244140625
2020-01-09,1555.699951171875,1543.300048828125,1555.699951171875,1551.699951171875,54.0,1551.699951171875
2020-01-10,1558.800048828125,1545.4000244140625,1551.199951171875,1557.5,16.0,1557.5
2020-01-11,,,,,,
2020-01-12,,,,,,
2020-01-13,1558.0,1548.4000244140625,1557.4000244140625,1548.4000244140625,48.0,1548.4000244140625
2020-01-14,1546.699951171875,1534.9000244140625,1546.699951171875,1542.4000244140625,32.0,1542.4000244140625
2020-01-15,1553.9000244140625,1545.5999755859375,1548.0,1552.0999755859375,11.0,1552.0999755859375
2020-01-16,1556.0999755859375,1548.5,1555.699951171875,1549.0,98.0,1549.0
2020-01-17,1558.800048828125,1553.5999755859375,1554.0999755859375,1558.800048828125,108.0,1558.800048828125
2020-01-18,,,,,,
2020-01-19,,,,,,
2020-01-20,,,,,,
2020-01-21,1566.199951171875,1551.0,1559.300048828125,1556.4000244140625,45.0,1556.4000244140625
2020-01-22,1557.0999755859375,1549.800048828125,1549.800048828125,1555.300048828125,42.0,1555.300048828125
2020-01-23,1564.5999755859375,1552.199951171875,1553.0999755859375,1564.5999755859375,15.0,1564.5999755859375
2020-01-24,1571.0999755859375,1556.300048828125,1556.300048828125,1571.0999755859375,43.0,1571.0999755859375
2020-01-25,,,,,,
2020-01-26,,,,,,
2020-01-27,1584.5,1576.800048828125,1584.300048828125,1576.800048828125,22.0,1576.800048828125
2020-01-28,1576.4000244140625,1569.199951171875,1576.4000244140625,1569.199951171875,3.0,1569.199951171875
2020-01-29,1569.800048828125,1569.800048828125,1569.800048828125,1569.800048828125,251274.0,1569.800048828125
2020-01-30,1585.0,1571.4000244140625,1576.800048828125,1583.5,62336.0,1583.5
2020-01-31,1589.0,1570.0,1573.4000244140625,1582.9000244140625,1095.0,1582.9000244140625
2020-02-01,,,,,,
2020-02-02,,,,,,
2020-02-03,1593.300048828125,1568.199951171875,1592.9000244140625,1577.199951171875,1062.0,1577.199951171875
2020-02-04,1577.699951171875,1547.800048828125,1577.699951171875,1550.4000244140625,978.0,1550.4000244140625
2020-02-05,1560.699951171875,1547.699951171875,1553.199951171875,1557.800048828125,1305.0,1557.800048828125
2020-02-06,1565.5999755859375,1551.5999755859375,1553.5999755859375,1565.0999755859375,110.0,1565.0999755859375
2020-02-07,1571.9000244140625,1560.5,1564.9000244140625,1568.5999755859375,431.0,1568.5999755859375
2020-02-08,,,,,,
2020-02-09,,,,,,
2020-02-10,1574.699951171875,1568.5999755859375,1569.300048828125,1574.699951171875,128.0,1574.699951171875
2020-02-11,1571.0999755859375,1561.9000244140625,1570.9000244140625,1565.5999755859375,440.0,1565.5999755859375
2020-02-12,1568.699951171875,1561.0,1565.199951171875,1567.4000244140625,36.0,1567.4000244140625
2020-02-13,1575.0999755859375,1570.199951171875,1570.199951171875,1575.0999755859375,74.0,1575.0999755859375
2020-02-14,1582.699951171875,1574.800048828125,1575.800048828125,1582.699951171875,68.0,1582.699951171875
2020-02-15,,,,,,
2020-02-16,,,,,,
2020-02-17,,,,,,
2020-02-18,1604.300048828125,1579.800048828125,1579.800048828125,1600.0,310.0,1600.0
2020-02-19,1610.5,1599.699951171875,1600.5999755859375,1607.5,542.0,1607.5
2020-02-20,1621.0,1603.0,1606.5,1616.5999755859375,117.0,1616.5999755859375
2020-02-21,1645.0,1619.300048828125,1619.300048828125,1644.5999755859375,186.0,1644.5999755859375
2020-02-22,,,,,,
2020-02-23,,,,,,
2020-02-24,1686.5999755859375,1650.0,1657.0,1672.4000244140625,435.0,1672.4000244140625
2020-02-25,1653.699951171875,1632.300048828125,1645.0999755859375,1646.9000244140625,409.0,1646.9000244140625
2020-02-26,1648.0999755859375,1636.4000244140625,1644.0,1640.0,1990.0,1640.0
2020-02-27,1658.0,1638.5,1641.0999755859375,1640.0,707.0,1640.0
2020-02-28,1642.5,1564.0999755859375,1640.300048828125,1564.0999755859375,289.0,1564.0999755859375
2020-02-29,,,,,,
2020-03-01,,,,,,
2020-03-02,1608.300048828125,1574.300048828125,1583.9000244140625,1592.300048828125,537.0,1592.300048828125
2020-03-03,1645.300048828125,1594.0,1594.5,1642.0999755859375,610.0,1642.0999755859375
2020-03-04,1645.9000244140625,1631.300048828125,1645.4000244140625,1641.0999755859375,83.0,1641.0999755859375
2020-03-05,1672.9000244140625,1637.199951171875,1637.300048828125,1666.4000244140625,154.0,1666.4000244140625
2020-03-06,1686.199951171875,1647.199951171875,1670.800048828125,1670.800048828125,175.0,1670.800048828125
2020-03-07,,,,,,
2020-03-08,,,,,,
2020-03-09,1701.5999755859375,1657.699951171875,1696.0999755859375,1674.5,161.0,1674.5
2020-03-10,1674.5999755859375,1643.0,1671.5999755859375,1659.0999755859375,48.0,1659.0999755859375
2020-03-11,1666.5,1635.0,1656.5999755859375,1641.4000244140625,47.0,1641.4000244140625
2020-03-12,1647.5,1566.4000244140625,1637.0,1589.300048828125,256.0,1589.300048828125
2020-03-13,1589.800048828125,1513.800048828125,1574.9000244140625,1515.699951171875,89.0,1515.699951171875
2020-03-14,,,,,,
2020-03-15,,,,,,
2020-03-16,1569.0999755859375,1452.0999755859375,1569.0999755859375,1485.9000244140625,193.0,1485.9000244140625
2020-03-17,1537.699951171875,1469.300048828125,1469.300048828125,1524.9000244140625,122.0,1524.9000244140625
2020-03-18,1542.0,1477.300048828125,1537.5,1477.300048828125,333.0,1477.300048828125
2020-03-19,1491.5999755859375,1471.0,1481.5,1478.5999755859375,262.0,1478.5999755859375
2020-03-20,1484.0,1483.5,1483.5,1484.0,14.0,1484.0
2020-03-21,,,,,,
2020-03-22,,,,,,
2020-03-23,1567.0,1490.199951171875,1505.300048828125,1567.0,51.0,1567.0
2020-03-24,1685.5,1592.699951171875,1592.699951171875,1660.199951171875,442.0,1660.199951171875
2020-03-25,1676.5,1631.0999755859375,1676.5,1632.300048828125,476.0,1632.300048828125
2020-03-26,1660.5,1650.0999755859375,1660.5,1650.0999755859375,3.0,1650.0999755859375
2020-03-27,1623.9000244140625,1623.9000244140625,1623.9000244140625,1623.9000244140625,100638.0,1623.9000244140625
2020-03-28,,,,,,
2020-03-29,,,,,,
2020-03-30,1652.800048828125,1607.199951171875,1641.199951171875,1622.0,16389.0,1622.0
2020-03-31,1621.0,1576.0,1618.699951171875,1583.4000244140625,2874.0,1583.4000244140625
2020-04-01,1600.0,1570.0,1570.0,1578.199951171875,2158.0,1578.199951171875
2020-04-02,1631.199951171875,1586.0,1590.9000244140625,1625.699951171875,1294.0,1625.699951171875
2020-04-03,1636.0,1619.800048828125,1624.5,1633.699951171875,643.0,1633.699951171875
2020-04-04,,,,,,
2020-04-05,,,,,,
2020-04-06,1696.699951171875,1625.9000244140625,1629.0999755859375,1677.0,1063.0,1677.0
2020-04-07,1724.4000244140625,1658.0,1695.699951171875,1664.800048828125,1144.0,1664.800048828125
2020-04-08,1677.0,1662.5,1669.699951171875,1665.4000244140625,747.0,1665.4000244140625
2020-04-09,1736.199951171875,1662.699951171875,1662.699951171875,1736.199951171875,825.0,1736.199951171875
2020-04-10,,,,,,
2020-04-11,,,,,,
2020-04-12,,,,,,
2020-04-13,1756.800048828125,1710.699951171875,1722.0,1744.800048828125,696.0,1744.800048828125
2020-04-14,1775.0,1739.5,1756.800048828125,1756.699951171875,675.0,1756.699951171875
2020-04-15,1744.9000244140625,1722.699951171875,1739.4000244140625,1727.199951171875,642.0,1727.199951171875
2020-04-16,1750.5999755859375,1715.0,1731.0,1720.4000244140625,162.0,1720.4000244140625
2020-04-17,1725.0,1684.9000244140625,1715.699951171875,1689.199951171875,223.0,1689.199951171875
2020-04-18,,,,,,
2020-04-19,,,,,,
2020-04-20,1701.5999755859375,1680.0,1686.0,1701.5999755859375,106.0,1701.5999755859375
2020-04-21,1707.0999755859375,1659.9000244140625,1697.0,1678.199951171875,666.0,1678.199951171875
2020-04-22,1728.699951171875,1684.800048828125,1696.0,1728.699951171875,453.0,1728.699951171875
2020-04-23,1745.0999755859375,1733.300048828125,1734.0,1733.300048828125,482.0,1733.300048828125
2020-04-24,1744.0,1714.5,1744.0,1723.5,221.0,1723.5
2020-04-25,,,,,,
2020-04-26,,,,,,
2020-04-27,1731.9000244140625,1711.9000244140625,1731.9000244140625,1711.9000244140625,169.0,1711.9000244140625
2020-04-28,1716.5999755859375,1707.0999755859375,1716.5999755859375,1710.5,1255.0,1710.5
2020-04-29,1713.5,1702.0,1710.0,1703.4000244140625,373.0,1703.4000244140625
2020-04-30,1719.300048828125,1680.800048828125,1719.300048828125,1684.199951171875,327.0,1684.199951171875
2020-05-01,1701.5,1670.5,1686.5999755859375,1694.5,337.0,1694.5
2020-05-02,,,,,,
2020-05-03,,,,,,
2020-05-04,1709.0,1699.5999755859375,1702.5999755859375,1706.9000244140625,320.0,1706.9000244140625
2020-05-05,1704.4000244140625,1697.199951171875,1701.5,1704.4000244140625,82.0,1704.4000244140625
2020-05-06,1704.0,1684.199951171875,1704.0,1684.199951171875,469.0,1684.199951171875
2020-05-07,1721.800048828125,1685.5999755859375,1686.199951171875,1721.800048828125,853.0,1721.800048828125
2020-05-08,1728.9000244140625,1703.800048828125,1726.199951171875,1709.9000244140625,330.0,1709.9000244140625
2020-05-09,,,,,,
2020-05-10,,,,,,
2020-05-11,1704.5,1690.199951171875,1702.300048828125,1695.300048828125,749.0,1695.300048828125
2020-05-12,1713.0999755859375,1699.300048828125,1699.300048828125,1704.4000244140625,324.0,1704.4000244140625
2020-05-13,1721.300048828125,1701.9000244140625,1702.0,1713.9000244140625,431.0,1713.9000244140625
2020-05-14,1743.0999755859375,1720.5,1724.300048828125,1738.0999755859375,672.0,1738.0999755859375
2020-05-15,1753.4000244140625,1739.699951171875,1739.699951171875,1753.4000244140625,719.0,1753.4000244140625
2020-05-16,,,,,,
2020-05-17,,,,,,
2020-05-18,1770.5,1731.800048828125,1755.699951171875,1731.800048828125,229.0,1731.800048828125
2020-05-19,1749.5,1744.199951171875,1744.199951171875,1744.199951171875,167.0,1744.199951171875
2020-05-20,1752.0999755859375,1745.5999755859375,1751.5999755859375,1750.5999755859375,16.0,1750.5999755859375
2020-05-21,1746.800048828125,1720.5,1746.800048828125,1720.5,528.0,1720.5
2020-05-22,1734.5999755859375,1726.5999755859375,1726.5999755859375,1734.5999755859375,6.0,1734.5999755859375
2020-05-23,,,,,,
2020-05-24,,,,,,
2020-05-25,,,,,,
2020-05-26,1726.4000244140625,1704.800048828125,1726.4000244140625,1704.800048828125,39.0,1704.800048828125
2020-05-27,1710.300048828125,1685.5999755859375,1685.5999755859375,1710.300048828125,137416.0,1710.300048828125
2020-05-28,1727.800048828125,1705.0,1709.300048828125,1713.300048828125,23355.0,1713.300048828125
2020-05-29,1738.300048828125,1715.0999755859375,1718.800048828125,1736.9000244140625,1526.0,1736.9000244140625
2020-05-30,,,,,,
2020-05-31,,,,,,
2020-06-01,1747.0,1727.0999755859375,1740.4000244140625,1737.800048828125,871.0,1737.800048828125
2020-06-02,1745.5,1721.800048828125,1743.0,1725.199951171875,741.0,1725.199951171875
2020-06-03,1726.300048828125,1684.5,1726.300048828125,1697.800048828125,2755.0,1697.800048828125
2020-06-04,1718.9000244140625,1694.5,1694.5,1718.9000244140625,807.0,1718.9000244140625
2020-06-05,1711.800048828125,1668.5999755859375,1711.800048828125,1676.199951171875,1502.0,1676.199951171875
2020-06-06,,,,,,
2020-06-07,,,,,,
2020-06-08,1699.4000244140625,1675.9000244140625,1679.0999755859375,1698.300048828125,587.0,1698.300048828125
2020-06-09,1720.9000244140625,1692.0,1694.5999755859375,1714.699951171875,690.0,1714.699951171875
2020-06-10,1740.800048828125,1711.9000244140625,1716.0999755859375,1713.300048828125,718.0,1713.300048828125
2020-06-11,1744.0999755859375,1720.0,1737.199951171875,1732.0,347.0,1732.0
2020-06-12,1743.0,1724.9000244140625,1724.9000244140625,1729.300048828125,318.0,1729.300048828125
2020-06-13,,,,,,
2020-06-14,,,,,,
2020-06-15,1730.0,1703.300048828125,1730.0,1720.300048828125,188.0,1720.300048828125
2020-06-16,1729.5999755859375,1722.4000244140625,1726.300048828125,1729.5999755859375,22.0,1729.5999755859375
2020-06-17,1729.199951171875,1714.699951171875,1714.699951171875,1729.199951171875,51.0,1729.199951171875
2020-06-18,1734.0999755859375,1717.300048828125,1730.5,1724.800048828125,110.0,1724.800048828125
2020-06-19,1750.699951171875,1723.5,1723.699951171875,1745.9000244140625,1329.0,1745.9000244140625
2020-06-20,,,,,,
2020-06-21,,,,,,
2020-06-22,1767.5999755859375,1750.5,1755.199951171875,1756.699951171875,1356.0,1756.699951171875
2020-06-23,1776.300048828125,1754.199951171875,1755.4000244140625,1772.0999755859375,666.0,1772.0999755859375
2020-06-24,1783.0999755859375,1764.5,1778.300048828125,1765.800048828125,961.0,1765.800048828125
2020-06-25,1764.800048828125,1759.800048828125,1761.699951171875,1762.0999755859375,207.0,1762.0999755859375
2020-06-26,1772.5,1764.699951171875,1766.0,1772.5,640.0,1772.5
2020-06-27,,,,,,
2020-06-28,,,,,,
2020-06-29,1780.199951171875,1774.300048828125,1779.800048828125,1774.800048828125,584.0,1774.800048828125
2020-06-30,1793.199951171875,1774.4000244140625,1777.300048828125,1793.0,986.0,1793.0
2020-07-01,1798.0,1765.800048828125,1793.5999755859375,1773.199951171875,331.0,1773.199951171875
2020-07-02,1784.0,1768.699951171875,1773.4000244140625,1784.0,215.0,1784.0
2020-07-03,,,,,,
2020-07-04,,,,,,
2020-07-05,,,,,,
2020-07-06,1790.0999755859375,1788.199951171875,1788.199951171875,1788.5,172.0,1788.5
2020-07-07,1804.199951171875,1783.300048828125,1789.300048828125,1804.199951171875,751.0,1804.199951171875
2020-07-08,1817.9000244140625,1801.5,1801.5,1815.5,209.0,1815.5
2020-07-09,1819.800048828125,1799.199951171875,1816.0999755859375,1799.199951171875,396.0,1799.199951171875
2020-07-10,1805.5,1797.699951171875,1805.5,1798.199951171875,236.0,1798.199951171875
2020-07-11,,,,,,
2020-07-12,,,,,,
2020-07-13,1811.0,1805.0,1805.0,1811.0,164.0,1811.0
2020-07-14,1811.5,1791.0,1791.0,1810.5999755859375,339.0,1810.5999755859375
2020-07-15,1813.5,1806.0999755859375,1806.0999755859375,1811.4000244140625,167.0,1811.4000244140625
2020-07-16,1810.9000244140625,1794.300048828125,1810.9000244140625,1798.699951171875,146.0,1798.699951171875
2020-07-17,1810.0999755859375,1798.5,1798.5,1808.300048828125,24.0,1808.300048828125
2020-07-18,,,,,,
2020-07-19,,,,,,
2020-07-20,1817.300048828125,1807.0,1807.0,1815.9000244140625,89.0,1815.9000244140625
2020-07-21,1842.4000244140625,1822.0,1822.0,1842.4000244140625,117.0,1842.4000244140625
2020-07-22,1867.0,1854.699951171875,1858.0999755859375,1864.0999755859375,213.0,1864.0999755859375
2020-07-23,1890.300048828125,1868.5,1868.699951171875,1889.0999755859375,133.0,1889.0999755859375
2020-07-24,1897.300048828125,1884.300048828125,1884.300048828125,1897.300048828125,474.0,1897.300048828125
2020-07-25,,,,,,
2020-07-26,,,,,,
2020-07-27,1938.0,1901.5,1901.699951171875,1931.0,364.0,1931.0
2020-07-28,1944.699951171875,1928.5999755859375,1931.5,1944.699951171875,825.0,1944.699951171875
2020-07-29,1953.5,1952.5999755859375,1953.199951171875,1953.5,209835.0,1953.5
2020-07-30,1965.0999755859375,1930.0,1963.4000244140625,1942.300048828125,28853.0,1942.300048828125
2020-07-31,1981.0999755859375,1948.0,1948.5999755859375,1962.800048828125,2914.0,1962.800048828125
2020-08-01,,,,,,
2020-08-02,,,,,,
2020-08-03,1984.300048828125,1955.5,1984.300048828125,1966.0,683.0,1966.0
2020-08-04,2016.199951171875,1968.800048828125,1971.0,2001.199951171875,2010.0,2001.199951171875
2020-08-05,2050.199951171875,2011.0,2024.0,2031.0999755859375,1422.0,2031.0999755859375
2020-08-06,2063.0,2040.0,2045.5,2051.5,294.0,2051.5
2020-08-07,2055.0,2009.5999755859375,2040.0999755859375,2010.0999755859375,808.0,2010.0999755859375
2020-08-08,,,,,,
2020-08-09,,,,,,
2020-08-10,2043.800048828125,2017.5,2026.4000244140625,2024.4000244140625,233.0,2024.4000244140625
2020-08-11,2016.0,1904.0,2012.4000244140625,1932.5999755859375,971.0,1932.5999755859375
2020-08-12,1946.5999755859375,1871.5999755859375,1923.0,1934.9000244140625,404.0,1934.9000244140625
2020-08-13,1957.4000244140625,1916.9000244140625,1921.5,1956.699951171875,71.0,1956.699951171875
2020-08-14,1947.4000244140625,1937.0,1938.699951171875,1937.0,201.0,1937.0
2020-08-15,,,,,,
2020-08-16,,,,,,
2020-08-17,1985.0,1949.5999755859375,1949.5999755859375,1985.0,97.0,1985.0
2020-08-18,2002.800048828125,1972.0999755859375,2001.0999755859375,1999.4000244140625,92.0,1999.4000244140625
2020-08-19,1980.0,1938.699951171875,1980.0,1958.699951171875,347.0,1958.699951171875
2020-08-20,1948.300048828125,1922.300048828125,1941.199951171875,1933.800048828125,106.0,1933.800048828125
2020-08-21,1945.0,1908.9000244140625,1941.0,1934.5999755859375,184.0,1934.5999755859375
2020-08-22,,,,,,
2020-08-23,,,,,,
2020-08-24,1940.0,1922.199951171875,1930.199951171875,1927.699951171875,85.0,1927.699951171875
2020-08-25,1928.5,1911.800048828125,1927.5,1911.800048828125,176.0,1911.800048828125
2020-08-26,1950.800048828125,1909.699951171875,1909.699951171875,1940.699951171875,287.0,1940.699951171875
2020-08-27,1972.5,1921.5999755859375,1948.9000244140625,1921.5999755859375,2303.0,1921.5999755859375
2020-08-28,1971.300048828125,1922.5,1927.0999755859375,1964.5999755859375,778.0,1964.5999755859375
2020-08-29,,,,,,
2020-08-30,,,,,,
2020-08-31,1971.300048828125,1953.300048828125,1970.0,1967.5999755859375,158.0,1967.5999755859375
2020-09-01,1986.300048828125,1961.699951171875,1961.699951171875,1968.199951171875,186.0,1968.199951171875
2020-09-02,1967.300048828125,1934.4000244140625,1967.300048828125,1934.4000244140625,71.0,1934.4000244140625
2020-09-03,1938.800048828125,1923.0,1937.0999755859375,1927.5999755859375,179.0,1927.5999755859375
2020-09-04,1939.699951171875,1917.699951171875,1927.9000244140625,1923.9000244140625,607.0,1923.9000244140625
2020-09-05,,,,,,
2020-09-06,,,,,,
2020-09-07,,,,,,
2020-09-08,1937.9000244140625,1903.0999755859375,1930.9000244140625,1933.0,271.0,1933.0
2020-09-09,1946.199951171875,1924.5999755859375,1926.9000244140625,1944.699951171875,219.0,1944.699951171875
2020-09-10,1962.699951171875,1944.0999755859375,1944.0999755859375,1954.199951171875,722.0,1954.199951171875
2020-09-11,1949.5,1937.800048828125,1944.0,1937.800048828125,73.0,1937.800048828125
2020-09-12,,,,,,
2020-09-13,,,,,,
2020-09-14,1953.0999755859375,1943.0,1946.300048828125,1953.0999755859375,55.0,1953.0999755859375
2020-09-15,1968.5,1955.800048828125,1955.800048828125,1956.300048828125,74.0,1956.300048828125
2020-09-16,1961.4000244140625,1956.699951171875,1961.300048828125,1960.199951171875,124.0,1960.199951171875
2020-09-17,1946.0,1933.699951171875,1939.0,1940.0,67.0,1940.0
2020-09-18,1952.0999755859375,1949.0,1950.5,1952.0999755859375,38.0,1952.0999755859375
2020-09-19,,,,,,
2020-09-20,,,,,,
2020-09-21,1946.199951171875,1883.4000244140625,1946.199951171875,1901.199951171875,52.0,1901.199951171875
2020-09-22,1913.0999755859375,1898.5999755859375,1913.0999755859375,1898.5999755859375,331.0,1898.5999755859375
2020-09-23,1875.5,1859.9000244140625,1875.5,1859.9000244140625,5.0,1859.9000244140625
2020-09-24,1868.300048828125,1851.5,1851.5,1868.300048828125,365.0,1868.300048828125
2020-09-25,1857.699951171875,1856.300048828125,1856.300048828125,1857.699951171875,4.0,1857.699951171875
2020-09-26,,,,,,
2020-09-27,,,,,,
2020-09-28,1872.800048828125,1872.800048828125,1872.800048828125,1872.800048828125,10455.0,1872.800048828125
2020-09-29,1895.4000244140625,1872.4000244140625,1876.5,1894.300048828125,3283.0,1894.300048828125
2020-09-30,1899.699951171875,1879.800048828125,1893.0,1887.5,600.0,1887.5
2020-10-01,1909.5999755859375,1882.5,1884.0999755859375,1908.4000244140625,730.0,1908.4000244140625
2020-10-02,1913.0,1893.9000244140625,1893.9000244140625,1900.199951171875,530.0,1900.199951171875
2020-10-03,,,,,,
2020-10-04,,,,,,
2020-10-05,1915.5999755859375,1884.699951171875,1898.9000244140625,1912.5,1360.0,1912.5
2020-10-06,1918.0,1874.4000244140625,1906.5999755859375,1901.0999755859375,968.0,1901.0999755859375
2020-10-07,1889.800048828125,1873.0999755859375,1874.0999755859375,1883.5999755859375,50.0,1883.5999755859375
2020-10-08,1893.0,1882.699951171875,1893.0,1888.5999755859375,348.0,1888.5999755859375
2020-10-09,1929.0999755859375,1905.0999755859375,1909.300048828125,1919.5,580.0,1919.5
2020-10-10,,,,,,
2020-10-11,,,,,,
2020-10-12,1926.5,1921.5999755859375,1924.0,1922.5,96.0,1922.5
2020-10-13,1922.199951171875,1887.0,1921.9000244140625,1888.5,191.0,1888.5
2020-10-14,1910.800048828125,1882.5,1889.699951171875,1901.300048828125,33.0,1901.300048828125
2020-10-15,1906.300048828125,1889.5999755859375,1897.300048828125,1903.199951171875,254.0,1903.199951171875
2020-10-16,1900.800048828125,1898.5,1898.5,1900.800048828125,53.0,1900.800048828125
2020-10-17,,,,,,
2020-10-18,,,,,,
2020-10-19,1907.800048828125,1899.5,1907.300048828125,1906.4000244140625,43.0,1906.4000244140625
2020-10-20,1910.4000244140625,1896.0999755859375,1901.300048828125,1910.4000244140625,329.0,1910.4000244140625
2020-10-21,1927.300048828125,1913.5999755859375,1913.5999755859375,1924.5999755859375,1202.0,1924.5999755859375
2020-10-22,1924.300048828125,1898.199951171875,1924.300048828125,1901.0999755859375,899.0,1901.0999755859375
2020-10-23,1913.300048828125,1896.199951171875,1899.9000244140625,1902.0,287.0,1902.0
2020-10-24,,,,,,
2020-10-25,,,,,,
2020-10-26,1907.0,1893.5,1895.5,1902.699951171875,242.0,1902.699951171875
2020-10-27,1908.800048828125,1904.4000244140625,1904.5999755859375,1908.800048828125,176.0,1908.800048828125
2020-10-28,1876.199951171875,1870.9000244140625,1870.9000244140625,1876.199951171875,277.0,1876.199951171875
2020-10-29,1879.800048828125,1858.800048828125,1876.0999755859375,1865.5999755859375,240.0,1865.5999755859375
2020-10-30,1886.5999755859375,1862.800048828125,1862.800048828125,1877.4000244140625,725.0,1877.4000244140625
2020-10-31,,,,,,
2020-11-01,,,,,,
2020-11-02,1894.699951171875,1872.9000244140625,1872.9000244140625,1890.4000244140625,190.0,1890.4000244140625
2020-11-03,1908.5,1891.5,1891.5,1908.5,712.0,1908.5
2020-11-04,1907.0,1885.300048828125,1893.800048828125,1894.5999755859375,782.0,1894.5999755859375
2020-11-05,1948.0,1901.699951171875,1901.699951171875,1945.300048828125,135.0,1945.300048828125
2020-11-06,1958.800048828125,1940.800048828125,1940.800048828125,1950.300048828125,304.0,1950.300048828125
2020-11-07,,,,,,
2020-11-08,,,,,,
2020-11-09,1963.199951171875,1847.0999755859375,1955.5999755859375,1853.199951171875,745.0,1853.199951171875
2020-11-10,1885.300048828125,1871.199951171875,1879.300048828125,1875.4000244140625,276.0,1875.4000244140625
2020-11-11,1878.800048828125,1855.5,1878.800048828125,1860.699951171875,222.0,1860.699951171875
2020-11-12,1878.5,1866.5999755859375,1869.0,1872.5999755859375,220.0,1872.5999755859375
2020-11-13,1890.0999755859375,1876.800048828125,1877.0,1885.699951171875,240.0,1885.699951171875
2020-11-14,,,,,,
2020-11-15,,,,,,
2020-11-16,1887.300048828125,1871.0,1874.5999755859375,1887.300048828125,6.0,1887.300048828125
2020-11-17,1888.4000244140625,1884.5,1888.4000244140625,1884.5,59.0,1884.5
2020-11-18,1873.5,1873.5,1873.5,1873.5,152.0,1873.5
2020-11-19,1865.800048828125,1856.0,1865.800048828125,1861.0999755859375,59.0,1861.0999755859375
2020-11-20,1872.5999755859375,1871.199951171875,1871.199951171875,1872.5999755859375,1900.0,1872.5999755859375
2020-11-21,,,,,,
2020-11-22,,,,,,
2020-11-23,1837.800048828125,1829.199951171875,1834.800048828125,1837.800048828125,843.0,1837.800048828125
2020-11-24,1829.300048828125,1799.300048828125,1829.300048828125,1804.800048828125,1041.0,1804.800048828125
2020-11-25,1805.699951171875,1801.4000244140625,1801.4000244140625,1805.699951171875,205754.0,1805.699951171875
2020-11-26,,,,,,
2020-11-27,,,,,,
2020-11-28,,,,,,
2020-11-29,,,,,,
2020-11-30,1787.199951171875,1762.300048828125,1785.0,1775.699951171875,3145.0,1775.699951171875
2020-12-01,1815.9000244140625,1774.9000244140625,1775.0,1814.0999755859375,1859.0,1814.0999755859375
2020-12-02,1830.0,1807.800048828125,1811.300048828125,1825.699951171875,771.0,1825.699951171875
2020-12-03,1842.0,1825.300048828125,1829.199951171875,1836.800048828125,1765.0,1836.800048828125
2020-12-04,1847.5999755859375,1828.199951171875,1840.699951171875,1835.9000244140625,1213.0,1835.9000244140625
2020-12-05,,,,,,
2020-12-06,,,,,,
2020-12-07,1866.9000244140625,1820.800048828125,1836.5,1861.800048828125,1427.0,1861.800048828125
2020-12-08,1875.800048828125,1861.800048828125,1863.0,1870.800048828125,121.0,1870.800048828125
2020-12-09,1867.0999755859375,1827.0,1867.0999755859375,1834.5999755859375,215.0,1834.5999755859375
2020-12-10,1849.0999755859375,1828.0,1833.199951171875,1833.5999755859375,177.0,1833.5999755859375
2020-12-11,1846.0,1829.0999755859375,1838.5,1839.800048828125,109.0,1839.800048828125
2020-12-12,,,,,,
2020-12-13,,,,,,
2020-12-14,1835.699951171875,1822.699951171875,1835.5,1828.699951171875,258.0,1828.699951171875
2020-12-15,1853.5999755859375,1833.199951171875,1833.5,1852.300048828125,961.0,1852.300048828125
2020-12-16,1864.699951171875,1850.5,1856.5,1856.0999755859375,1090.0,1856.0999755859375
2020-12-17,1896.199951171875,1874.199951171875,1874.199951171875,1887.199951171875,414.0,1887.199951171875
2020-12-18,1889.5,1882.300048828125,1882.4000244140625,1885.699951171875,276.0,1885.699951171875
2020-12-19,,,,,,
2020-12-20,,,,,,
2020-12-21,1908.0,1869.0999755859375,1884.800048828125,1879.199951171875,136.0,1879.199951171875
2020-12-22,1882.199951171875,1861.0,1882.199951171875,1866.5999755859375,233.0,1866.5999755859375
2020-12-23,1878.800048828125,1864.5,1867.0,1874.699951171875,82.0,1874.699951171875
2020-12-24,,,,,,
2020-12-25,,,,,,
2020-12-26,,,,,,
2020-12-27,,,,,,
2020-12-28,1895.800048828125,1873.699951171875,1895.5,1877.199951171875,75.0,1877.199951171875
2020-12-29,1881.300048828125,1879.699951171875,1881.300048828125,1879.699951171875,343.0,1879.699951171875
2020-12-30,1895.800048828125,1877.300048828125,1879.9000244140625,1891.0,444.0,1891.0
2020-12-31,1901.300048828125,1892.699951171875,1897.0,1893.0999755859375,127.0,1893.0999755859375
2021-01-01,,,,,,
2021-01-02,,,,,,
2021-01-03,,,,,,
2021-01-04,1945.0999755859375,1912.199951171875,1912.199951171875,1944.699951171875,154.0,1944.699951171875
2021-01-05,1952.699951171875,1941.300048828125,1941.699951171875,1952.699951171875,113.0,1952.699951171875
2021-01-06,1959.9000244140625,1901.5,1952.0,1906.9000244140625,331.0,1906.9000244140625
2021-01-07,1926.699951171875,1912.0,1922.5999755859375,1912.300048828125,122.0,1912.300048828125
2021-01-08,1908.0,1834.0999755859375,1908.0,1834.0999755859375,60.0,1834.0999755859375
2021-01-09,,,,,,
2021-01-10,,,,,,
2021-01-11,1849.5999755859375,1826.5,1826.5,1849.5999755859375,20.0,1849.5999755859375
2021-01-12,1859.699951171875,1839.4000244140625,1849.0,1842.9000244140625,176.0,1842.9000244140625
2021-01-13,1858.5999755859375,1853.5999755859375,1858.0,1853.5999755859375,189.0,1853.5999755859375
2021-01-14,1850.699951171875,1836.699951171875,1836.699951171875,1850.300048828125,149.0,1850.300048828125
2021-01-15,1829.4000244140625,1825.0,1829.4000244140625,1829.300048828125,31.0,1829.300048828125
2021-01-16,,,,,,
2021-01-17,,,,,,
2021-01-18,,,,,,
2021-01-19,1842.9000244140625,1802.0,1802.0,1839.5,13.0,1839.5
2021-01-20,1866.5999755859375,1844.4000244140625,1847.800048828125,1865.9000244140625,16.0,1865.9000244140625
2021-01-21,1868.0,1865.300048828125,1865.300048828125,1865.300048828125,6.0,1865.300048828125
2021-01-22,1855.699951171875,1852.699951171875,1854.9000244140625,1855.699951171875,8.0,1855.699951171875
2021-01-23,,,,,,
2021-01-24,,,,,,
2021-01-25,1864.699951171875,1851.800048828125,1864.699951171875,1854.9000244140625,26.0,1854.9000244140625
2021-01-26,1855.800048828125,1850.699951171875,1855.800048828125,1850.699951171875,59.0,1850.699951171875
2021-01-27,1844.9000244140625,1844.9000244140625,1844.9000244140625,1844.9000244140625,195540.0,1844.9000244140625
2021-01-28,1862.9000244140625,1831.5,1843.4000244140625,1837.9000244140625,27283.0,1837.9000244140625
2021-01-29,1876.0,1838.699951171875,1842.0,1847.300048828125,1634.0,1847.300048828125
2021-01-30,,,,,,
2021-01-31,,,,,,
2021-02-01,1871.9000244140625,1850.0,1866.5999755859375,1860.800048828125,1494.0,1860.800048828125
2021-02-02,1861.300048828125,1827.5999755859375,1859.5999755859375,1830.5,1293.0,1830.5
2021-02-03,1842.4000244140625,1829.800048828125,1834.800048828125,1832.199951171875,1195.0,1832.199951171875
2021-02-04,1832.199951171875,1782.800048828125,1832.199951171875,1788.9000244140625,2375.0,1788.9000244140625
2021-02-05,1813.5,1790.9000244140625,1794.300048828125,1810.9000244140625,1278.0,1810.9000244140625
2021-02-06,,,,,,
2021-02-07,,,,,,
2021-02-08,1836.699951171875,1809.0,1816.300048828125,1831.9000244140625,254.0,1831.9000244140625
2021-02-09,1843.300048828125,1830.699951171875,1841.9000244140625,1835.300048828125,184.0,1835.300048828125
2021-02-10,1851.0999755859375,1837.0,1842.5999755859375,1840.5999755859375,543.0,1840.5999755859375
2021-02-11,1845.0,1820.9000244140625,1840.5,1824.9000244140625,602.0,1824.9000244140625
2021-02-12,1827.5,1809.199951171875,1825.0,1821.5999755859375,259.0,1821.5999755859375
2021-02-13,,,,,,
2021-02-14,,,,,,
2021-02-15,,,,,,
2021-02-16,1823.4000244140625,1787.300048828125,1820.9000244140625,1797.199951171875,1141.0,1797.199951171875
2021-02-17,1789.699951171875,1768.800048828125,1785.800048828125,1771.0999755859375,614.0,1771.0999755859375
2021-02-18,1784.5999755859375,1766.0,1776.0999755859375,1773.4000244140625,587.0,1773.4000244140625
2021-02-19,1787.5999755859375,1764.300048828125,1764.300048828125,1775.800048828125,118.0,1775.800048828125
2021-02-20,,,,,,
2021-02-21,,,,,,
2021-02-22,1807.800048828125,1784.0,1784.0,1806.699951171875,165.0,1806.699951171875
2021-02-23,1811.300048828125,1796.4000244140625,1809.5999755859375,1804.4000244140625,569.0,1804.4000244140625
2021-02-24,1805.800048828125,1796.4000244140625,1805.800048828125,1796.4000244140625,1500.0,1796.4000244140625
2021-02-25,1802.0,1766.699951171875,1801.5,1774.4000244140625,1049.0,1774.4000244140625
2021-02-26,1768.199951171875,1718.800048828125,1768.0999755859375,1728.0999755859375,1593.0,1728.0999755859375
2021-02-27,,,,,,
2021-02-28,,,,,,
2021-03-01,1747.0,1720.300048828125,1737.0999755859375,1722.5,407.0,1722.5
2021-03-02,1733.0999755859375,1708.699951171875,1709.4000244140625,1733.0999755859375,867.0,1733.0999755859375
2021-03-03,1732.4000244140625,1703.5,1730.0,1715.300048828125,501.0,1715.300048828125
2021-03-04,1717.4000244140625,1700.199951171875,1706.5,1700.199951171875,521.0,1700.199951171875
2021-03-05,1701.0,1685.0,1690.5999755859375,1698.0,302.0,1698.0
2021-03-06,,,,,,
2021-03-07,,,,,,
2021-03-08,1705.4000244140625,1673.699951171875,1704.699951171875,1677.699951171875,1290.0,1677.699951171875
2021-03-09,1717.5,1685.199951171875,1686.199951171875,1716.5999755859375,335.0,1716.5999755859375
2021-03-10,1722.9000244140625,1711.0,1713.5999755859375,1721.5,412.0,1721.5
2021-03-11,1737.5,1720.199951171875,1725.5999755859375,1722.300048828125,18.0,1722.300048828125
2021-03-12,1722.5,1699.0,1715.9000244140625,1719.5,80.0,1719.5
2021-03-13,,,,,,
2021-03-14,,,,,,
2021-03-15,1731.9000244140625,1722.800048828125,1729.5,1728.9000244140625,147.0,1728.9000244140625
2021-03-16,1733.9000244140625,1726.0,1732.300048828125,1730.5999755859375,729.0,1730.5999755859375
2021-03-17,1750.0999755859375,1725.5999755859375,1735.300048828125,1726.800048828125,488.0,1726.800048828125
2021-03-18,1750.300048828125,1721.800048828125,1745.800048828125,1732.199951171875,138.0,1732.199951171875
2021-03-19,1742.199951171875,1733.5999755859375,1742.199951171875,1741.4000244140625,13.0,1741.4000244140625
