Date,nikkei225_High,nikkei225_Low,nikkei225_Open,nikkei225_Close,nikkei225_Volume,nikkei225_AdjClose
2017-09-05,19542.779296875,19354.58984375,19533.380859375,19385.810546875,77600000.0,19385.810546875
2017-09-06,19371.380859375,19254.669921875,19286.060546875,19357.970703125,88500000.0,19357.970703125
2017-09-07,19482.720703125,19365.75,19433.439453125,19396.51953125,81900000.0,19396.51953125
2017-09-08,19357.490234375,19239.51953125,19297.9609375,19274.8203125,106600000.0,19274.8203125
2017-09-09,,,,,,
2017-09-10,,,,,,
2017-09-11,19567.029296875,19437.140625,19441.390625,19545.76953125,78700000.0,19545.76953125
2017-09-12,19792.060546875,19718.80078125,19736.140625,19776.619140625,89900000.0,19776.619140625
2017-09-13,19888.83984375,19845.01953125,19873.689453125,19865.8203125,84500000.0,19865.8203125
2017-09-14,19918.390625,19793.849609375,19860.369140625,19807.439453125,93700000.0,19807.439453125
2017-09-15,19933.400390625,19787.650390625,19793.80078125,19909.5,111900000.0,19909.5
2017-09-16,,,,,,
2017-09-17,,,,,,
2017-09-18,,,,,,
2017-09-19,20320.779296875,20122.0,20128.1796875,20299.380859375,120900000.0,20299.380859375
2017-09-20,20339.369140625,20272.8203125,20301.330078125,20310.4609375,100400000.0,20310.4609375
2017-09-21,20481.26953125,20332.689453125,20456.5,20347.48046875,115900000.0,20347.48046875
2017-09-22,20417.0703125,20249.240234375,20413.609375,20296.44921875,95400000.0,20296.44921875
2017-09-23,,,,,,
2017-09-24,,,,,,
2017-09-25,20454.2890625,20367.029296875,20439.4296875,20397.580078125,82800000.0,20397.580078125
2017-09-26,20385.5,20303.98046875,20349.259765625,20330.189453125,95000000.0,20330.189453125
2017-09-27,20278.08984375,20213.66015625,20269.8203125,20267.05078125,63600000.0,20267.05078125
2017-09-28,20399.869140625,20299.6796875,20398.630859375,20363.109375,84000000.0,20363.109375
2017-09-29,20370.330078125,20285.060546875,20315.33984375,20356.279296875,85100000.0,20356.279296875
2017-09-30,,,,,,
2017-10-01,,,,,,
2017-10-02,20411.330078125,20363.279296875,20400.509765625,20400.779296875,67600000.0,20400.779296875
2017-10-03,20628.380859375,20438.169921875,20475.25,20614.0703125,72800000.0,20614.0703125
2017-10-04,20689.080078125,20592.1796875,20660.810546875,20626.66015625,73500000.0,20626.66015625
2017-10-05,20667.470703125,20602.259765625,20650.7109375,20628.560546875,57300000.0,20628.560546875
2017-10-06,20721.150390625,20659.150390625,20716.849609375,20690.7109375,75900000.0,20690.7109375
2017-10-07,,,,,,
2017-10-08,,,,,,
2017-10-09,,,,,,
2017-10-10,20823.66015625,20663.080078125,20680.5390625,20823.509765625,78300000.0,20823.509765625
2017-10-11,20898.41015625,20788.119140625,20803.7109375,20881.26953125,80200000.0,20881.26953125
2017-10-12,20994.400390625,20917.0390625,20958.1796875,20954.720703125,80400000.0,20954.720703125
2017-10-13,21211.2890625,20933.0,20959.66015625,21155.1796875,110500000.0,21155.1796875
2017-10-14,,,,,,
2017-10-15,,,,,,
2017-10-16,21347.0703125,21187.9296875,21221.26953125,21255.560546875,102300000.0,21255.560546875
2017-10-17,21393.9609375,21230.669921875,21352.169921875,21336.119140625,92400000.0,21336.119140625
2017-10-18,21402.759765625,21317.669921875,21374.66015625,21363.05078125,72700000.0,21363.05078125
2017-10-19,21503.849609375,21381.51953125,21450.0390625,21448.51953125,84600000.0,21448.51953125
2017-10-20,21489.259765625,21363.099609375,21390.94921875,21457.640625,85700000.0,21457.640625
2017-10-21,,,,,,
2017-10-22,,,,,,
2017-10-23,21723.599609375,21614.509765625,21709.30078125,21696.650390625,87400000.0,21696.650390625
2017-10-24,21805.169921875,21646.51953125,21670.0,21805.169921875,88200000.0,21805.169921875
2017-10-25,21921.359375,21648.349609375,21900.130859375,21707.619140625,122000000.0,21707.619140625
2017-10-26,21793.619140625,21688.560546875,21698.94921875,21739.779296875,82600000.0,21739.779296875
2017-10-27,22016.5,21815.720703125,21903.26953125,22008.44921875,120400000.0,22008.44921875
2017-10-28,,,,,,
2017-10-29,,,,,,
2017-10-30,22086.880859375,21921.240234375,22047.94921875,22011.669921875,135600000.0,22011.669921875
2017-10-31,22020.380859375,21840.0703125,21897.2890625,22011.609375,102400000.0,22011.609375
2017-11-01,22455.919921875,22130.029296875,22144.919921875,22420.080078125,112600000.0,22420.080078125
2017-11-02,22540.25,22400.009765625,22512.1796875,22539.119140625,105700000.0,22539.119140625
2017-11-03,22540.25,22400.009765625,22512.1796875,22539.119140625,0.0,22539.119140625
2017-11-04,,,,,,
2017-11-05,,,,,,
2017-11-06,22644.6796875,22435.33984375,22612.9609375,22548.349609375,111900000.0,22548.349609375
2017-11-07,22953.1796875,22512.91015625,22518.75,22937.599609375,107800000.0,22937.599609375
2017-11-08,22922.80078125,22759.0703125,22849.91015625,22913.8203125,100200000.0,22913.8203125
2017-11-09,23382.150390625,22522.830078125,22989.439453125,22868.7109375,160400000.0,22868.7109375
2017-11-10,22724.390625,22511.9296875,22580.69921875,22681.419921875,106600000.0,22681.419921875
2017-11-11,,,,,,
2017-11-12,,,,,,
2017-11-13,22607.919921875,22380.990234375,22607.560546875,22380.990234375,80700000.0,22380.990234375
2017-11-14,22532.30078125,22323.240234375,22342.9296875,22380.009765625,95900000.0,22380.009765625
2017-11-15,22305.240234375,22004.7890625,22250.98046875,22028.3203125,120600000.0,22028.3203125
2017-11-16,22392.130859375,21972.33984375,21975.23046875,22351.119140625,96600000.0,22351.119140625
2017-11-17,22757.400390625,22319.119140625,22603.30078125,22396.80078125,113700000.0,22396.80078125
2017-11-18,,,,,,
2017-11-19,,,,,,
2017-11-20,22410.240234375,22215.0703125,22279.98046875,22261.759765625,71700000.0,22261.759765625
2017-11-21,22563.25,22416.48046875,22456.7890625,22416.48046875,76100000.0,22416.48046875
2017-11-22,22677.33984375,22513.439453125,22601.55078125,22523.150390625,81100000.0,22523.150390625
2017-11-23,,,,,,
2017-11-24,22567.19921875,22381.009765625,22390.140625,22550.849609375,64800000.0,22550.849609375
2017-11-25,,,,,,
2017-11-26,,,,,,
2017-11-27,22659.330078125,22423.400390625,22657.080078125,22495.990234375,66600000.0,22495.990234375
2017-11-28,22580.990234375,22363.939453125,22474.740234375,22486.240234375,76800000.0,22486.240234375
2017-11-29,22643.9296875,22537.119140625,22613.9609375,22597.19921875,90700000.0,22597.19921875
2017-11-30,22748.3203125,22502.6796875,22601.830078125,22724.9609375,140700000.0,22724.9609375
2017-12-01,22994.310546875,22675.0703125,22916.9296875,22819.029296875,89700000.0,22819.029296875
2017-12-02,,,,,,
2017-12-03,,,,,,
2017-12-04,22864.330078125,22693.990234375,22843.529296875,22707.16015625,68900000.0,22707.16015625
2017-12-05,22682.7109375,22522.279296875,22595.330078125,22622.380859375,75900000.0,22622.380859375
2017-12-06,22528.2109375,22119.2109375,22525.380859375,22177.0390625,97300000.0,22177.0390625
2017-12-07,22515.240234375,22317.150390625,22317.150390625,22498.029296875,79500000.0,22498.029296875
2017-12-08,22819.7109375,22625.41015625,22627.94921875,22811.080078125,106900000.0,22811.080078125
2017-12-09,,,,,,
2017-12-10,,,,,,
2017-12-11,22938.73046875,22787.400390625,22894.30078125,22938.73046875,69500000.0,22938.73046875
2017-12-12,22994.330078125,22834.890625,22936.41015625,22866.169921875,86100000.0,22866.169921875
2017-12-13,22879.369140625,22697.3203125,22879.26953125,22758.0703125,91400000.0,22758.0703125
2017-12-14,22786.609375,22638.759765625,22699.30078125,22694.44921875,85100000.0,22694.44921875
2017-12-15,22745.08984375,22478.3203125,22621.359375,22553.220703125,99400000.0,22553.220703125
2017-12-16,,,,,,
2017-12-17,,,,,,
2017-12-18,22927.5,22735.19921875,22770.439453125,22901.76953125,85200000.0,22901.76953125
2017-12-19,22990.419921875,22862.8203125,22961.470703125,22868.0,70500000.0,22868.0
2017-12-20,22923.5,22806.73046875,22834.9296875,22891.720703125,92400000.0,22891.720703125
2017-12-21,22894.94921875,22728.060546875,22852.009765625,22866.099609375,73000000.0,22866.099609375
2017-12-22,22908.83984375,22801.16015625,22850.73046875,22902.759765625,77800000.0,22902.759765625
2017-12-23,,,,,,
2017-12-24,,,,,,
2017-12-25,22948.830078125,22870.189453125,22909.41015625,22939.1796875,0.0,22939.1796875
2017-12-26,22950.150390625,22877.630859375,22922.94921875,22892.689453125,46400000.0,22892.689453125
2017-12-27,22936.16015625,22854.390625,22854.390625,22911.2109375,47200000.0,22911.2109375
2017-12-28,22954.44921875,22736.4296875,22912.05078125,22783.98046875,50300000.0,22783.98046875
2017-12-29,22881.2109375,22753.19921875,22831.490234375,22764.939453125,46500000.0,22764.939453125
2017-12-30,,,,,,
2017-12-31,,,,,,
2018-01-01,,,,,,
2018-01-02,,,,,,
2018-01-03,,,,,,
2018-01-04,23506.330078125,23065.19921875,23073.73046875,23506.330078125,102200000.0,23506.330078125
2018-01-05,23730.470703125,23520.51953125,23643.0,23714.529296875,101900000.0,23714.529296875
2018-01-06,,,,,,
2018-01-07,,,,,,
2018-01-08,,,,,,
2018-01-09,23952.609375,23789.029296875,23948.970703125,23849.990234375,94100000.0,23849.990234375
2018-01-10,23864.759765625,23755.44921875,23832.810546875,23788.19921875,88800000.0,23788.19921875
2018-01-11,23734.970703125,23601.83984375,23656.390625,23710.4296875,83700000.0,23710.4296875
2018-01-12,23743.05078125,23588.0703125,23719.66015625,23653.8203125,93700000.0,23653.8203125
2018-01-13,,,,,,
2018-01-14,,,,,,
2018-01-15,23833.26953125,23685.01953125,23827.98046875,23714.880859375,75400000.0,23714.880859375
2018-01-16,23962.0703125,23701.830078125,23721.169921875,23951.810546875,68500000.0,23951.810546875
2018-01-17,23891.630859375,23739.169921875,23783.419921875,23868.33984375,82200000.0,23868.33984375
2018-01-18,24084.419921875,23699.470703125,24078.9296875,23763.369140625,99400000.0,23763.369140625
2018-01-19,23872.689453125,23735.609375,23854.109375,23808.060546875,71800000.0,23808.060546875
2018-01-20,,,,,,
2018-01-21,,,,,,
2018-01-22,23816.330078125,23697.810546875,23797.83984375,23816.330078125,65200000.0,23816.330078125
2018-01-23,24129.33984375,23916.01953125,23924.400390625,24124.150390625,73400000.0,24124.150390625
2018-01-24,24072.76953125,23917.140625,24026.4296875,23940.779296875,79900000.0,23940.779296875
2018-01-25,23828.400390625,23649.029296875,23750.650390625,23669.490234375,81500000.0,23669.490234375
2018-01-26,23797.9609375,23592.279296875,23757.33984375,23631.880859375,87200000.0,23631.880859375
2018-01-27,,,,,,
2018-01-28,,,,,,
2018-01-29,23787.23046875,23580.169921875,23707.140625,23629.33984375,68800000.0,23629.33984375
2018-01-30,23581.98046875,23233.369140625,23559.330078125,23291.970703125,88800000.0,23291.970703125
2018-01-31,23375.380859375,23092.849609375,23205.23046875,23098.2890625,99800000.0,23098.2890625
2018-02-01,23492.76953125,23211.119140625,23276.099609375,23486.109375,101800000.0,23486.109375
2018-02-02,23367.9609375,23122.44921875,23361.669921875,23274.529296875,98600000.0,23274.529296875
2018-02-03,,,,,,
2018-02-04,,,,,,
2018-02-05,22967.689453125,22659.4296875,22921.16015625,22682.080078125,107600000.0,22682.080078125
2018-02-06,22277.44921875,21078.7109375,22267.0,21610.240234375,190100000.0,21610.240234375
2018-02-07,22353.869140625,21627.130859375,22001.2890625,21645.369140625,143500000.0,21645.369140625
2018-02-08,21977.029296875,21649.69921875,21721.5703125,21890.859375,104700000.0,21890.859375
2018-02-09,21510.30078125,21119.009765625,21507.740234375,21382.619140625,127600000.0,21382.619140625
2018-02-10,,,,,,
2018-02-11,,,,,,
2018-02-12,,,,,,
2018-02-13,21679.19921875,21211.529296875,21633.33984375,21244.6796875,114700000.0,21244.6796875
2018-02-14,21371.009765625,20950.150390625,21251.240234375,21154.169921875,103900000.0,21154.169921875
2018-02-15,21578.990234375,21308.919921875,21384.099609375,21464.98046875,86400000.0,21464.98046875
2018-02-16,21866.369140625,21499.880859375,21555.990234375,21720.25,77800000.0,21720.25
2018-02-17,,,,,,
2018-02-18,,,,,,
2018-02-19,22152.849609375,21858.330078125,21903.66015625,22149.2109375,68500000.0,22149.2109375
2018-02-20,22063.869140625,21831.44921875,22054.3203125,21925.099609375,67500000.0,21925.099609375
2018-02-21,22130.580078125,21836.73046875,21942.419921875,21970.810546875,77900000.0,21970.810546875
2018-02-22,21799.400390625,21626.849609375,21789.880859375,21736.439453125,77300000.0,21736.439453125
2018-02-23,21903.390625,21741.630859375,21789.720703125,21892.779296875,64600000.0,21892.779296875
2018-02-24,,,,,,
2018-02-25,,,,,,
2018-02-26,22226.529296875,22040.869140625,22134.640625,22153.630859375,64600000.0,22153.630859375
2018-02-27,22502.05078125,22325.0703125,22391.669921875,22389.859375,74300000.0,22389.859375
2018-02-28,22380.279296875,22068.240234375,22292.529296875,22068.240234375,88800000.0,22068.240234375
2018-03-01,21901.130859375,21645.220703125,21901.130859375,21724.470703125,90300000.0,21724.470703125
2018-03-02,21366.08984375,21088.9609375,21339.98046875,21181.640625,97100000.0,21181.640625
2018-03-03,,,,,,
2018-03-04,,,,,,
2018-03-05,21164.380859375,20937.259765625,21047.810546875,21042.08984375,87200000.0,21042.08984375
2018-03-06,21551.140625,21381.419921875,21390.19921875,21417.759765625,76400000.0,21417.759765625
2018-03-07,21484.080078125,21201.939453125,21261.9609375,21252.720703125,87000000.0,21252.720703125
2018-03-08,21488.16015625,21299.400390625,21488.16015625,21368.0703125,72100000.0,21368.0703125
2018-03-09,21884.44921875,21357.55078125,21594.220703125,21469.19921875,110500000.0,21469.19921875
2018-03-10,,,,,,
2018-03-11,,,,,,
2018-03-12,21971.16015625,21689.970703125,21826.099609375,21824.029296875,70600000.0,21824.029296875
2018-03-13,21968.099609375,21700.779296875,21742.44921875,21968.099609375,68100000.0,21968.099609375
2018-03-14,21881.08984375,21684.01953125,21764.990234375,21777.2890625,65000000.0,21777.2890625
2018-03-15,21825.970703125,21555.490234375,21704.140625,21803.94921875,65300000.0,21803.94921875
2018-03-16,21879.279296875,21632.849609375,21876.529296875,21676.509765625,75700000.0,21676.509765625
2018-03-17,,,,,,
2018-03-18,,,,,,
2018-03-19,21659.0390625,21366.880859375,21537.900390625,21480.900390625,67300000.0,21480.900390625
2018-03-20,21384.859375,21223.970703125,21297.98046875,21380.970703125,66500000.0,21380.970703125
2018-03-21,,,,,,
2018-03-22,21592.0,21349.7109375,21352.16015625,21591.990234375,82600000.0,21591.990234375
2018-03-23,21188.80078125,20559.609375,21188.80078125,20617.859375,121000000.0,20617.859375
2018-03-24,,,,,,
2018-03-25,,,,,,
2018-03-26,20766.099609375,20347.490234375,20423.369140625,20766.099609375,97500000.0,20766.099609375
2018-03-27,21317.3203125,20943.310546875,20958.900390625,21317.3203125,101900000.0,21317.3203125
2018-03-28,21031.310546875,20776.8203125,20893.05078125,21031.310546875,88100000.0,21031.310546875
2018-03-29,21298.5703125,20996.220703125,21250.9609375,21159.080078125,78900000.0,21159.080078125
2018-03-30,21512.80078125,21311.5,21392.419921875,21454.30078125,63600000.0,21454.30078125
2018-03-31,,,,,,
2018-04-01,,,,,,
2018-04-02,21597.470703125,21388.580078125,21441.5703125,21388.580078125,47500000.0,21388.580078125
2018-04-03,21333.5,21056.01953125,21115.48046875,21292.2890625,63800000.0,21292.2890625
2018-04-04,21415.849609375,21238.1796875,21415.849609375,21319.55078125,75600000.0,21319.55078125
2018-04-05,21737.66015625,21462.099609375,21541.1796875,21645.419921875,80700000.0,21645.419921875
2018-04-06,21742.83984375,21550.419921875,21633.73046875,21567.51953125,74400000.0,21567.51953125
2018-04-07,,,,,,
2018-04-08,,,,,,
2018-04-09,21737.08984375,21517.76953125,21534.330078125,21678.259765625,62100000.0,21678.259765625
2018-04-10,21933.990234375,21542.369140625,21599.669921875,21794.3203125,74700000.0,21794.3203125
2018-04-11,21837.359375,21687.099609375,21819.08984375,21687.099609375,69500000.0,21687.099609375
2018-04-12,21719.4296875,21591.390625,21657.869140625,21660.279296875,58400000.0,21660.279296875
2018-04-13,21917.349609375,21746.689453125,21801.41015625,21778.740234375,73100000.0,21778.740234375
2018-04-14,,,,,,
2018-04-15,,,,,,
2018-04-16,21879.689453125,21775.609375,21843.55078125,21835.529296875,53400000.0,21835.529296875
2018-04-17,21889.890625,21772.419921875,21801.830078125,21847.58984375,57400000.0,21847.58984375
2018-04-18,22194.109375,21914.9609375,21929.009765625,22158.19921875,70400000.0,22158.19921875
2018-04-19,22360.650390625,22176.859375,22231.859375,22191.1796875,79700000.0,22191.1796875
2018-04-20,22261.349609375,22076.630859375,22148.220703125,22162.240234375,69600000.0,22162.240234375
2018-04-21,,,,,,
2018-04-22,,,,,,
2018-04-23,22204.859375,22065.51953125,22157.880859375,22088.0390625,64000000.0,22088.0390625
2018-04-24,22304.689453125,22149.58984375,22228.8203125,22278.119140625,76500000.0,22278.119140625
2018-04-25,22228.779296875,22080.759765625,22118.619140625,22215.3203125,73300000.0,22215.3203125
2018-04-26,22381.66015625,22265.19921875,22278.76953125,22319.609375,72800000.0,22319.609375
2018-04-27,22495.560546875,22357.529296875,22466.66015625,22467.869140625,89100000.0,22467.869140625
2018-04-28,,,,,,
2018-04-29,,,,,,
2018-04-30,,,,,,
2018-05-01,22519.44921875,22411.4296875,22453.419921875,22508.029296875,89900000.0,22508.029296875
2018-05-02,22568.189453125,22426.55078125,22568.189453125,22472.779296875,70700000.0,22472.779296875
2018-05-03,,,,,,
2018-05-04,,,,,,
2018-05-05,,,,,,
2018-05-06,,,,,,
2018-05-07,22513.48046875,22350.91015625,22513.220703125,22467.16015625,69000000.0,22467.16015625
2018-05-08,22566.6796875,22423.23046875,22440.650390625,22508.689453125,77000000.0,22508.689453125
2018-05-09,22478.640625,22364.75,22463.009765625,22408.880859375,86000000.0,22408.880859375
2018-05-10,22530.640625,22418.75,22482.509765625,22497.1796875,73300000.0,22497.1796875
2018-05-11,22769.16015625,22545.470703125,22573.94921875,22758.48046875,80200000.0,22758.48046875
2018-05-12,,,,,,
2018-05-13,,,,,,
2018-05-14,22894.759765625,22683.640625,22705.30078125,22865.859375,68900000.0,22865.859375
2018-05-15,22912.060546875,22805.720703125,22889.470703125,22818.01953125,86400000.0,22818.01953125
2018-05-16,22796.140625,22695.83984375,22730.119140625,22717.23046875,80200000.0,22717.23046875
2018-05-17,22887.029296875,22799.16015625,22820.619140625,22838.369140625,75600000.0,22838.369140625
2018-05-18,22954.189453125,22867.30078125,22907.19921875,22930.359375,65300000.0,22930.359375
2018-05-19,,,,,,
2018-05-20,,,,,,
2018-05-21,23050.390625,22935.310546875,22937.580078125,23002.369140625,59100000.0,23002.369140625
2018-05-22,23031.669921875,22952.869140625,23025.94921875,22960.33984375,59400000.0,22960.33984375
2018-05-23,22949.73046875,22649.849609375,22868.7890625,22689.740234375,75000000.0,22689.740234375
2018-05-24,22644.689453125,22366.599609375,22621.2890625,22437.009765625,85600000.0,22437.009765625
2018-05-25,22509.359375,22318.150390625,22380.220703125,22450.7890625,70400000.0,22450.7890625
2018-05-26,,,,,,
2018-05-27,,,,,,
2018-05-28,22547.669921875,22410.91015625,22488.94921875,22481.08984375,52900000.0,22481.08984375
2018-05-29,22439.099609375,22240.390625,22431.94921875,22358.4296875,59800000.0,22358.4296875
2018-05-30,22079.23046875,21931.650390625,22051.970703125,22018.51953125,90500000.0,22018.51953125
2018-05-31,22254.419921875,22098.0,22163.400390625,22201.8203125,132400000.0,22201.8203125
2018-06-01,22316.91015625,22098.0390625,22126.25,22171.349609375,82500000.0,22171.349609375
2018-06-02,,,,,,
2018-06-03,,,,,,
2018-06-04,22515.720703125,22355.830078125,22365.08984375,22475.939453125,71900000.0,22475.939453125
2018-06-05,22602.130859375,22470.0390625,22552.169921875,22539.5390625,65800000.0,22539.5390625
2018-06-06,22662.8203125,22498.58984375,22520.310546875,22625.73046875,67900000.0,22625.73046875
2018-06-07,22856.369140625,22732.1796875,22748.720703125,22823.259765625,72200000.0,22823.259765625
2018-06-08,22879.0,22694.5,22799.380859375,22694.5,85200000.0,22694.5
2018-06-09,,,,,,
2018-06-10,,,,,,
2018-06-11,22856.080078125,22667.30078125,22686.94921875,22804.0390625,55700000.0,22804.0390625
2018-06-12,23011.5703125,22797.73046875,22977.220703125,22878.349609375,63900000.0,22878.349609375
2018-06-13,22993.259765625,22895.310546875,22896.169921875,22966.380859375,57000000.0,22966.380859375
2018-06-14,22898.390625,22738.609375,22842.9609375,22738.609375,72100000.0,22738.609375
2018-06-15,22885.83984375,22770.380859375,22883.240234375,22851.75,88500000.0,22851.75
2018-06-16,,,,,,
2018-06-17,,,,,,
2018-06-18,22806.890625,22601.130859375,22806.5703125,22680.330078125,65000000.0,22680.330078125
2018-06-19,22618.51953125,22278.48046875,22565.919921875,22278.48046875,79400000.0,22278.48046875
2018-06-20,22581.400390625,22167.16015625,22338.529296875,22555.4296875,88900000.0,22555.4296875
2018-06-21,22782.009765625,22491.080078125,22523.279296875,22693.0390625,76000000.0,22693.0390625
2018-06-22,22535.650390625,22414.1796875,22456.44921875,22516.830078125,85900000.0,22516.830078125
2018-06-23,,,,,,
2018-06-24,,,,,,
2018-06-25,22556.55078125,22312.7890625,22543.560546875,22338.150390625,60600000.0,22338.150390625
2018-06-26,22368.779296875,22104.119140625,22160.330078125,22342.0,71300000.0,22342.0
2018-06-27,22356.5390625,22205.33984375,22320.880859375,22271.76953125,65800000.0,22271.76953125
2018-06-28,22299.390625,22038.400390625,22195.189453125,22270.390625,70000000.0,22270.390625
2018-06-29,22332.8203125,22145.48046875,22314.470703125,22304.509765625,67900000.0,22304.509765625
2018-06-30,,,,,,
2018-07-01,,,,,,
2018-07-02,22312.25,21784.48046875,22233.80078125,21811.9296875,67100000.0,21811.9296875
2018-07-03,21927.810546875,21574.560546875,21889.060546875,21785.5390625,76500000.0,21785.5390625
2018-07-04,21784.0,21604.1796875,21679.0,21717.0390625,62200000.0,21717.0390625
2018-07-05,21751.5,21462.94921875,21697.439453125,21546.990234375,66700000.0,21546.990234375
2018-07-06,21866.16015625,21642.9609375,21647.66015625,21788.140625,71600000.0,21788.140625
2018-07-07,,,,,,
2018-07-08,,,,,,
2018-07-09,22105.94921875,21825.759765625,21838.529296875,22052.1796875,61200000.0,22052.1796875
2018-07-10,22321.599609375,22196.890625,22215.33984375,22196.890625,90700000.0,22196.890625
2018-07-11,22044.619140625,21744.25,22002.140625,21932.2109375,74900000.0,21932.2109375
2018-07-12,22233.51953125,22019.189453125,22036.869140625,22187.9609375,64400000.0,22187.9609375
2018-07-13,22692.859375,22316.51953125,22397.619140625,22597.349609375,72600000.0,22597.349609375
2018-07-14,,,,,,
2018-07-15,,,,,,
2018-07-16,22692.859375,22316.51953125,22397.619140625,22597.349609375,0.0,22597.349609375
2018-07-17,22832.220703125,22575.419921875,22605.73046875,22697.359375,75800000.0,22697.359375
2018-07-18,22949.3203125,22794.189453125,22917.51953125,22794.189453125,56500000.0,22794.189453125
2018-07-19,22926.470703125,22761.869140625,22871.619140625,22764.6796875,62400000.0,22764.6796875
2018-07-20,22869.98046875,22541.349609375,22734.560546875,22697.880859375,69700000.0,22697.880859375
2018-07-21,,,,,,
2018-07-22,,,,,,
2018-07-23,22507.169921875,22341.869140625,22480.330078125,22396.990234375,88000000.0,22396.990234375
2018-07-24,22555.05078125,22416.23046875,22555.05078125,22510.48046875,70400000.0,22510.48046875
2018-07-25,22645.66015625,22547.140625,22594.279296875,22614.25,58700000.0,22614.25
2018-07-26,22717.150390625,22549.76953125,22711.58984375,22586.869140625,69600000.0,22586.869140625
2018-07-27,22712.75,22593.19921875,22646.48046875,22712.75,73200000.0,22712.75
2018-07-28,,,,,,
2018-07-29,,,,,,
2018-07-30,22631.3203125,22518.939453125,22613.30078125,22544.83984375,76200000.0,22544.83984375
2018-07-31,22678.060546875,22352.2109375,22472.119140625,22553.720703125,115400000.0,22553.720703125
2018-08-01,22775.470703125,22615.98046875,22642.1796875,22746.69921875,100800000.0,22746.69921875
2018-08-02,22754.73046875,22464.810546875,22676.73046875,22512.529296875,94500000.0,22512.529296875
2018-08-03,22613.5,22490.5703125,22585.5390625,22525.1796875,71700000.0,22525.1796875
2018-08-04,,,,,,
2018-08-05,,,,,,
2018-08-06,22635.6796875,22486.740234375,22536.05078125,22507.3203125,67000000.0,22507.3203125
2018-08-07,22666.6796875,22499.05078125,22514.310546875,22662.740234375,69400000.0,22662.740234375
2018-08-08,22800.609375,22610.2890625,22666.560546875,22644.310546875,72800000.0,22644.310546875
2018-08-09,22648.880859375,22497.990234375,22591.5390625,22598.390625,61800000.0,22598.390625
2018-08-10,22608.859375,22272.689453125,22606.91015625,22298.080078125,73900000.0,22298.080078125
2018-08-11,,,,,,
2018-08-12,,,,,,
2018-08-13,22124.599609375,21851.3203125,22117.5703125,21857.4296875,77800000.0,21857.4296875
2018-08-14,22356.080078125,22047.189453125,22053.0703125,22356.080078125,59700000.0,22356.080078125
2018-08-15,22380.279296875,22110.2890625,22368.119140625,22204.220703125,61200000.0,22204.220703125
2018-08-16,22240.419921875,21871.69921875,21980.8203125,22192.0390625,77900000.0,22192.0390625
2018-08-17,22340.94921875,22244.099609375,22313.189453125,22270.380859375,56100000.0,22270.380859375
2018-08-18,,,,,,
2018-08-19,,,,,,
2018-08-20,22288.310546875,22150.75,22267.0703125,22199.0,46800000.0,22199.0
2018-08-21,22306.830078125,22053.140625,22110.5390625,22219.73046875,54500000.0,22219.73046875
2018-08-22,22390.19921875,22162.810546875,22270.0390625,22362.55078125,57100000.0,22362.55078125
2018-08-23,22463.029296875,22377.880859375,22420.669921875,22410.8203125,50100000.0,22410.8203125
2018-08-24,22602.240234375,22452.419921875,22484.009765625,22601.76953125,50400000.0,22601.76953125
2018-08-25,,,,,,
2018-08-26,,,,,,
2018-08-27,22838.060546875,22682.390625,22693.689453125,22799.640625,50200000.0,22799.640625
2018-08-28,23006.76953125,22813.470703125,22967.740234375,22813.470703125,60700000.0,22813.470703125
2018-08-29,22968.1796875,22819.970703125,22820.859375,22848.220703125,58800000.0,22848.220703125
2018-08-30,23032.169921875,22832.830078125,23020.1796875,22869.5,73900000.0,22869.5
2018-08-31,22890.609375,22678.029296875,22733.25,22865.150390625,68100000.0,22865.150390625
2018-09-01,,,,,,
2018-09-02,,,,,,
2018-09-03,22820.48046875,22684.4296875,22819.169921875,22707.380859375,49900000.0,22707.380859375
2018-09-04,22753.1796875,22612.150390625,22740.05078125,22696.900390625,52300000.0,22696.900390625
2018-09-05,22692.25,22570.51953125,22663.80078125,22580.830078125,65400000.0,22580.830078125
2018-09-06,22535.33984375,22416.630859375,22458.970703125,22487.939453125,62200000.0,22487.939453125
2018-09-07,22372.890625,22172.900390625,22351.83984375,22307.060546875,69800000.0,22307.060546875
2018-09-08,,,,,,
2018-09-09,,,,,,
2018-09-10,22396.880859375,22249.609375,22253.650390625,22373.08984375,55700000.0,22373.08984375
2018-09-11,22667.849609375,22457.099609375,22469.779296875,22664.689453125,76500000.0,22664.689453125
2018-09-12,22709.369140625,22522.169921875,22702.7109375,22604.609375,79800000.0,22604.609375
2018-09-13,22858.41015625,22643.880859375,22657.94921875,22821.3203125,75000000.0,22821.3203125
2018-09-14,23105.279296875,22965.48046875,23035.779296875,23094.669921875,102700000.0,23094.669921875
2018-09-15,,,,,,
2018-09-16,,,,,,
2018-09-17,,,,,,
2018-09-18,23481.529296875,23039.259765625,23042.189453125,23420.5390625,90600000.0,23420.5390625
2018-09-19,23842.05078125,23672.51953125,23754.9609375,23672.51953125,93600000.0,23672.51953125
2018-09-20,23781.75,23582.150390625,23752.7890625,23674.9296875,101600000.0,23674.9296875
2018-09-21,23971.41015625,23764.05078125,23848.630859375,23869.9296875,120600000.0,23869.9296875
2018-09-22,,,,,,
2018-09-23,,,,,,
2018-09-24,,,,,,
2018-09-25,23950.98046875,23808.94921875,23881.849609375,23940.259765625,100800000.0,23940.259765625
2018-09-26,24033.7890625,23833.919921875,23846.599609375,24033.7890625,84200000.0,24033.7890625
2018-09-27,24089.3203125,23778.0390625,23946.4296875,23796.740234375,76200000.0,23796.740234375
2018-09-28,24286.099609375,24021.26953125,24080.009765625,24120.0390625,90700000.0,24120.0390625
2018-09-29,,,,,,
2018-09-30,,,,,,
2018-10-01,24306.5390625,24123.5,24173.369140625,24245.759765625,65000000.0,24245.759765625
2018-10-02,24448.0703125,24217.259765625,24376.169921875,24270.619140625,80500000.0,24270.619140625
2018-10-03,24260.630859375,24030.58984375,24219.189453125,24110.9609375,71300000.0,24110.9609375
2018-10-04,24247.8203125,23923.259765625,24242.060546875,23975.619140625,89400000.0,23975.619140625
2018-10-05,23928.619140625,23730.189453125,23781.759765625,23783.720703125,84600000.0,23783.720703125
2018-10-06,,,,,,
2018-10-07,,,,,,
2018-10-08,,,,,,
2018-10-09,23587.05078125,23442.4609375,23550.470703125,23469.390625,86500000.0,23469.390625
2018-10-10,23589.380859375,23373.5390625,23538.919921875,23506.0390625,70600000.0,23506.0390625
2018-10-11,23051.189453125,22459.01953125,23043.369140625,22590.859375,115300000.0,22590.859375
2018-10-12,22711.130859375,22323.4296875,22323.4296875,22694.66015625,99500000.0,22694.66015625
2018-10-13,,,,,,
2018-10-14,,,,,,
2018-10-15,22520.58984375,22261.919921875,22501.330078125,22271.30078125,79900000.0,22271.30078125
2018-10-16,22549.240234375,22269.529296875,22298.19921875,22549.240234375,70100000.0,22549.240234375
2018-10-17,22959.41015625,22765.580078125,22806.58984375,22841.119140625,72100000.0,22841.119140625
2018-10-18,22873.130859375,22637.2890625,22871.279296875,22658.16015625,64300000.0,22658.16015625
2018-10-19,22551.669921875,22212.5703125,22342.0,22532.080078125,67400000.0,22532.080078125
2018-10-20,,,,,,
2018-10-21,,,,,,
2018-10-22,22672.25,22271.58984375,22374.2109375,22614.8203125,63000000.0,22614.8203125
2018-10-23,22410.150390625,21993.0703125,22404.140625,22010.779296875,80200000.0,22010.779296875
2018-10-24,22207.08984375,21911.419921875,22167.759765625,22091.1796875,83900000.0,22091.1796875
2018-10-25,21703.2109375,21204.400390625,21676.830078125,21268.73046875,93600000.0,21268.73046875
2018-10-26,21476.66015625,20971.9296875,21440.83984375,21184.599609375,92900000.0,21184.599609375
2018-10-27,,,,,,
2018-10-28,,,,,,
2018-10-29,21465.990234375,21109.970703125,21323.609375,21149.80078125,70800000.0,21149.80078125
2018-10-30,21568.400390625,21035.880859375,21049.51953125,21457.2890625,116900000.0,21457.2890625
2018-10-31,21920.4609375,21530.390625,21569.560546875,21920.4609375,105000000.0,21920.4609375
2018-11-01,21906.41015625,21628.44921875,21906.41015625,21687.650390625,101900000.0,21687.650390625
2018-11-02,22308.419921875,21751.330078125,21761.580078125,22243.66015625,101900000.0,22243.66015625
2018-11-03,,,,,,
2018-11-04,,,,,,
2018-11-05,22051.650390625,21865.98046875,22002.470703125,21898.990234375,78700000.0,21898.990234375
2018-11-06,22160.830078125,21994.279296875,22018.869140625,22147.75,0.0,22147.75
2018-11-07,22444.650390625,21996.939453125,22189.740234375,22085.80078125,96300000.0,22085.80078125
2018-11-08,22583.4296875,22421.0,22446.009765625,22486.919921875,81900000.0,22486.919921875
2018-11-09,22494.580078125,22226.009765625,22471.310546875,22250.25,78100000.0,22250.25
2018-11-10,,,,,,
2018-11-11,,,,,,
2018-11-12,22324.009765625,22046.2890625,22121.69921875,22269.880859375,59300000.0,22269.880859375
2018-11-13,21892.2890625,21484.650390625,21885.240234375,21810.51953125,85700000.0,21810.51953125
2018-11-14,21990.41015625,21764.880859375,21851.130859375,21846.48046875,75200000.0,21846.48046875
2018-11-15,21818.73046875,21613.529296875,21670.349609375,21803.619140625,0.0,21803.619140625
2018-11-16,21873.740234375,21663.990234375,21804.900390625,21680.33984375,74900000.0,21680.33984375
2018-11-17,,,,,,
2018-11-18,,,,,,
2018-11-19,21852.919921875,21665.2890625,21679.029296875,21821.16015625,72100000.0,21821.16015625
2018-11-20,21687.119140625,21526.94921875,21582.689453125,21583.119140625,82500000.0,21583.119140625
2018-11-21,21555.609375,21243.380859375,21286.810546875,21507.5390625,77300000.0,21507.5390625
2018-11-22,21684.640625,21484.98046875,21582.470703125,21646.55078125,65900000.0,21646.55078125
2018-11-23,,,,,,
2018-11-24,,,,,,
2018-11-25,,,,,,
2018-11-26,21838.099609375,21622.599609375,21647.689453125,21812.0,78000000.0,21812.0
2018-11-27,22006.830078125,21816.05078125,21967.98046875,21952.400390625,74000000.0,21952.400390625
2018-11-28,22216.98046875,22032.720703125,22036.720703125,22177.01953125,77600000.0,22177.01953125
2018-11-29,22437.94921875,22241.169921875,22360.98046875,22262.599609375,69300000.0,22262.599609375
2018-11-30,22362.19921875,22231.9609375,22274.970703125,22351.060546875,104100000.0,22351.060546875
2018-12-01,,,,,,
2018-12-02,,,,,,
2018-12-03,22698.7890625,22550.2890625,22629.390625,22574.759765625,70500000.0,22574.759765625
2018-12-04,22576.619140625,22033.41015625,22533.970703125,22036.05078125,89600000.0,22036.05078125
2018-12-05,21979.1796875,21708.8203125,21755.169921875,21919.330078125,83700000.0,21919.330078125
2018-12-06,21805.01953125,21307.720703125,21766.5,21501.619140625,87600000.0,21501.619140625
2018-12-07,21734.939453125,21506.44921875,21643.75,21678.6796875,78100000.0,21678.6796875
2018-12-08,,,,,,
2018-12-09,,,,,,
2018-12-10,21365.779296875,21169.9609375,21319.470703125,21219.5,79000000.0,21219.5
2018-12-11,21279.01953125,21062.310546875,21273.0390625,21148.01953125,87500000.0,21148.01953125
2018-12-12,21631.470703125,21320.720703125,21348.400390625,21602.75,89600000.0,21602.75
2018-12-13,21871.33984375,21675.66015625,21755.130859375,21816.189453125,79200000.0,21816.189453125
2018-12-14,21751.310546875,21353.939453125,21638.9609375,21374.830078125,102800000.0,21374.830078125
2018-12-15,,,,,,
2018-12-16,,,,,,
2018-12-17,21563.26953125,21363.669921875,21391.73046875,21506.880859375,63400000.0,21506.880859375
2018-12-18,21330.359375,21101.439453125,21275.509765625,21115.44921875,80500000.0,21115.44921875
2018-12-19,21168.619140625,20880.73046875,21107.169921875,20987.919921875,81300000.0,20987.919921875
2018-12-20,20841.33984375,20282.9296875,20779.9296875,20392.580078125,96300000.0,20392.580078125
2018-12-21,20334.73046875,20006.669921875,20310.5,20166.189453125,116600000.0,20166.189453125
2018-12-22,,,,,,
2018-12-23,,,,,,
2018-12-24,,,,,,
2018-12-25,19785.4296875,19117.9609375,19785.4296875,19155.740234375,0.0,19155.740234375
2018-12-26,19530.349609375,18948.580078125,19302.58984375,19327.060546875,79900000.0,19327.060546875
2018-12-27,20211.5703125,19701.759765625,19706.189453125,20077.619140625,93000000.0,20077.619140625
2018-12-28,20084.380859375,19900.0390625,19957.880859375,20014.76953125,70600000.0,20014.76953125
2018-12-29,,,,,,
2018-12-30,,,,,,
2018-12-31,,,,,,
2019-01-01,,,,,,
2019-01-02,,,,,,
2019-01-03,,,,,,
2019-01-04,19692.580078125,19241.369140625,19655.130859375,19561.9609375,91600000.0,19561.9609375
2019-01-05,,,,,,
2019-01-06,,,,,,
2019-01-07,20266.220703125,19920.80078125,19944.609375,20038.970703125,81500000.0,20038.970703125
2019-01-08,20347.919921875,20106.359375,20224.669921875,20204.0390625,86400000.0,20204.0390625
2019-01-09,20494.349609375,20331.19921875,20366.30078125,20427.060546875,72800000.0,20427.060546875
2019-01-10,20345.919921875,20101.9296875,20270.880859375,20163.80078125,73700000.0,20163.80078125
2019-01-11,20389.890625,20294.740234375,20296.44921875,20359.69921875,77700000.0,20359.69921875
2019-01-12,,,,,,
2019-01-13,,,,,,
2019-01-14,,,,,,
2019-01-15,20571.279296875,20204.4296875,20264.8203125,20555.2890625,78300000.0,20555.2890625
2019-01-16,20580.25,20323.3203125,20575.720703125,20442.75,69500000.0,20442.75
2019-01-17,20571.75,20342.4609375,20544.23046875,20402.26953125,63600000.0,20402.26953125
2019-01-18,20682.119140625,20454.130859375,20472.810546875,20666.0703125,64700000.0,20666.0703125
2019-01-19,,,,,,
2019-01-20,,,,,,
2019-01-21,20892.6796875,20678.259765625,20848.380859375,20719.330078125,61200000.0,20719.330078125
2019-01-22,20805.9296875,20558.30078125,20770.060546875,20622.91015625,57100000.0,20622.91015625
2019-01-23,20686.2890625,20438.220703125,20453.439453125,20593.720703125,0.0,20593.720703125
2019-01-24,20620.720703125,20467.58984375,20506.240234375,20574.630859375,61400000.0,20574.630859375
2019-01-25,20844.310546875,20598.640625,20598.640625,20773.560546875,68400000.0,20773.560546875
2019-01-26,,,,,,
2019-01-27,,,,,,
2019-01-28,20759.48046875,20624.55078125,20746.2890625,20649.0,56800000.0,20649.0
2019-01-29,20673.66015625,20406.220703125,20555.439453125,20664.640625,63100000.0,20664.640625
2019-01-30,20706.26953125,20527.529296875,20701.619140625,20556.5390625,72100000.0,20556.5390625
2019-01-31,20869.419921875,20682.91015625,20832.91015625,20773.490234375,75700000.0,20773.490234375
2019-02-01,20929.630859375,20741.98046875,20797.029296875,20788.390625,82200000.0,20788.390625
2019-02-02,,,,,,
2019-02-03,,,,,,
2019-02-04,20922.580078125,20823.6796875,20831.900390625,20883.76953125,66600000.0,20883.76953125
2019-02-05,20981.23046875,20823.1796875,20960.470703125,20844.44921875,65500000.0,20844.44921875
2019-02-06,20971.66015625,20860.990234375,20928.869140625,20874.060546875,68900000.0,20874.060546875
2019-02-07,20844.76953125,20665.509765625,20812.220703125,20751.279296875,70600000.0,20751.279296875
2019-02-08,20562.390625,20315.310546875,20510.5,20333.169921875,86200000.0,20333.169921875
2019-02-09,,,,,,
2019-02-10,,,,,,
2019-02-11,,,,,,
2019-02-12,20885.880859375,20428.5703125,20442.55078125,20864.2109375,84100000.0,20864.2109375
2019-02-13,21213.740234375,20992.880859375,21029.9296875,21144.48046875,78600000.0,21144.48046875
2019-02-14,21235.619140625,21102.16015625,21147.890625,21139.7109375,64500000.0,21139.7109375
2019-02-15,21051.509765625,20853.330078125,21051.509765625,20900.630859375,65600000.0,20900.630859375
2019-02-16,,,,,,
2019-02-17,,,,,,
2019-02-18,21306.359375,21189.970703125,21217.3203125,21281.849609375,61800000.0,21281.849609375
2019-02-19,21344.169921875,21217.16015625,21256.580078125,21302.650390625,53600000.0,21302.650390625
2019-02-20,21494.849609375,21315.390625,21346.0390625,21431.490234375,59700000.0,21431.490234375
2019-02-21,21553.349609375,21318.740234375,21422.310546875,21464.23046875,68400000.0,21464.23046875
2019-02-22,21451.23046875,21348.669921875,21376.359375,21425.509765625,52400000.0,21425.509765625
2019-02-23,,,,,,
2019-02-24,,,,,,
2019-02-25,21590.029296875,21505.0703125,21567.66015625,21528.23046875,51800000.0,21528.23046875
2019-02-26,21610.880859375,21405.83984375,21556.01953125,21449.390625,56400000.0,21449.390625
2019-02-27,21578.810546875,21492.650390625,21504.609375,21556.509765625,67700000.0,21556.509765625
2019-02-28,21536.55078125,21364.08984375,21536.55078125,21385.16015625,71500000.0,21385.16015625
2019-03-01,21641.580078125,21490.01953125,21490.01953125,21602.689453125,62600000.0,21602.689453125
2019-03-02,,,,,,
2019-03-03,,,,,,
2019-03-04,21860.390625,21740.919921875,21812.810546875,21822.0390625,59100000.0,21822.0390625
2019-03-05,21798.380859375,21659.0390625,21712.80078125,21726.279296875,59200000.0,21726.279296875
2019-03-06,21684.599609375,21550.44921875,21659.029296875,21596.810546875,57100000.0,21596.810546875
2019-03-07,21472.16015625,21402.119140625,21456.880859375,21456.009765625,75200000.0,21456.009765625
2019-03-08,21359.3203125,20993.0703125,21339.169921875,21025.560546875,99800000.0,21025.560546875
2019-03-09,,,,,,
2019-03-10,,,,,,
2019-03-11,21145.939453125,20938.0,21062.75,21125.08984375,55600000.0,21125.08984375
2019-03-12,21568.48046875,21348.810546875,21361.609375,21503.689453125,67800000.0,21503.689453125
2019-03-13,21474.169921875,21198.990234375,21425.76953125,21290.240234375,66200000.0,21290.240234375
2019-03-14,21522.75,21287.01953125,21474.580078125,21287.01953125,64100000.0,21287.01953125
2019-03-15,21521.6796875,21374.849609375,21376.73046875,21450.849609375,83200000.0,21450.849609375
2019-03-16,,,,,,
2019-03-17,,,,,,
2019-03-18,21612.669921875,21500.3203125,21576.359375,21584.5,55200000.0,21584.5
2019-03-19,21585.55078125,21425.7890625,21558.4296875,21566.849609375,59900000.0,21566.849609375
2019-03-20,21614.169921875,21499.16015625,21548.650390625,21608.919921875,65300000.0,21608.919921875
2019-03-21,,,,,,
2019-03-22,21713.259765625,21542.029296875,21713.259765625,21627.33984375,78900000.0,21627.33984375
2019-03-23,,,,,,
2019-03-24,,,,,,
2019-03-25,21275.4296875,20911.5703125,21267.41015625,20977.109375,77700000.0,20977.109375
2019-03-26,21460.990234375,21174.33984375,21174.33984375,21428.390625,101300000.0,21428.390625
2019-03-27,21388.58984375,21242.51953125,21353.609375,21378.73046875,76000000.0,21378.73046875
2019-03-28,21191.3203125,20974.189453125,21191.3203125,21033.759765625,71100000.0,21033.759765625
2019-03-29,21267.25,21149.419921875,21228.509765625,21205.810546875,61600000.0,21205.810546875
2019-03-30,,,,,,
2019-03-31,,,,,,
2019-04-01,21682.939453125,21471.119140625,21500.890625,21509.029296875,77400000.0,21509.029296875
2019-04-02,21744.640625,21490.560546875,21744.640625,21505.310546875,71000000.0,21505.310546875
2019-04-03,21722.720703125,21489.94921875,21563.640625,21713.2109375,68500000.0,21713.2109375
2019-04-04,21787.599609375,21662.900390625,21724.689453125,21724.94921875,57900000.0,21724.94921875
2019-04-05,21839.1796875,21731.33984375,21743.140625,21807.5,58500000.0,21807.5
2019-04-06,,,,,,
2019-04-07,,,,,,
2019-04-08,21900.55078125,21740.529296875,21900.55078125,21761.650390625,54600000.0,21761.650390625
2019-04-09,21811.880859375,21698.419921875,21750.2890625,21802.58984375,54300000.0,21802.58984375
2019-04-10,21687.5703125,21571.669921875,21579.6796875,21687.5703125,58700000.0,21687.5703125
2019-04-11,21721.419921875,21627.869140625,21662.650390625,21711.380859375,61200000.0,21711.380859375
2019-04-12,21878.779296875,21698.7109375,21782.349609375,21870.560546875,61600000.0,21870.560546875
2019-04-13,,,,,,
2019-04-14,,,,,,
2019-04-15,22211.029296875,22102.9296875,22122.970703125,22169.109375,66100000.0,22169.109375
2019-04-16,22261.330078125,22095.3203125,22108.150390625,22221.66015625,57300000.0,22221.66015625
2019-04-17,22345.189453125,22185.869140625,22236.41015625,22277.970703125,75400000.0,22277.970703125
2019-04-18,22305.630859375,22058.390625,22274.130859375,22090.119140625,67300000.0,22090.119140625
2019-04-19,22250.369140625,22162.23046875,22238.0703125,22200.560546875,0.0,22200.560546875
2019-04-20,,,,,,
2019-04-21,,,,,,
2019-04-22,22280.189453125,22099.380859375,22188.619140625,22217.900390625,42900000.0,22217.900390625
2019-04-23,22268.369140625,22119.939453125,22241.740234375,22259.740234375,52000000.0,22259.740234375
2019-04-24,22362.919921875,22125.48046875,22356.830078125,22200.0,67900000.0,22200.0
2019-04-25,22334.689453125,22155.23046875,22183.3203125,22307.580078125,63300000.0,22307.580078125
2019-04-26,22270.2890625,22073.099609375,22167.48046875,22258.73046875,71900000.0,22258.73046875
2019-04-27,,,,,,
2019-04-28,,,,,,
2019-04-29,,,,,,
2019-04-30,,,,,,
2019-05-01,,,,,,
2019-05-02,,,,,,
2019-05-03,,,,,,
2019-05-04,,,,,,
2019-05-05,,,,,,
2019-05-06,,,,,,
2019-05-07,22190.490234375,21875.109375,22184.400390625,21923.720703125,90700000.0,21923.720703125
2019-05-08,21639.119140625,21514.849609375,21628.0390625,21602.58984375,85700000.0,21602.58984375
2019-05-09,21559.759765625,21315.0703125,21492.91015625,21402.130859375,96900000.0,21402.130859375
2019-05-10,21584.08984375,21175.330078125,21431.810546875,21344.919921875,98500000.0,21344.919921875
2019-05-11,,,,,,
2019-05-12,,,,,,
2019-05-13,21277.66015625,21127.9296875,21180.740234375,21191.279296875,74500000.0,21191.279296875
2019-05-14,21077.48046875,20751.44921875,20870.76953125,21067.23046875,90200000.0,21067.23046875
2019-05-15,21191.529296875,20968.080078125,21112.849609375,21188.560546875,84100000.0,21188.560546875
2019-05-16,21153.19921875,20951.669921875,21153.19921875,21062.98046875,82500000.0,21062.98046875
2019-05-17,21398.849609375,21199.98046875,21246.859375,21250.08984375,75800000.0,21250.08984375
2019-05-18,,,,,,
2019-05-19,,,,,,
2019-05-20,21430.060546875,21282.650390625,21305.970703125,21301.73046875,65100000.0,21301.73046875
2019-05-21,21318.80078125,21160.4296875,21211.259765625,21272.44921875,70100000.0,21272.44921875
2019-05-22,21404.5390625,21266.98046875,21373.51953125,21283.369140625,64500000.0,21283.369140625
2019-05-23,21209.560546875,21072.720703125,21180.240234375,21151.140625,63900000.0,21151.140625
2019-05-24,21117.220703125,20922.0,20980.7890625,21117.220703125,67700000.0,21117.220703125
2019-05-25,,,,,,
2019-05-26,,,,,,
2019-05-27,21232.380859375,21113.759765625,21148.4609375,21182.580078125,41600000.0,21182.580078125
2019-05-28,21297.69921875,21177.26953125,21187.169921875,21260.140625,98500000.0,21260.140625
2019-05-29,21071.73046875,20884.609375,21055.419921875,21003.369140625,70000000.0,21003.369140625
2019-05-30,20942.529296875,20809.2890625,20881.5,20942.529296875,58700000.0,20942.529296875
2019-05-31,20823.099609375,20581.580078125,20785.2109375,20601.189453125,79100000.0,20601.189453125
2019-06-01,,,,,,
2019-06-02,,,,,,
2019-06-03,20438.029296875,20305.740234375,20327.869140625,20410.880859375,67400000.0,20410.880859375
2019-06-04,20464.5703125,20289.640625,20435.859375,20408.5390625,69200000.0,20408.5390625
2019-06-05,20800.640625,20646.150390625,20667.890625,20776.099609375,72300000.0,20776.099609375
2019-06-06,20842.279296875,20745.83984375,20745.83984375,20774.0390625,59600000.0,20774.0390625
2019-06-07,20907.76953125,20816.580078125,20859.779296875,20884.7109375,50700000.0,20884.7109375
2019-06-08,,,,,,
2019-06-09,,,,,,
2019-06-10,21166.119140625,21077.94921875,21095.400390625,21134.419921875,58200000.0,21134.419921875
2019-06-11,21227.1796875,21066.619140625,21099.5390625,21204.279296875,52100000.0,21204.279296875
2019-06-12,21259.69921875,21118.75,21130.390625,21129.720703125,56500000.0,21129.720703125
2019-06-13,21111.23046875,20932.130859375,21040.91015625,21032.0,65700000.0,21032.0
2019-06-14,21119.73046875,20971.1796875,21049.41015625,21116.890625,60400000.0,21116.890625
2019-06-15,,,,,,
2019-06-16,,,,,,
2019-06-17,21185.25,21044.619140625,21094.9609375,21124.0,49100000.0,21124.0
2019-06-18,21153.650390625,20924.189453125,21111.76953125,20972.7109375,54600000.0,20972.7109375
2019-06-19,21358.720703125,21213.4296875,21223.169921875,21333.869140625,64100000.0,21333.869140625
2019-06-20,21491.390625,21377.26953125,21417.740234375,21462.859375,55700000.0,21462.859375
2019-06-21,21497.8203125,21221.69921875,21487.669921875,21258.640625,89000000.0,21258.640625
2019-06-22,,,,,,
2019-06-23,,,,,,
2019-06-24,21317.859375,21185.669921875,21223.560546875,21285.990234375,43200000.0,21285.990234375
2019-06-25,21313.76953125,21114.470703125,21238.0703125,21193.810546875,53900000.0,21193.810546875
2019-06-26,21129.640625,21035.83984375,21067.6796875,21086.58984375,50300000.0,21086.58984375
2019-06-27,21338.169921875,21123.970703125,21156.880859375,21338.169921875,61300000.0,21338.169921875
2019-06-28,21324.9296875,21199.849609375,21282.220703125,21275.919921875,62100000.0,21275.919921875
2019-06-29,,,,,,
2019-06-30,,,,,,
2019-07-01,21758.33984375,21559.169921875,21566.26953125,21729.970703125,66900000.0,21729.970703125
2019-07-02,21784.220703125,21697.310546875,21699.4296875,21754.26953125,54700000.0,21754.26953125
2019-07-03,21708.720703125,21566.650390625,21684.0703125,21638.16015625,55000000.0,21638.16015625
2019-07-04,21755.630859375,21672.5,21740.9296875,21702.44921875,37800000.0,21702.44921875
2019-07-05,21746.380859375,21647.73046875,21703.609375,21746.380859375,44800000.0,21746.380859375
2019-07-06,,,,,,
2019-07-07,,,,,,
2019-07-08,21672.650390625,21499.5703125,21665.7890625,21534.349609375,51900000.0,21534.349609375
2019-07-09,21687.2890625,21508.220703125,21598.150390625,21565.150390625,53900000.0,21565.150390625
2019-07-10,21601.859375,21488.220703125,21499.4609375,21533.48046875,58900000.0,21533.48046875
2019-07-11,21649.9296875,21532.5703125,21547.189453125,21643.529296875,49600000.0,21643.529296875
2019-07-12,21720.140625,21589.830078125,21720.140625,21685.900390625,45400000.0,21685.900390625
2019-07-13,,,,,,
2019-07-14,,,,,,
2019-07-15,,,,,,
2019-07-16,21655.51953125,21514.890625,21644.380859375,21535.25,49800000.0,21535.25
2019-07-17,21488.26953125,21380.55078125,21474.630859375,21469.1796875,53300000.0,21469.1796875
2019-07-18,21347.83984375,20993.439453125,21336.80078125,21046.240234375,70200000.0,21046.240234375
2019-07-19,21474.30078125,21121.900390625,21146.5,21466.990234375,57900000.0,21466.990234375
2019-07-20,,,,,,
2019-07-21,,,,,,
2019-07-22,21445.029296875,21317.849609375,21394.75,21416.7890625,46900000.0,21416.7890625
2019-07-23,21686.529296875,21411.9296875,21425.439453125,21620.880859375,48100000.0,21620.880859375
2019-07-24,21744.880859375,21677.7109375,21726.98046875,21709.5703125,51100000.0,21709.5703125
2019-07-25,21823.0703125,21715.689453125,21715.94921875,21756.55078125,46900000.0,21756.55078125
2019-07-26,21709.740234375,21590.66015625,21700.19921875,21658.150390625,47600000.0,21658.150390625
2019-07-27,,,,,,
2019-07-28,,,,,,
2019-07-29,21652.94921875,21518.69921875,21627.55078125,21616.80078125,47000000.0,21616.80078125
2019-07-30,21792.98046875,21665.859375,21681.8203125,21709.310546875,54500000.0,21709.310546875
2019-07-31,21589.109375,21476.0703125,21526.380859375,21521.529296875,76500000.0,21521.529296875
2019-08-01,21556.689453125,21288.900390625,21361.580078125,21540.990234375,75700000.0,21540.990234375
2019-08-02,21211.060546875,20960.08984375,21211.060546875,21087.16015625,91500000.0,21087.16015625
2019-08-03,,,,,,
2019-08-04,,,,,,
2019-08-05,20941.830078125,20514.189453125,20909.98046875,20720.2890625,85800000.0,20720.2890625
2019-08-06,20607.830078125,20110.759765625,20325.51953125,20585.310546875,89700000.0,20585.310546875
2019-08-07,20570.189453125,20406.51953125,20548.0703125,20516.560546875,73600000.0,20516.560546875
2019-08-08,20682.240234375,20462.98046875,20529.2890625,20593.349609375,64800000.0,20593.349609375
2019-08-09,20782.060546875,20676.919921875,20758.150390625,20684.8203125,63700000.0,20684.8203125
2019-08-10,,,,,,
2019-08-11,,,,,,
2019-08-12,,,,,,
2019-08-13,20503.380859375,20369.26953125,20432.6796875,20455.439453125,72900000.0,20455.439453125
2019-08-14,20697.419921875,20581.169921875,20669.990234375,20655.130859375,60900000.0,20655.130859375
2019-08-15,20419.880859375,20184.849609375,20324.25,20405.650390625,68200000.0,20405.650390625
2019-08-16,20465.7109375,20300.349609375,20323.970703125,20418.810546875,58400000.0,20418.810546875
2019-08-17,,,,,,
2019-08-18,,,,,,
2019-08-19,20633.900390625,20502.66015625,20590.470703125,20563.16015625,50600000.0,20563.16015625
2019-08-20,20684.060546875,20582.009765625,20605.349609375,20677.220703125,50100000.0,20677.220703125
2019-08-21,20626.05078125,20482.619140625,20489.970703125,20618.5703125,53000000.0,20618.5703125
2019-08-22,20731.189453125,20584.2890625,20706.0703125,20628.009765625,54600000.0,20628.009765625
2019-08-23,20719.310546875,20579.98046875,20579.98046875,20710.91015625,50700000.0,20710.91015625
2019-08-24,,,,,,
2019-08-25,,,,,,
2019-08-26,20329.009765625,20173.759765625,20325.439453125,20261.0390625,69900000.0,20261.0390625
2019-08-27,20529.939453125,20439.919921875,20467.220703125,20456.080078125,60800000.0,20456.080078125
2019-08-28,20511.2109375,20433.310546875,20474.310546875,20479.419921875,51500000.0,20479.419921875
2019-08-29,20520.6796875,20361.119140625,20500.5,20460.9296875,55100000.0,20460.9296875
2019-08-30,20748.349609375,20633.30078125,20641.490234375,20704.369140625,72000000.0,20704.369140625
2019-08-31,,,,,,
2019-09-01,,,,,,
2019-09-02,20667.560546875,20614.2890625,20625.75,20620.189453125,42400000.0,20620.189453125
2019-09-03,20662.23046875,20578.01953125,20581.580078125,20625.16015625,0.0,20625.16015625
2019-09-04,20694.349609375,20554.16015625,20578.669921875,20649.140625,51500000.0,20649.140625
2019-09-05,21164.609375,20787.9296875,20800.2890625,21085.939453125,83000000.0,21085.939453125
2019-09-06,21241.2890625,21145.810546875,21201.830078125,21199.5703125,71100000.0,21199.5703125
2019-09-07,,,,,,
2019-09-08,,,,,,
2019-09-09,21333.509765625,21182.259765625,21214.560546875,21318.419921875,57800000.0,21318.419921875
2019-09-10,21438.349609375,21350.349609375,21363.5703125,21392.099609375,92400000.0,21392.099609375
2019-09-11,21619.2109375,21437.8203125,21466.66015625,21597.759765625,110100000.0,21597.759765625
2019-09-12,21825.919921875,21743.9609375,21761.08984375,21759.609375,96000000.0,21759.609375
2019-09-13,22019.66015625,21820.939453125,21907.830078125,21988.2890625,116300000.0,21988.2890625
2019-09-14,,,,,,
2019-09-15,,,,,,
2019-09-16,,,,,,
2019-09-17,22041.080078125,21878.630859375,21947.58984375,22001.3203125,81500000.0,22001.3203125
2019-09-18,22027.859375,21942.029296875,22014.650390625,21960.7109375,69400000.0,21960.7109375
2019-09-19,22255.560546875,22003.30078125,22064.4609375,22044.44921875,78200000.0,22044.44921875
2019-09-20,22204.75,22047.900390625,22130.740234375,22079.08984375,85000000.0,22079.08984375
2019-09-21,,,,,,
2019-09-22,,,,,,
2019-09-23,,,,,,
2019-09-24,22168.740234375,22077.939453125,22095.349609375,22098.83984375,68400000.0,22098.83984375
2019-09-25,22036.48046875,21906.0,21961.8203125,22020.150390625,61600000.0,22020.150390625
2019-09-26,22184.91015625,21986.240234375,22160.51953125,22048.240234375,81600000.0,22048.240234375
2019-09-27,21955.7890625,21733.689453125,21934.9296875,21878.900390625,76400000.0,21878.900390625
2019-09-28,,,,,,
2019-09-29,,,,,,
2019-09-30,21811.98046875,21666.599609375,21793.830078125,21755.83984375,69900000.0,21755.83984375
2019-10-01,21938.76953125,21811.98046875,21831.439453125,21885.240234375,62300000.0,21885.240234375
2019-10-02,21795.009765625,21725.23046875,21744.619140625,21778.609375,63300000.0,21778.609375
2019-10-03,21437.740234375,21277.359375,21422.220703125,21341.740234375,67700000.0,21341.740234375
2019-10-04,21410.19921875,21276.009765625,21316.1796875,21410.19921875,57700000.0,21410.19921875
2019-10-05,,,,,,
2019-10-06,,,,,,
2019-10-07,21475.279296875,21328.259765625,21445.73046875,21375.25,47400000.0,21375.25
2019-10-08,21629.240234375,21483.1796875,21494.48046875,21587.779296875,60800000.0,21587.779296875
2019-10-09,21467.76953125,21359.83984375,21359.83984375,21456.380859375,55400000.0,21456.380859375
2019-10-10,21601.4609375,21308.880859375,21456.26953125,21551.98046875,59900000.0,21551.98046875
2019-10-11,21820.76953125,21658.26953125,21749.9296875,21798.869140625,67400000.0,21798.869140625
2019-10-12,,,,,,
2019-10-13,,,,,,
2019-10-14,,,,,,
2019-10-15,22219.630859375,22049.7109375,22063.7109375,22207.2109375,74500000.0,22207.2109375
2019-10-16,22615.470703125,22434.349609375,22479.5703125,22472.919921875,78700000.0,22472.919921875
2019-10-17,22522.390625,22424.919921875,22451.150390625,22451.859375,57800000.0,22451.859375
2019-10-18,22649.849609375,22466.259765625,22528.560546875,22492.6796875,59200000.0,22492.6796875
2019-10-19,,,,,,
2019-10-20,,,,,,
2019-10-21,22581.279296875,22515.73046875,22541.220703125,22548.900390625,48400000.0,22548.900390625
2019-10-22,,,,,,
2019-10-23,22648.810546875,22457.890625,22619.76953125,22625.380859375,68000000.0,22625.380859375
2019-10-24,22780.990234375,22704.330078125,22725.439453125,22750.599609375,61300000.0,22750.599609375
2019-10-25,22819.919921875,22715.130859375,22753.240234375,22799.810546875,57200000.0,22799.810546875
2019-10-26,,,,,,
2019-10-27,,,,,,
2019-10-28,22896.220703125,22830.5703125,22854.439453125,22867.26953125,48100000.0,22867.26953125
2019-10-29,23008.4296875,22935.349609375,22950.7890625,22974.130859375,72900000.0,22974.130859375
2019-10-30,22961.23046875,22827.9296875,22953.169921875,22843.119140625,101600000.0,22843.119140625
2019-10-31,22988.80078125,22875.5,22910.099609375,22927.0390625,78300000.0,22927.0390625
2019-11-01,22852.720703125,22705.599609375,22730.490234375,22850.76953125,65400000.0,22850.76953125
2019-11-02,,,,,,
2019-11-03,,,,,,
2019-11-04,,,,,,
2019-11-05,23328.51953125,23090.939453125,23118.7890625,23251.990234375,102100000.0,23251.990234375
2019-11-06,23352.560546875,23246.5703125,23343.509765625,23303.8203125,77400000.0,23303.8203125
2019-11-07,23336.0,23253.3203125,23283.140625,23330.3203125,70900000.0,23330.3203125
2019-11-08,23591.08984375,23313.41015625,23550.0390625,23391.869140625,94600000.0,23391.869140625
2019-11-09,,,,,,
2019-11-10,,,,,,
2019-11-11,23471.8203125,23323.01953125,23422.130859375,23331.83984375,61500000.0,23331.83984375
2019-11-12,23545.69921875,23312.25,23336.369140625,23520.009765625,63000000.0,23520.009765625
2019-11-13,23452.630859375,23270.9296875,23439.25,23319.869140625,63400000.0,23319.869140625
2019-11-14,23360.060546875,23062.16015625,23325.5,23141.55078125,79900000.0,23141.55078125
2019-11-15,23340.76953125,23121.58984375,23160.529296875,23303.3203125,72200000.0,23303.3203125
2019-11-16,,,,,,
2019-11-17,,,,,,
2019-11-18,23420.619140625,23271.2890625,23304.25,23416.759765625,57300000.0,23416.759765625
2019-11-19,23389.529296875,23244.9296875,23366.359375,23292.650390625,64200000.0,23292.650390625
2019-11-20,23303.169921875,23086.119140625,23176.490234375,23148.5703125,65700000.0,23148.5703125
2019-11-21,23108.080078125,22726.7109375,23071.490234375,23038.580078125,69800000.0,23038.580078125
2019-11-22,23219.509765625,23030.330078125,23030.330078125,23112.880859375,55600000.0,23112.880859375
2019-11-23,,,,,,
2019-11-24,,,,,,
2019-11-25,23347.1796875,23255.390625,23292.849609375,23292.810546875,50300000.0,23292.810546875
2019-11-26,23608.060546875,23350.099609375,23451.400390625,23373.3203125,94300000.0,23373.3203125
2019-11-27,23507.8203125,23418.23046875,23452.849609375,23437.76953125,52200000.0,23437.76953125
2019-11-28,23482.3203125,23367.330078125,23458.880859375,23409.140625,44800000.0,23409.140625
2019-11-29,23498.76953125,23273.369140625,23497.439453125,23293.91015625,52100000.0,23293.91015625
2019-11-30,,,,,,
2019-12-01,,,,,,
2019-12-02,23562.05078125,23378.400390625,23388.630859375,23529.5,47700000.0,23529.5
2019-12-03,23388.1796875,23186.83984375,23231.140625,23379.810546875,58800000.0,23379.810546875
2019-12-04,23203.76953125,23044.779296875,23186.740234375,23135.23046875,58100000.0,23135.23046875
2019-12-05,23363.439453125,23259.8203125,23292.69921875,23300.08984375,61400000.0,23300.08984375
2019-12-06,23412.48046875,23338.400390625,23347.669921875,23354.400390625,54400000.0,23354.400390625
2019-12-07,,,,,,
2019-12-08,,,,,,
2019-12-09,23544.310546875,23360.009765625,23544.310546875,23430.69921875,55800000.0,23430.69921875
2019-12-10,23449.470703125,23336.9296875,23372.390625,23410.189453125,52800000.0,23410.189453125
2019-12-11,23438.4296875,23333.630859375,23421.140625,23391.859375,61300000.0,23391.859375
2019-12-12,23468.150390625,23360.4296875,23449.279296875,23424.810546875,56300000.0,23424.810546875
2019-12-13,24050.0390625,23775.73046875,23810.560546875,24023.099609375,115500000.0,24023.099609375
2019-12-14,,,,,,
2019-12-15,,,,,,
2019-12-16,24036.30078125,23950.05078125,23955.19921875,23952.349609375,53300000.0,23952.349609375
2019-12-17,24091.119140625,23996.509765625,24091.119140625,24066.119140625,64000000.0,24066.119140625
2019-12-18,24046.08984375,23919.359375,24023.26953125,23934.4296875,66300000.0,23934.4296875
2019-12-19,23945.529296875,23835.2890625,23911.4609375,23864.849609375,55600000.0,23864.849609375
2019-12-20,23908.76953125,23746.630859375,23893.44921875,23816.630859375,70300000.0,23816.630859375
2019-12-21,,,,,,
2019-12-22,,,,,,
2019-12-23,23923.08984375,23810.8203125,23921.2890625,23821.109375,45200000.0,23821.109375
2019-12-24,23853.560546875,23796.349609375,23839.1796875,23830.580078125,37900000.0,23830.580078125
2019-12-25,23824.849609375,23782.869140625,23813.58984375,23782.869140625,31600000.0,23782.869140625
2019-12-26,23931.509765625,23775.400390625,23787.69921875,23924.919921875,40300000.0,23924.919921875
2019-12-27,23967.1796875,23837.720703125,23953.75,23837.720703125,44800000.0,23837.720703125
2019-12-28,,,,,,
2019-12-29,,,,,,
2019-12-30,23782.490234375,23656.619140625,23770.9296875,23656.619140625,41600000.0,23656.619140625
2019-12-31,,,,,,
2020-01-01,,,,,,
2020-01-02,,,,,,
2020-01-03,,,,,,
2020-01-04,,,,,,
2020-01-05,,,,,,
2020-01-06,23365.359375,23148.529296875,23319.759765625,23204.859375,72800000.0,23204.859375
2020-01-07,23577.439453125,23299.919921875,23320.119140625,23575.720703125,64300000.0,23575.720703125
2020-01-08,23303.2109375,22951.1796875,23217.490234375,23204.759765625,79400000.0,23204.759765625
2020-01-09,23767.08984375,23506.150390625,23530.2890625,23739.869140625,62200000.0,23739.869140625
2020-01-10,23903.2890625,23761.080078125,23813.279296875,23850.5703125,55900000.0,23850.5703125
2020-01-11,,,,,,
2020-01-12,,,,,,
2020-01-13,,,,,,
2020-01-14,24059.859375,23951.66015625,23969.0390625,24025.169921875,64200000.0,24025.169921875
2020-01-15,23997.390625,23875.8203125,23923.48046875,23916.580078125,57200000.0,23916.580078125
2020-01-16,23975.380859375,23905.380859375,23960.19921875,23933.130859375,55400000.0,23933.130859375
2020-01-17,24115.94921875,24013.75,24103.44921875,24041.259765625,59400000.0,24041.259765625
2020-01-18,,,,,,
2020-01-19,,,,,,
2020-01-20,24108.109375,24061.669921875,24080.6796875,24083.509765625,38300000.0,24083.509765625
2020-01-21,24081.75,23843.48046875,24072.810546875,23864.560546875,44600000.0,23864.560546875
2020-01-22,24040.869140625,23831.099609375,23835.490234375,24031.349609375,49000000.0,24031.349609375
2020-01-23,23910.009765625,23779.23046875,23843.509765625,23795.439453125,55500000.0,23795.439453125
2020-01-24,23869.380859375,23755.3203125,23850.119140625,23827.1796875,48700000.0,23827.1796875
2020-01-25,,,,,,
2020-01-26,,,,,,
2020-01-27,23463.890625,23317.3203125,23427.900390625,23343.509765625,62400000.0,23343.509765625
2020-01-28,23243.359375,23115.150390625,23126.9296875,23215.7109375,64400000.0,23215.7109375
2020-01-29,23392.609375,23214.279296875,23309.3203125,23379.400390625,54900000.0,23379.400390625
2020-01-30,23318.5703125,22892.94921875,23284.580078125,22977.75,69600000.0,22977.75
2020-01-31,23421.58984375,23139.98046875,23148.919921875,23205.1796875,75400000.0,23205.1796875
2020-02-01,,,,,,
2020-02-02,,,,,,
2020-02-03,23023.73046875,22775.919921875,22874.26953125,22971.939453125,72500000.0,22971.939453125
2020-02-04,23118.130859375,22854.44921875,22881.130859375,23084.58984375,67900000.0,23084.58984375
2020-02-05,23414.689453125,23241.640625,23351.470703125,23319.560546875,70300000.0,23319.560546875
2020-02-06,23995.369140625,23625.130859375,23641.099609375,23873.58984375,95100000.0,23873.58984375
2020-02-07,23943.44921875,23759.419921875,23899.009765625,23827.98046875,65400000.0,23827.98046875
2020-02-08,,,,,,
2020-02-09,,,,,,
2020-02-10,23788.25,23621.720703125,23631.7890625,23685.98046875,56500000.0,23685.98046875
2020-02-11,,,,,,
2020-02-12,23869.73046875,23693.720703125,23741.2109375,23861.2109375,74600000.0,23861.2109375
2020-02-13,23908.849609375,23784.310546875,23849.759765625,23827.73046875,64500000.0,23827.73046875
2020-02-14,23738.419921875,23603.48046875,23714.51953125,23687.58984375,69100000.0,23687.58984375
2020-02-15,,,,,,
2020-02-16,,,,,,
2020-02-17,23561.98046875,23335.990234375,23489.779296875,23523.240234375,54000000.0,23523.240234375
2020-02-18,23402.009765625,23133.599609375,23398.5703125,23193.80078125,59500000.0,23193.80078125
2020-02-19,23468.560546875,23234.9609375,23329.330078125,23400.69921875,61600000.0,23400.69921875
2020-02-20,23806.560546875,23426.419921875,23666.580078125,23479.150390625,63300000.0,23479.150390625
2020-02-21,23588.55078125,23378.330078125,23427.76953125,23386.740234375,62100000.0,23386.740234375
2020-02-22,,,,,,
2020-02-23,,,,,,
2020-02-24,,,,,,
2020-02-25,22950.23046875,22335.2109375,22949.369140625,22605.41015625,105800000.0,22605.41015625
2020-02-26,22456.55078125,22127.419921875,22374.140625,22426.189453125,99300000.0,22426.189453125
2020-02-27,22272.259765625,21844.2890625,22255.830078125,21948.23046875,106200000.0,21948.23046875
2020-02-28,21528.130859375,20916.400390625,21518.009765625,21142.9609375,148500000.0,21142.9609375
2020-02-29,,,,,,
2020-03-01,,,,,,
2020-03-02,21593.109375,20834.2890625,20849.7890625,21344.080078125,123700000.0,21344.080078125
2020-03-03,21719.779296875,21082.73046875,21651.990234375,21082.73046875,105300000.0,21082.73046875
2020-03-04,21245.9296875,20862.05078125,20897.19921875,21100.060546875,94600000.0,21100.060546875
2020-03-05,21399.869140625,21220.759765625,21399.869140625,21329.119140625,85700000.0,21329.119140625
2020-03-06,21061.19921875,20613.91015625,21009.80078125,20749.75,111700000.0,20749.75
2020-03-07,,,,,,
2020-03-08,,,,,,
2020-03-09,20347.189453125,19472.259765625,20343.310546875,19698.759765625,170300000.0,19698.759765625
2020-03-10,19970.349609375,18891.76953125,19474.890625,19867.119140625,164700000.0,19867.119140625
2020-03-11,19974.830078125,19392.25,19758.259765625,19416.060546875,129200000.0,19416.060546875
2020-03-12,19142.1796875,18339.26953125,19064.509765625,18559.630859375,164600000.0,18559.630859375
2020-03-13,18184.4609375,16690.599609375,18183.470703125,17431.05078125,233400000.0,17431.05078125
2020-03-14,,,,,,
2020-03-15,,,,,,
2020-03-16,17785.759765625,16914.44921875,17586.080078125,17002.0390625,158100000.0,17002.0390625
2020-03-17,17557.0390625,16378.9404296875,16726.94921875,17011.529296875,198800000.0,17011.529296875
2020-03-18,17396.83984375,16698.4609375,17154.080078125,16726.55078125,177200000.0,16726.55078125
2020-03-19,17160.970703125,16358.1904296875,16995.76953125,16552.830078125,198900000.0,16552.830078125
2020-03-20,,,,,,
2020-03-21,,,,,,
2020-03-22,,,,,,
2020-03-23,17049.029296875,16480.94921875,16570.5703125,16887.779296875,170300000.0,16887.779296875
2020-03-24,18100.390625,17197.140625,17206.880859375,18092.349609375,147300000.0,18092.349609375
2020-03-25,19564.380859375,18446.80078125,18446.80078125,19546.630859375,147700000.0,19546.630859375
2020-03-26,19240.2890625,18512.810546875,19234.76953125,18664.599609375,128100000.0,18664.599609375
2020-03-27,19389.4296875,18832.2109375,19021.970703125,19389.4296875,148900000.0,19389.4296875
2020-03-28,,,,,,
2020-03-29,,,,,,
2020-03-30,19084.970703125,18578.19921875,18884.0703125,19084.970703125,121000000.0,19084.970703125
2020-03-31,19336.189453125,18834.16015625,19181.900390625,18917.009765625,122200000.0,18917.009765625
2020-04-01,18784.25,17871.619140625,18686.119140625,18065.41015625,105800000.0,18065.41015625
2020-04-02,18132.0390625,17707.66015625,17934.419921875,17818.720703125,107300000.0,17818.720703125
2020-04-03,18059.150390625,17646.5,17951.439453125,17820.189453125,96000000.0,17820.189453125
2020-04-04,,,,,,
2020-04-05,,,,,,
2020-04-06,18672.259765625,17802.619140625,17857.990234375,18576.30078125,105700000.0,18576.30078125
2020-04-07,19162.51953125,18553.140625,18878.859375,18950.1796875,108200000.0,18950.1796875
2020-04-08,19454.33984375,18730.80078125,19047.759765625,19353.240234375,105900000.0,19353.240234375
2020-04-09,19406.9609375,19158.55078125,19376.0,19345.76953125,82300000.0,19345.76953125
2020-04-10,19500.0703125,19235.9609375,19500.0703125,19498.5,87500000.0,19498.5
2020-04-11,,,,,,
2020-04-12,,,,,,
2020-04-13,19355.0390625,19014.3203125,19312.0390625,19043.400390625,65600000.0,19043.400390625
2020-04-14,19705.990234375,19093.119140625,19150.30078125,19638.810546875,81900000.0,19638.810546875
2020-04-15,19660.6796875,19465.94921875,19589.25,19550.08984375,94100000.0,19550.08984375
2020-04-16,19362.169921875,19154.41015625,19311.30078125,19290.19921875,81400000.0,19290.19921875
2020-04-17,19922.0703125,19554.69921875,19575.849609375,19897.259765625,87800000.0,19897.259765625
2020-04-18,,,,,,
2020-04-19,,,,,,
2020-04-20,19784.380859375,19611.7890625,19689.849609375,19669.119140625,65000000.0,19669.119140625
2020-04-21,19529.060546875,19193.220703125,19479.830078125,19280.779296875,79400000.0,19280.779296875
2020-04-22,19137.94921875,18858.25,19109.1796875,19137.94921875,76400000.0,19137.94921875
2020-04-23,19429.439453125,19221.5390625,19313.0390625,19429.439453125,72600000.0,19429.439453125
2020-04-24,19352.240234375,19175.380859375,19331.859375,19262.0,84700000.0,19262.0
2020-04-25,,,,,,
2020-04-26,,,,,,
2020-04-27,19819.060546875,19410.1796875,19410.83984375,19783.220703125,77600000.0,19783.220703125
2020-04-28,19841.779296875,19638.48046875,19776.1796875,19771.189453125,68600000.0,19771.189453125
2020-04-29,,,,,,
2020-04-30,20365.890625,20084.830078125,20105.6796875,20193.689453125,103400000.0,20193.689453125
2020-05-01,20000.25,19551.73046875,19991.970703125,19619.349609375,86600000.0,19619.349609375
2020-05-02,,,,,,
2020-05-03,,,,,,
2020-05-04,,,,,,
2020-05-05,,,,,,
2020-05-06,,,,,,
2020-05-07,19720.869140625,19448.9296875,19468.51953125,19674.76953125,82900000.0,19674.76953125
2020-05-08,20179.08984375,19894.580078125,19972.08984375,20179.08984375,82200000.0,20179.08984375
2020-05-09,,,,,,
2020-05-10,,,,,,
2020-05-11,20534.880859375,20285.0390625,20333.73046875,20390.66015625,76200000.0,20390.66015625
2020-05-12,20457.369140625,20293.970703125,20413.23046875,20366.48046875,67700000.0,20366.48046875
2020-05-13,20329.890625,20056.4609375,20140.919921875,20267.05078125,79500000.0,20267.05078125
2020-05-14,20185.0,19902.9296875,20140.490234375,19914.779296875,76900000.0,19914.779296875
2020-05-15,20198.25,19832.880859375,20149.7890625,20037.470703125,75200000.0,20037.470703125
2020-05-16,,,,,,
2020-05-17,,,,,,
2020-05-18,20197.58984375,19999.099609375,20097.619140625,20133.73046875,71900000.0,20133.73046875
2020-05-19,20659.4609375,20433.44921875,20469.51953125,20433.44921875,93000000.0,20433.44921875
2020-05-20,20684.4609375,20454.029296875,20454.490234375,20595.150390625,71800000.0,20595.150390625
2020-05-21,20734.91015625,20503.869140625,20692.58984375,20552.310546875,62900000.0,20552.310546875
2020-05-22,20615.119140625,20334.990234375,20583.94921875,20388.16015625,71100000.0,20388.16015625
2020-05-23,,,,,,
2020-05-24,,,,,,
2020-05-25,20741.650390625,20584.060546875,20653.41015625,20741.650390625,55100000.0,20741.650390625
2020-05-26,21328.33984375,20918.109375,20927.9609375,21271.169921875,87200000.0,21271.169921875
2020-05-27,21475.6796875,21142.720703125,21249.310546875,21419.23046875,112000000.0,21419.23046875
2020-05-28,21926.2890625,21580.5,21612.900390625,21916.310546875,134000000.0,21916.310546875
2020-05-29,21955.439453125,21710.80078125,21807.630859375,21877.890625,153200000.0,21877.890625
2020-05-30,,,,,,
2020-05-31,,,,,,
2020-06-01,22161.390625,21898.990234375,21910.890625,22062.390625,72200000.0,22062.390625
2020-06-02,22401.7890625,22118.400390625,22175.51953125,22325.609375,77900000.0,22325.609375
2020-06-03,22818.869140625,22462.6796875,22649.009765625,22613.759765625,94100000.0,22613.759765625
2020-06-04,22907.919921875,22501.810546875,22885.140625,22695.740234375,92000000.0,22695.740234375
2020-06-05,22865.880859375,22563.560546875,22613.080078125,22863.73046875,85600000.0,22863.73046875
2020-06-06,,,,,,
2020-06-07,,,,,,
2020-06-08,23178.099609375,23028.619140625,23121.98046875,23178.099609375,108500000.0,23178.099609375
2020-06-09,23185.849609375,22933.140625,23135.7890625,23091.029296875,91500000.0,23091.029296875
2020-06-10,23175.8203125,22900.30078125,22939.0,23124.94921875,75600000.0,23124.94921875
2020-06-11,22939.390625,22466.5390625,22848.01953125,22472.91015625,105900000.0,22472.91015625
2020-06-12,22350.30078125,21786.9296875,22082.119140625,22305.48046875,120500000.0,22305.48046875
2020-06-13,,,,,,
2020-06-14,,,,,,
2020-06-15,22251.830078125,21529.830078125,22135.26953125,21530.94921875,78500000.0,21530.94921875
2020-06-16,22624.140625,21899.48046875,21912.2890625,22582.2109375,100100000.0,22582.2109375
2020-06-17,22536.380859375,22318.0703125,22517.140625,22455.759765625,72500000.0,22455.759765625
2020-06-18,22432.25,22125.349609375,22363.880859375,22355.4609375,65200000.0,22355.4609375
2020-06-19,22523.66015625,22352.16015625,22515.75,22478.7890625,97000000.0,22478.7890625
2020-06-20,,,,,,
2020-06-21,,,,,,
2020-06-22,22575.740234375,22311.939453125,22353.689453125,22437.26953125,54600000.0,22437.26953125
2020-06-23,22693.890625,22257.140625,22636.060546875,22549.05078125,0.0,22549.05078125
2020-06-24,22663.2890625,22479.859375,22541.009765625,22534.3203125,67000000.0,22534.3203125
2020-06-25,22423.41015625,22165.140625,22287.869140625,22259.7890625,80800000.0,22259.7890625
2020-06-26,22589.140625,22408.26953125,22424.369140625,22512.080078125,66600000.0,22512.080078125
2020-06-27,,,,,,
2020-06-28,,,,,,
2020-06-29,22281.380859375,21969.58984375,22255.05078125,21995.0390625,73700000.0,21995.0390625
2020-06-30,22448.30078125,22273.380859375,22335.099609375,22288.140625,74200000.0,22288.140625
2020-07-01,22360.310546875,22039.560546875,22338.30078125,22121.73046875,67400000.0,22121.73046875
2020-07-02,22267.509765625,22072.109375,22182.6796875,22145.9609375,73600000.0,22145.9609375
2020-07-03,22312.439453125,22154.970703125,22266.91015625,22306.48046875,51700000.0,22306.48046875
2020-07-04,,,,,,
2020-07-05,,,,,,
2020-07-06,22734.109375,22325.75,22341.26953125,22714.439453125,58000000.0,22714.439453125
2020-07-07,22742.279296875,22540.439453125,22649.900390625,22614.689453125,62700000.0,22614.689453125
2020-07-08,22667.94921875,22438.650390625,22481.609375,22438.650390625,64900000.0,22438.650390625
2020-07-09,22679.080078125,22434.380859375,22442.30078125,22529.2890625,65200000.0,22529.2890625
2020-07-10,22563.6796875,22285.0703125,22534.970703125,22290.810546875,78800000.0,22290.810546875
2020-07-11,,,,,,
2020-07-12,,,,,,
2020-07-13,22784.740234375,22561.470703125,22591.810546875,22784.740234375,71200000.0,22784.740234375
2020-07-14,22677.01953125,22538.779296875,22631.869140625,22587.009765625,61000000.0,22587.009765625
2020-07-15,22965.560546875,22800.109375,22817.91015625,22945.5,72600000.0,22945.5
2020-07-16,22925.900390625,22739.419921875,22907.9609375,22770.359375,89400000.0,22770.359375
2020-07-17,22857.8203125,22643.51953125,22807.5703125,22696.419921875,55900000.0,22696.419921875
2020-07-18,,,,,,
2020-07-19,,,,,,
2020-07-20,22788.529296875,22580.189453125,22772.0703125,22717.48046875,50000000.0,22717.48046875
2020-07-21,22925.580078125,22780.220703125,22789.380859375,22884.220703125,68600000.0,22884.220703125
2020-07-22,22855.310546875,22732.919921875,22791.75,22751.609375,65400000.0,22751.609375
2020-07-23,,,,,,
2020-07-24,,,,,,
2020-07-25,,,,,,
2020-07-26,,,,,,
2020-07-27,22741.130859375,22429.5703125,22495.94921875,22715.849609375,71800000.0,22715.849609375
2020-07-28,22842.189453125,22646.220703125,22735.01953125,22657.380859375,67800000.0,22657.380859375
2020-07-29,22584.869140625,22366.33984375,22543.890625,22397.109375,74300000.0,22397.109375
2020-07-30,22506.599609375,22334.7109375,22489.240234375,22339.23046875,77800000.0,22339.23046875
2020-07-31,22295.05078125,21710.0,22267.58984375,21710.0,106600000.0,21710.0
2020-08-01,,,,,,
2020-08-02,,,,,,
2020-08-03,22214.58984375,21919.830078125,21947.580078125,22195.380859375,84000000.0,22195.380859375
2020-08-04,22603.8203125,22379.740234375,22379.740234375,22573.66015625,89100000.0,22573.66015625
2020-08-05,22554.19921875,22356.25,22479.720703125,22514.849609375,74000000.0,22514.849609375
2020-08-06,22587.75,22362.890625,22471.7109375,22418.150390625,62600000.0,22418.150390625
2020-08-07,22436.16015625,22204.609375,22433.779296875,22329.939453125,66700000.0,22329.939453125
2020-08-08,,,,,,
2020-08-09,,,,,,
2020-08-10,,,,,,
2020-08-11,22760.869140625,22497.0703125,22505.509765625,22750.240234375,99300000.0,22750.240234375
2020-08-12,22874.369140625,22670.740234375,22747.439453125,22843.9609375,90800000.0,22843.9609375
2020-08-13,23316.689453125,23111.5,23123.359375,23249.609375,84800000.0,23249.609375
2020-08-14,23338.7890625,23222.849609375,23323.919921875,23289.359375,59800000.0,23289.359375
2020-08-15,,,,,,
2020-08-16,,,,,,
2020-08-17,23248.75,23068.529296875,23189.48046875,23096.75,43600000.0,23096.75
2020-08-18,23128.1796875,22948.890625,23097.80078125,23051.080078125,55600000.0,23051.080078125
2020-08-19,23149.849609375,22953.599609375,22997.9296875,23110.609375,50100000.0,23110.609375
2020-08-20,23078.359375,22851.830078125,23003.580078125,22880.619140625,50200000.0,22880.619140625
2020-08-21,23135.4296875,22920.30078125,23022.759765625,22920.30078125,51200000.0,22920.30078125
2020-08-22,,,,,,
2020-08-23,,,,,,
2020-08-24,23012.7109375,22862.5390625,22913.19921875,22985.509765625,40600000.0,22985.509765625
2020-08-25,23431.0390625,23225.390625,23242.740234375,23296.76953125,75300000.0,23296.76953125
2020-08-26,23348.80078125,23203.0,23257.05078125,23290.859375,47800000.0,23290.859375
2020-08-27,23323.0703125,23177.849609375,23311.0390625,23208.859375,52700000.0,23208.859375
2020-08-28,23376.130859375,22594.7890625,23232.30078125,22882.650390625,98100000.0,22882.650390625
2020-08-29,,,,,,
2020-08-30,,,,,,
2020-08-31,23342.3203125,23102.609375,23147.140625,23139.759765625,81000000.0,23139.759765625
2020-09-01,23206.66015625,23047.76953125,23089.630859375,23138.0703125,59600000.0,23138.0703125
2020-09-02,23287.400390625,23170.8203125,23261.08984375,23247.150390625,52600000.0,23247.150390625
2020-09-03,23580.509765625,23426.109375,23524.490234375,23465.529296875,57500000.0,23465.529296875
2020-09-04,23257.689453125,23098.76953125,23130.3203125,23205.4296875,59300000.0,23205.4296875
2020-09-05,,,,,,
2020-09-06,,,,,,
2020-09-07,23218.220703125,23086.890625,23145.470703125,23089.94921875,57300000.0,23089.94921875
2020-09-08,23277.66015625,23129.66015625,23188.7890625,23274.130859375,62100000.0,23274.130859375
2020-09-09,23059.01953125,22878.7109375,22966.890625,23032.5390625,84400000.0,23032.5390625
2020-09-10,23250.310546875,23134.01953125,23193.470703125,23235.470703125,67600000.0,23235.470703125
2020-09-11,23412.9296875,23114.630859375,23114.630859375,23406.490234375,76900000.0,23406.490234375
2020-09-12,,,,,,
2020-09-13,,,,,,
2020-09-14,23582.2109375,23429.419921875,23431.16015625,23559.30078125,65400000.0,23559.30078125
2020-09-15,23477.859375,23351.349609375,23438.830078125,23454.890625,61800000.0,23454.890625
2020-09-16,23506.44921875,23397.4296875,23425.23046875,23475.529296875,63000000.0,23475.529296875
2020-09-17,23446.390625,23272.23046875,23416.619140625,23319.369140625,61100000.0,23319.369140625
2020-09-18,23398.4609375,23290.189453125,23321.189453125,23360.30078125,82600000.0,23360.30078125
2020-09-19,,,,,,
2020-09-20,,,,,,
2020-09-21,,,,,,
2020-09-22,,,,,,
2020-09-23,23370.130859375,23154.44921875,23245.890625,23346.490234375,77000000.0,23346.490234375
2020-09-24,23234.720703125,23039.48046875,23215.0,23087.8203125,70500000.0,23087.8203125
2020-09-25,23272.669921875,23154.66015625,23217.330078125,23204.619140625,72200000.0,23204.619140625
2020-09-26,,,,,,
2020-09-27,,,,,,
2020-09-28,23516.0390625,23303.029296875,23391.9609375,23511.619140625,82000000.0,23511.619140625
2020-09-29,23622.740234375,23347.640625,23410.5,23539.099609375,61300000.0,23539.099609375
2020-09-30,23522.380859375,23170.890625,23478.849609375,23185.119140625,88200000.0,23185.119140625
2020-10-01,,,,,,
2020-10-02,23365.580078125,22951.41015625,23294.80078125,23029.900390625,86300000.0,23029.900390625
2020-10-03,,,,,,
2020-10-04,,,,,,
2020-10-05,23377.4296875,23252.689453125,23254.279296875,23312.140625,59500000.0,23312.140625
2020-10-06,23441.16015625,23331.400390625,23420.0703125,23433.73046875,57700000.0,23433.73046875
2020-10-07,23432.73046875,23272.44921875,23272.44921875,23422.8203125,52100000.0,23422.8203125
2020-10-08,23701.76953125,23477.73046875,23506.33984375,23647.0703125,56300000.0,23647.0703125
2020-10-09,23725.580078125,23552.73046875,23713.859375,23619.689453125,56100000.0,23619.689453125
2020-10-10,,,,,,
2020-10-11,,,,,,
2020-10-12,23597.91015625,23501.259765625,23588.740234375,23558.689453125,44900000.0,23558.689453125
2020-10-13,23667.900390625,23490.94921875,23667.900390625,23601.779296875,47200000.0,23601.779296875
2020-10-14,23656.69921875,23518.810546875,23545.66015625,23626.73046875,54000000.0,23626.73046875
2020-10-15,23581.16015625,23458.4296875,23548.44921875,23507.23046875,48300000.0,23507.23046875
2020-10-16,23538.740234375,23382.669921875,23478.400390625,23410.630859375,48100000.0,23410.630859375
2020-10-17,,,,,,
2020-10-18,,,,,,
2020-10-19,23707.16015625,23543.689453125,23543.689453125,23671.130859375,46300000.0,23671.130859375
2020-10-20,23674.869140625,23518.2890625,23587.869140625,23567.0390625,48700000.0,23567.0390625
2020-10-21,23702.30078125,23611.330078125,23615.51953125,23639.4609375,53300000.0,23639.4609375
2020-10-22,23555.779296875,23436.169921875,23525.58984375,23474.26953125,44900000.0,23474.26953125
2020-10-23,23587.900390625,23469.130859375,23558.7109375,23516.58984375,49200000.0,23516.58984375
2020-10-24,,,,,,
2020-10-25,,,,,,
2020-10-26,23572.599609375,23475.51953125,23520.779296875,23494.33984375,41700000.0,23494.33984375
2020-10-27,23485.80078125,23232.310546875,23376.9609375,23485.80078125,52700000.0,23485.80078125
2020-10-28,23451.029296875,23334.23046875,23372.609375,23418.509765625,67100000.0,23418.509765625
2020-10-29,23374.099609375,23170.759765625,23170.759765625,23331.939453125,57500000.0,23331.939453125
2020-10-30,23320.7109375,22948.470703125,23320.7109375,22977.130859375,76700000.0,22977.130859375
2020-10-31,,,,,,
2020-11-01,,,,,,
2020-11-02,23370.91015625,23096.7890625,23110.740234375,23295.48046875,69700000.0,23295.48046875
2020-11-03,,,,,,
2020-11-04,23801.880859375,23505.779296875,23619.580078125,23695.23046875,81600000.0,23695.23046875
2020-11-05,24112.419921875,23756.779296875,23776.19921875,24105.279296875,78600000.0,24105.279296875
2020-11-06,24389.0,24039.16015625,24076.220703125,24325.23046875,73200000.0,24325.23046875
2020-11-07,,,,,,
2020-11-08,,,,,,
2020-11-09,24962.80078125,24541.279296875,24568.83984375,24839.83984375,67000000.0,24839.83984375
2020-11-10,25279.939453125,24833.1796875,25087.30078125,24905.58984375,128200000.0,24905.58984375
2020-11-11,25401.30078125,25145.66015625,25145.66015625,25349.599609375,102500000.0,25349.599609375
2020-11-12,25587.9609375,25316.599609375,25439.349609375,25520.880859375,80500000.0,25520.880859375
2020-11-13,25456.1796875,25215.310546875,25405.640625,25385.869140625,77600000.0,25385.869140625
2020-11-14,,,,,,
2020-11-15,,,,,,
2020-11-16,25928.1796875,25640.2890625,25652.689453125,25906.9296875,84900000.0,25906.9296875
2020-11-17,26057.30078125,25851.5390625,26043.44921875,26014.619140625,84800000.0,26014.619140625
2020-11-18,25882.140625,25656.69921875,25860.55078125,25728.140625,69200000.0,25728.140625
2020-11-19,25650.859375,25474.939453125,25628.73046875,25634.33984375,82000000.0,25634.33984375
2020-11-20,25555.369140625,25425.58984375,25486.830078125,25527.369140625,63400000.0,25527.369140625
2020-11-21,,,,,,
2020-11-22,,,,,,
2020-11-23,,,,,,
2020-11-24,26261.779296875,25901.44921875,25901.44921875,26165.58984375,81700000.0,26165.58984375
2020-11-25,26706.419921875,26258.349609375,26468.51953125,26296.859375,92500000.0,26296.859375
2020-11-26,26560.029296875,26255.470703125,26255.470703125,26537.310546875,63500000.0,26537.310546875
2020-11-27,26672.400390625,26419.05078125,26530.279296875,26644.7109375,86200000.0,26644.7109375
2020-11-28,,,,,,
2020-11-29,,,,,,
2020-11-30,26834.19921875,26405.830078125,26830.099609375,26433.619140625,147700000.0,26433.619140625
2020-12-01,26852.16015625,26618.390625,26624.19921875,26787.5390625,73200000.0,26787.5390625
2020-12-02,26889.900390625,26695.279296875,26884.990234375,26800.98046875,80200000.0,26800.98046875
2020-12-03,26868.08984375,26719.23046875,26740.30078125,26809.369140625,69500000.0,26809.369140625
2020-12-04,26799.830078125,26646.080078125,26697.259765625,26751.240234375,61600000.0,26751.240234375
2020-12-05,,,,,,
2020-12-06,,,,,,
2020-12-07,26894.25,26500.3203125,26894.25,26547.439453125,61600000.0,26547.439453125
2020-12-08,26523.30078125,26327.080078125,26380.3203125,26467.080078125,55100000.0,26467.080078125
2020-12-09,26826.779296875,26520.599609375,26526.33984375,26817.939453125,61800000.0,26817.939453125
2020-12-10,26852.76953125,26639.98046875,26688.5,26756.240234375,69200000.0,26756.240234375
2020-12-11,26819.41015625,26553.009765625,26732.849609375,26652.51953125,74900000.0,26652.51953125
2020-12-12,,,,,,
2020-12-13,,,,,,
2020-12-14,26870.470703125,26648.689453125,26659.529296875,26732.439453125,60000000.0,26732.439453125
2020-12-15,26736.83984375,26605.5390625,26683.109375,26687.83984375,59300000.0,26687.83984375
2020-12-16,26874.98046875,26717.029296875,26835.58984375,26757.400390625,61300000.0,26757.400390625
2020-12-17,26843.05078125,26676.279296875,26744.5,26806.669921875,61500000.0,26806.669921875
2020-12-18,26824.2890625,26707.30078125,26775.529296875,26763.390625,73800000.0,26763.390625
2020-12-19,,,,,,
2020-12-20,,,,,,
2020-12-21,26905.669921875,26533.630859375,26834.099609375,26714.419921875,60700000.0,26714.419921875
2020-12-22,26639.990234375,26361.66015625,26559.330078125,26436.390625,58600000.0,26436.390625
2020-12-23,26585.2109375,26414.740234375,26580.4296875,26524.7890625,56000000.0,26524.7890625
2020-12-24,26764.529296875,26605.259765625,26635.109375,26668.349609375,47900000.0,26668.349609375
2020-12-25,26716.609375,26638.279296875,26708.099609375,26656.609375,33400000.0,26656.609375
2020-12-26,,,,,,
2020-12-27,,,,,,
2020-12-28,26854.029296875,26664.599609375,26691.2890625,26854.029296875,50700000.0,26854.029296875
2020-12-29,27602.51953125,26921.140625,26936.380859375,27568.150390625,59400000.0,27568.150390625
2020-12-30,27572.5703125,27338.560546875,27559.099609375,27444.169921875,50600000.0,27444.169921875
2020-12-31,,,,,,
2021-01-01,,,,,,
2021-01-02,,,,,,
2021-01-03,,,,,,
2021-01-04,27602.109375,27042.3203125,27575.5703125,27258.380859375,51500000.0,27258.380859375
2021-01-05,27279.779296875,27073.4609375,27151.380859375,27158.630859375,55000000.0,27158.630859375
2021-01-06,27196.400390625,27002.1796875,27102.849609375,27055.939453125,72700000.0,27055.939453125
2021-01-07,27624.73046875,27340.4609375,27340.4609375,27490.130859375,98900000.0,27490.130859375
2021-01-08,28139.029296875,27667.75,27720.140625,28139.029296875,84900000.0,28139.029296875
2021-01-09,,,,,,
2021-01-10,,,,,,
2021-01-11,,,,,,
2021-01-12,28287.369140625,27899.44921875,28004.369140625,28164.33984375,78800000.0,28164.33984375
2021-01-13,28503.4296875,28133.58984375,28140.099609375,28456.58984375,70900000.0,28456.58984375
2021-01-14,28979.529296875,28411.580078125,28442.73046875,28698.259765625,81900000.0,28698.259765625
2021-01-15,28820.5,28477.029296875,28777.470703125,28519.1796875,74100000.0,28519.1796875
2021-01-16,,,,,,
2021-01-17,,,,,,
2021-01-18,28349.970703125,28111.5390625,28238.6796875,28242.2109375,51900000.0,28242.2109375
2021-01-19,28720.91015625,28373.33984375,28405.490234375,28633.4609375,58200000.0,28633.4609375
2021-01-20,28801.189453125,28402.109375,28798.740234375,28523.259765625,69800000.0,28523.259765625
2021-01-21,28846.150390625,28677.609375,28710.41015625,28756.859375,67700000.0,28756.859375
2021-01-22,28698.1796875,28527.16015625,28580.19921875,28631.44921875,66900000.0,28631.44921875
2021-01-23,,,,,,
2021-01-24,,,,,,
2021-01-25,28822.2890625,28566.849609375,28698.890625,28822.2890625,57300000.0,28822.2890625
2021-01-26,28740.7109375,28527.810546875,28696.30078125,28546.1796875,63500000.0,28546.1796875
2021-01-27,28754.990234375,28542.0,28665.33984375,28635.2109375,69000000.0,28635.2109375
2021-01-28,28360.48046875,27975.849609375,28169.26953125,28197.419921875,123900000.0,28197.419921875
2021-01-29,28320.720703125,27629.80078125,28320.720703125,27663.390625,91700000.0,27663.390625
2021-01-30,,,,,,
2021-01-31,,,,,,
2021-02-01,28107.099609375,27649.0703125,27649.0703125,28091.05078125,65700000.0,28091.05078125
2021-02-02,28379.310546875,28089.119140625,28207.48046875,28362.169921875,67500000.0,28362.169921875
2021-02-03,28669.94921875,28402.30078125,28482.7109375,28646.5,84000000.0,28646.5
2021-02-04,28600.220703125,28325.890625,28557.4609375,28341.94921875,81100000.0,28341.94921875
2021-02-05,28785.7109375,28548.26953125,28631.4609375,28779.189453125,93200000.0,28779.189453125
2021-02-06,,,,,,
2021-02-07,,,,,,
2021-02-08,29400.560546875,28817.599609375,28831.580078125,29388.5,93600000.0,29388.5
2021-02-09,29585.75,29350.48046875,29435.609375,29505.9296875,86900000.0,29505.9296875
2021-02-10,29562.9296875,29368.1796875,29412.55078125,29562.9296875,81100000.0,29562.9296875
2021-02-11,,,,,,
2021-02-12,29650.509765625,29417.3203125,29635.880859375,29520.0703125,79800000.0,29520.0703125
2021-02-13,,,,,,
2021-02-14,,,,,,
2021-02-15,30092.33984375,29662.41015625,29662.41015625,30084.150390625,70300000.0,30084.150390625
2021-02-16,30714.51953125,30191.650390625,30229.4609375,30467.75,81300000.0,30467.75
2021-02-17,30398.19921875,30191.009765625,30366.8203125,30292.189453125,74800000.0,30292.189453125
2021-02-18,30560.490234375,30140.009765625,30311.98046875,30236.08984375,77900000.0,30236.08984375
2021-02-19,30169.58984375,29847.330078125,29970.58984375,30017.919921875,63700000.0,30017.919921875
2021-02-20,,,,,,
2021-02-21,,,,,,
2021-02-22,30458.130859375,30089.1796875,30281.779296875,30156.029296875,62800000.0,30156.029296875
2021-02-23,,,,,,
2021-02-24,30089.58984375,29671.69921875,30020.109375,29671.69921875,79300000.0,29671.69921875
2021-02-25,30213.279296875,30044.4296875,30077.26953125,30168.26953125,70100000.0,30168.26953125
2021-02-26,29760.310546875,28966.009765625,29753.73046875,28966.009765625,92900000.0,28966.009765625
2021-02-27,,,,,,
2021-02-28,,,,,,
2021-03-01,29686.390625,29396.0390625,29419.44921875,29663.5,62700000.0,29663.5
2021-03-02,29996.390625,29314.8203125,29939.75,29408.169921875,70100000.0,29408.169921875
2021-03-03,29604.369140625,29336.599609375,29482.119140625,29559.099609375,68800000.0,29559.099609375
2021-03-04,29277.189453125,28711.0390625,29198.419921875,28930.109375,75200000.0,28930.109375
2021-03-05,28867.830078125,28308.5703125,28725.48046875,28864.3203125,85800000.0,28864.3203125
2021-03-06,,,,,,
2021-03-07,,,,,,
2021-03-08,29255.900390625,28644.259765625,29208.189453125,28743.25,92400000.0,28743.25
2021-03-09,29053.560546875,28609.2109375,28748.869140625,29027.939453125,96700000.0,29027.939453125
2021-03-10,29233.470703125,28960.08984375,29118.279296875,29036.560546875,83000000.0,29036.560546875
2021-03-11,29255.419921875,28995.330078125,29033.919921875,29211.640625,78500000.0,29211.640625
2021-03-12,29744.3203125,29210.400390625,29287.740234375,29717.830078125,96600000.0,29717.830078125
2021-03-13,,,,,,
2021-03-14,,,,,,
2021-03-15,29884.73046875,29670.310546875,29804.5,29766.970703125,94100000.0,29766.970703125
2021-03-16,30026.400390625,29755.470703125,29770.390625,29921.08984375,83800000.0,29921.08984375
2021-03-17,29984.970703125,29825.16015625,29836.830078125,29914.330078125,74600000.0,29914.330078125
2021-03-18,30485.0,30041.5,30148.48046875,30216.75,95400000.0,30216.75
2021-03-19,30049.76953125,29621.220703125,29904.5703125,29792.05078125,128500000.0,29792.05078125
