Date,BTC_FUTURES_High,BTC_FUTURES_Low,BTC_FUTURES_Open,BTC_FUTURES_Close,BTC_FUTURES_Volume,BTC_FUTURES_AdjClose
2017-12-18,20650.0,18345.0,20650.0,19100.0,1054.0,19100.0
2017-12-19,19725.0,17180.0,19135.0,18200.0,559.0,18200.0
2017-12-20,18350.0,16435.0,17745.0,17040.0,784.0,17040.0
2017-12-21,17270.0,15080.0,16400.0,15330.0,879.0,15330.0
2017-12-22,15825.0,12265.0,15595.0,14135.0,2374.0,14135.0
2017-12-23,,,,,,
2017-12-24,,,,,,
2017-12-25,,,,,,
2017-12-26,16100.0,13700.0,13900.0,15785.0,406.0,15785.0
2017-12-27,16545.0,14460.0,15655.0,14690.0,507.0,14690.0
2017-12-28,15280.0,13360.0,15150.0,13745.0,746.0,13745.0
2017-12-29,15005.0,13835.0,13965.0,14470.0,1078.0,14470.0
2017-12-30,,,,,,
2017-12-31,,,,,,
2018-01-01,,,,,,
2018-01-02,15245.0,13080.0,13955.0,14855.0,734.0,14855.0
2018-01-03,15450.0,14650.0,14900.0,14975.0,719.0,14975.0
2018-01-04,15470.0,14205.0,14925.0,14900.0,760.0,14900.0
2018-01-05,16845.0,14870.0,15085.0,16590.0,814.0,16590.0
2018-01-06,,,,,,
2018-01-07,,,,,,
2018-01-08,16455.0,13870.0,16425.0,14905.0,958.0,14905.0
2018-01-09,15365.0,14185.0,14675.0,14750.0,863.0,14750.0
2018-01-10,14720.0,13480.0,14405.0,14450.0,887.0,14450.0
2018-01-11,14910.0,12820.0,14500.0,13385.0,1298.0,13385.0
2018-01-12,14080.0,12850.0,13000.0,13945.0,787.0,13945.0
2018-01-13,,,,,,
2018-01-14,,,,,,
2018-01-15,,,,,,
2018-01-16,14280.0,11160.0,13600.0,11160.0,2552.0,11160.0
2018-01-17,11800.0,9225.0,11190.0,10945.0,2657.0,10945.0
2018-01-18,12075.0,10645.0,11125.0,11815.0,1708.0,11815.0
2018-01-19,12030.0,10990.0,11335.0,11360.0,979.0,11360.0
2018-01-20,,,,,,
2018-01-21,,,,,,
2018-01-22,11830.0,9955.0,11300.0,10355.0,1137.0,10355.0
2018-01-23,11350.0,9865.0,10625.0,11095.0,1241.0,11095.0
2018-01-24,11455.0,10435.0,10790.0,11115.0,838.0,11115.0
2018-01-25,11710.0,10830.0,11090.0,11245.0,769.0,11245.0
2018-01-26,11570.0,10925.400390625,11355.0,10925.400390625,573.0,10925.400390625
2018-01-27,,,,,,
2018-01-28,,,,,,
2018-01-29,11775.0,10970.0,11510.0,11170.0,463.0,11170.0
2018-01-30,11245.0,9720.0,11120.0,9940.0,1137.0,9940.0
2018-01-31,10275.0,9500.0,10000.0,10000.0,842.0,10000.0
2018-02-01,10175.0,8480.0,10020.0,9090.0,1485.0,9090.0
2018-02-02,9075.0,7750.0,8890.0,8585.0,2535.0,8585.0
2018-02-03,,,,,,
2018-02-04,,,,,,
2018-02-05,8315.0,6870.0,8305.0,7260.0,2186.0,7260.0
2018-02-06,7920.0,5970.0,6850.0,7550.0,2234.0,7550.0
2018-02-07,8540.0,7235.0,7620.0,8245.0,1379.0,8245.0
2018-02-08,8690.0,7645.0,7790.0,8325.0,906.0,8325.0
2018-02-09,8770.0,7715.0,8165.0,8610.0,764.0,8610.0
2018-02-10,,,,,,
2018-02-11,,,,,,
2018-02-12,8920.0,8075.0,8380.0,8860.0,679.0,8860.0
2018-02-13,9000.0,8335.0,8925.0,8700.0,550.0,8700.0
2018-02-14,9390.0,8505.0,8505.0,9290.0,944.0,9290.0
2018-02-15,10180.0,9375.0,9400.0,10090.0,1783.0,10090.0
2018-02-16,10265.0,9675.0,10090.0,10020.0,1101.0,10020.0
2018-02-17,,,,,,
2018-02-18,,,,,,
2018-02-19,,,,,,
2018-02-20,11760.0,10315.0,10350.0,11735.0,2080.0,11735.0
2018-02-21,11340.0,10220.0,11240.0,10370.0,1326.0,10370.0
2018-02-22,10900.0,9710.0,10505.0,10085.0,1168.0,10085.0
2018-02-23,10360.0,9590.0,9975.0,10319.400390625,0.0,10319.400390625
2018-02-24,,,,,,
2018-02-25,,,,,,
2018-02-26,10390.0,9270.0,9680.0,10250.0,745.0,10250.0
2018-02-27,10875.0,10100.0,10285.0,10660.0,761.0,10660.0
2018-02-28,11005.0,10330.0,10665.0,10645.0,1130.0,10645.0
2018-03-01,11100.0,10220.0,10450.0,11065.0,1345.0,11065.0
2018-03-02,11215.0,10760.0,11035.0,11060.0,748.0,11060.0
2018-03-03,,,,,,
2018-03-04,,,,,,
2018-03-05,11700.0,11340.0,11350.0,11615.0,990.0,11615.0
2018-03-06,11655.0,10570.0,11595.0,10650.0,1580.0,10650.0
2018-03-07,10880.0,9385.0,10735.0,9790.0,1888.0,9790.0
2018-03-08,10100.0,9105.0,9970.0,9400.0,2524.0,9400.0
2018-03-09,9445.0,8390.0,9350.0,9015.0,2742.0,9015.0
2018-03-10,,,,,,
2018-03-11,,,,,,
2018-03-12,9940.0,8735.0,9490.0,8910.0,2732.0,8910.0
2018-03-13,9515.0,8825.0,9165.0,9070.0,3375.0,9070.0
2018-03-14,9395.0,8185.0,8905.0,8275.0,2638.0,8275.0
2018-03-15,8450.0,7700.0,8005.0,8235.0,3093.0,8235.0
2018-03-16,8640.0,7885.0,8340.0,8555.0,3065.0,8555.0
2018-03-17,,,,,,
2018-03-18,,,,,,
2018-03-19,8720.0,8100.0,8275.0,8400.0,2746.0,8400.0
2018-03-20,9025.0,8320.0,8420.0,8945.0,2050.0,8945.0
2018-03-21,9185.0,8775.0,8990.0,8890.0,1829.0,8890.0
2018-03-22,9095.0,8500.0,8905.0,8630.0,2123.0,8630.0
2018-03-23,8770.0,8270.0,8650.0,8615.0,2895.0,8615.0
2018-03-24,,,,,,
2018-03-25,,,,,,
2018-03-26,8650.0,7840.0,8650.0,7910.0,2433.0,7910.0
2018-03-27,8270.0,7760.0,7880.0,7895.0,3738.0,7895.0
2018-03-28,8100.0,7735.0,8010.0,7875.0,3252.0,7875.0
2018-03-29,7995.0,7345.0,7885.0,7389.91015625,1684.0,7389.91015625
2018-03-30,,,,,,
2018-03-31,,,,,,
2018-04-01,,,,,,
2018-04-02,7150.0,6775.0,6905.0,6990.0,3539.0,6990.0
2018-04-03,7520.0,6965.0,6975.0,7460.0,2274.0,7460.0
2018-04-04,7440.0,6725.0,7430.0,6860.0,2951.0,6860.0
2018-04-05,6925.0,6550.0,6790.0,6760.0,4565.0,6760.0
2018-04-06,6890.0,6485.0,6760.0,6630.0,2415.0,6630.0
2018-04-07,,,,,,
2018-04-08,,,,,,
2018-04-09,7225.0,6605.0,7025.0,6675.0,3348.0,6675.0
2018-04-10,6880.0,6640.0,6705.0,6840.0,1882.0,6840.0
2018-04-11,6970.0,6785.0,6860.0,6920.0,1746.0,6920.0
2018-04-12,8105.0,6660.0,6920.0,7680.0,4825.0,7680.0
2018-04-13,8235.0,7760.0,7790.0,8105.0,3045.0,8105.0
2018-04-14,,,,,,
2018-04-15,,,,,,
2018-04-16,8445.0,7880.0,8005.0,7980.0,3858.0,7980.0
2018-04-17,8180.0,7805.0,8015.0,7885.0,2676.0,7885.0
2018-04-18,8240.0,7860.0,7870.0,8125.0,2826.0,8125.0
2018-04-19,8315.0,8100.0,8190.0,8260.0,2718.0,8260.0
2018-04-20,8585.0,8235.0,8300.0,8540.0,2318.0,8540.0
2018-04-21,,,,,,
2018-04-22,,,,,,
2018-04-23,9015.0,8775.0,8910.0,8845.0,2952.0,8845.0
2018-04-24,9465.0,8920.0,8965.0,9455.0,4681.0,9455.0
2018-04-25,9765.0,8755.0,9480.0,8970.0,10346.0,8970.0
2018-04-26,9185.0,8635.0,9170.0,8865.0,4924.0,8865.0
2018-04-27,9375.0,9115.0,9130.0,9231.1201171875,2190.0,9231.1201171875
2018-04-28,,,,,,
2018-04-29,,,,,,
2018-04-30,9495.0,9140.0,9375.0,9365.0,2999.0,9365.0
2018-05-01,9315.0,8815.0,9285.0,8985.0,3143.0,8985.0
2018-05-02,9210.0,8985.0,9070.0,9150.0,2093.0,9150.0
2018-05-03,9805.0,9180.0,9245.0,9675.0,4177.0,9675.0
2018-05-04,9840.0,9540.0,9710.0,9670.0,3762.0,9670.0
2018-05-05,,,,,,
2018-05-06,,,,,,
2018-05-07,9705.0,9160.0,9605.0,9435.0,4705.0,9435.0
2018-05-08,9490.0,9010.0,9410.0,9235.0,4435.0,9235.0
2018-05-09,9375.0,8955.0,9185.0,9280.0,3015.0,9280.0
2018-05-10,9415.0,9040.0,9255.0,9090.0,3063.0,9090.0
2018-05-11,9125.0,8380.0,9110.0,8625.0,4980.0,8625.0
2018-05-12,,,,,,
2018-05-13,,,,,,
2018-05-14,8900.0,8285.0,8660.0,8755.0,5754.0,8755.0
2018-05-15,8850.0,8435.0,8735.0,8555.0,4222.0,8555.0
2018-05-16,8545.0,8115.0,8475.0,8250.0,4978.0,8250.0
2018-05-17,8460.0,8115.0,8290.0,8180.0,2872.0,8180.0
2018-05-18,8275.0,7915.0,8225.0,8230.0,3390.0,8230.0
2018-05-19,,,,,,
2018-05-20,,,,,,
2018-05-21,8680.0,8320.0,8525.0,8375.0,2701.0,8375.0
2018-05-22,8420.0,8070.0,8345.0,8180.0,2341.0,8180.0
2018-05-23,8075.0,7425.0,8050.0,7590.0,4586.0,7590.0
2018-05-24,7720.0,7230.0,7620.0,7580.0,4427.0,7580.0
2018-05-25,7650.0,7315.0,7530.0,7493.93994140625,2069.0,7493.93994140625
2018-05-26,,,,,,
2018-05-27,,,,,,
2018-05-28,,,,,,
2018-05-29,7580.0,7050.0,7190.0,7495.0,5052.0,7495.0
2018-05-30,7620.0,7270.0,7505.0,7320.0,2471.0,7320.0
2018-05-31,7660.0,7335.0,7335.0,7545.0,2102.0,7545.0
2018-06-01,7620.0,7300.0,7550.0,7440.0,2197.0,7440.0
2018-06-02,,,,,,
2018-06-03,,,,,,
2018-06-04,7900.0,7460.0,7715.0,7500.0,1625.0,7500.0
2018-06-05,7670.0,7360.0,7515.0,7625.0,2069.0,7625.0
2018-06-06,7695.0,7485.0,7605.0,7540.0,1450.0,7540.0
2018-06-07,7780.0,7640.0,7695.0,7705.0,1437.0,7705.0
2018-06-08,7705.0,7540.0,7670.0,7655.0,1301.0,7655.0
2018-06-09,,,,,,
2018-06-10,,,,,,
2018-06-11,7120.0,6610.0,7120.0,6750.0,3861.0,6750.0
2018-06-12,6890.0,6425.0,6770.0,6500.0,3875.0,6500.0
2018-06-13,6620.0,6100.0,6470.0,6270.0,5146.0,6270.0
2018-06-14,6705.0,6250.0,6275.0,6635.0,4461.0,6635.0
2018-06-15,6670.0,6440.0,6670.0,6530.0,2485.0,6530.0
2018-06-16,,,,,,
2018-06-17,,,,,,
2018-06-18,6785.0,6340.0,6495.0,6695.0,2794.0,6695.0
2018-06-19,6840.0,6650.0,6710.0,6735.0,1563.0,6735.0
2018-06-20,6815.0,6545.0,6705.0,6745.0,2108.0,6745.0
2018-06-21,6780.0,6670.0,6705.0,6710.0,1135.0,6710.0
2018-06-22,6735.0,5960.0,6705.0,6165.0,3832.0,6165.0
2018-06-23,,,,,,
2018-06-24,,,,,,
2018-06-25,6345.0,6065.0,6150.0,6245.0,4762.0,6245.0
2018-06-26,6275.0,6120.0,6255.0,6160.0,3173.0,6160.0
2018-06-27,6210.0,5975.0,6210.0,6160.0,3229.0,6160.0
2018-06-28,6180.0,6025.0,6140.0,6085.0,1962.0,6085.0
2018-06-29,5945.0,5805.0,5915.0,5885.8798828125,2512.0,5885.8798828125
2018-06-30,,,,,,
2018-07-01,,,,,,
2018-07-02,6680.0,6260.0,6275.0,6625.0,3977.0,6625.0
2018-07-03,,,,,,
2018-07-04,,,,,,
2018-07-05,6700.0,6430.0,6690.0,6505.0,6739.0,6505.0
2018-07-06,6640.0,6430.0,6490.0,6565.0,2038.0,6565.0
2018-07-07,,,,,,
2018-07-08,,,,,,
2018-07-09,6760.0,6645.0,6745.0,6695.0,1765.0,6695.0
2018-07-10,6785.0,6295.0,6695.0,6355.0,3084.0,6355.0
2018-07-11,6380.0,6245.0,6355.0,6330.0,2719.0,6330.0
2018-07-12,6365.0,6110.0,6355.0,6160.0,3076.0,6160.0
2018-07-13,6340.0,6060.0,6160.0,6165.0,3558.0,6165.0
2018-07-14,,,,,,
2018-07-15,,,,,,
2018-07-16,6710.0,6320.0,6370.0,6675.0,3171.0,6675.0
2018-07-17,7470.0,6655.0,6665.0,7305.0,5582.0,7305.0
2018-07-18,7595.0,7240.0,7385.0,7395.0,6956.0,7395.0
2018-07-19,7510.0,7275.0,7325.0,7450.0,4580.0,7450.0
2018-07-20,7700.0,7270.0,7435.0,7340.0,6978.0,7340.0
2018-07-21,,,,,,
2018-07-22,,,,,,
2018-07-23,7820.0,7335.0,7380.0,7735.0,8545.0,7735.0
2018-07-24,8365.0,7680.0,7740.0,8260.0,11464.0,8260.0
2018-07-25,8490.0,8025.0,8255.0,8145.0,11553.0,8145.0
2018-07-26,8310.0,8115.0,8260.0,8275.0,6288.0,8275.0
2018-07-27,8030.0,7790.0,7960.0,7855.259765625,9284.0,7855.259765625
2018-07-28,,,,,,
2018-07-29,,,,,,
2018-07-30,8265.0,7845.0,8140.0,8100.0,8136.0,8100.0
2018-07-31,8200.0,7640.0,8120.0,7730.0,9415.0,7730.0
2018-08-01,7760.0,7440.0,7695.0,7545.0,9125.0,7545.0
2018-08-02,7700.0,7430.0,7460.0,7525.0,5552.0,7525.0
2018-08-03,7560.0,7270.0,7525.0,7370.0,5700.0,7370.0
2018-08-04,,,,,,
2018-08-05,,,,,,
2018-08-06,7140.0,6870.0,7080.0,6920.0,5117.0,6920.0
2018-08-07,7155.0,6825.0,6845.0,6990.0,5037.0,6990.0
2018-08-08,6785.0,6105.0,6765.0,6330.0,8099.0,6330.0
2018-08-09,6545.0,6170.0,6300.0,6460.0,6827.0,6460.0
2018-08-10,6605.0,6105.0,6555.0,6390.0,6444.0,6390.0
2018-08-11,,,,,,
2018-08-12,,,,,,
2018-08-13,6555.0,6135.0,6405.0,6230.0,7804.0,6230.0
2018-08-14,6280.0,5850.0,6240.0,6075.0,6904.0,6075.0
2018-08-15,6600.0,6075.0,6105.0,6375.0,6993.0,6375.0
2018-08-16,6475.0,6185.0,6400.0,6405.0,4378.0,6405.0
2018-08-17,6545.0,6245.0,6265.0,6480.0,4288.0,6480.0
2018-08-18,,,,,,
2018-08-19,,,,,,
2018-08-20,6515.0,6360.0,6490.0,6430.0,2381.0,6430.0
2018-08-21,6470.0,6205.0,6395.0,6425.0,3319.0,6425.0
2018-08-22,6870.0,6250.0,6440.0,6405.0,5379.0,6405.0
2018-08-23,6465.0,6225.0,6350.0,6405.0,3554.0,6405.0
2018-08-24,6640.0,6450.0,6460.0,6615.0,2656.0,6615.0
2018-08-25,,,,,,
2018-08-26,,,,,,
2018-08-27,6760.0,6650.0,6655.0,6730.0,2398.0,6730.0
2018-08-28,7125.0,6715.0,6720.0,7090.0,5220.0,7090.0
2018-08-29,7120.0,6890.0,7100.0,7000.0,3899.0,7000.0
2018-08-30,7055.0,6795.0,7045.0,6815.0,4779.0,6815.0
2018-08-31,7025.0,6895.0,6940.0,6925.56005859375,0.0,6925.56005859375
2018-09-01,,,,,,
2018-09-02,,,,,,
2018-09-03,,,,,,
2018-09-04,7410.0,7220.0,7305.0,7350.0,5305.0,7350.0
2018-09-05,7395.0,6840.0,7355.0,6900.0,4585.0,6900.0
2018-09-06,6925.0,6215.0,6925.0,6430.0,5796.0,6430.0
2018-09-07,6505.0,6280.0,6410.0,6390.0,2475.0,6390.0
2018-09-08,,,,,,
2018-09-09,,,,,,
2018-09-10,6350.0,6175.0,6340.0,6265.0,1936.0,6265.0
2018-09-11,6385.0,6120.0,6260.0,6230.0,1857.0,6230.0
2018-09-12,6335.0,6175.0,6270.0,6290.0,1581.0,6290.0
2018-09-13,6525.0,6295.0,6295.0,6435.0,2350.0,6435.0
2018-09-14,6575.0,6330.0,6450.0,6525.0,2085.0,6525.0
2018-09-15,,,,,,
2018-09-16,,,,,,
2018-09-17,6525.0,6165.0,6470.0,6230.0,2337.0,6230.0
2018-09-18,6370.0,6180.0,6210.0,6275.0,1108.0,6275.0
2018-09-19,6535.0,6035.0,6305.0,6375.0,3037.0,6375.0
2018-09-20,6435.0,6310.0,6365.0,6400.0,1373.0,6400.0
2018-09-21,6775.0,6455.0,6470.0,6740.0,3627.0,6740.0
2018-09-22,,,,,,
2018-09-23,,,,,,
2018-09-24,6720.0,6555.0,6665.0,6610.0,2081.0,6610.0
2018-09-25,6605.0,6315.0,6605.0,6355.0,3388.0,6355.0
2018-09-26,6535.0,6365.0,6385.0,6485.0,3381.0,6485.0
2018-09-27,6745.0,6415.0,6460.0,6655.0,3087.0,6655.0
2018-09-28,6800.0,6570.0,6720.0,6647.7998046875,4965.0,6647.7998046875
2018-09-29,,,,,,
2018-09-30,,,,,,
2018-10-01,6625.0,6455.0,6560.0,6540.0,1477.0,6540.0
2018-10-02,6585.0,6435.0,6550.0,6510.0,1131.0,6510.0
2018-10-03,6520.0,6345.0,6510.0,6425.0,1356.0,6425.0
2018-10-04,6610.0,6405.0,6415.0,6555.0,1697.0,6555.0
2018-10-05,6580.0,6500.0,6530.0,6530.0,928.0,6530.0
2018-10-06,,,,,,
2018-10-07,,,,,,
2018-10-08,6675.0,6515.0,6530.0,6630.0,1783.0,6630.0
2018-10-09,6620.0,6535.0,6620.0,6580.0,1004.0,6580.0
2018-10-10,6590.0,6450.0,6580.0,6540.0,1700.0,6540.0
2018-10-11,6535.0,6030.0,6515.0,6180.0,4268.0,6180.0
2018-10-12,6225.0,6095.0,6180.0,6185.0,1908.0,6185.0
2018-10-13,,,,,,
2018-10-14,,,,,,
2018-10-15,6770.0,6110.0,6165.0,6390.0,6704.0,6390.0
2018-10-16,6495.0,6380.0,6390.0,6420.0,1604.0,6420.0
2018-10-17,6480.0,6400.0,6445.0,6420.0,1189.0,6420.0
2018-10-18,6480.0,6330.0,6430.0,6390.0,2759.0,6390.0
2018-10-19,6405.0,6340.0,6375.0,6380.0,1108.0,6380.0
2018-10-20,,,,,,
2018-10-21,,,,,,
2018-10-22,6445.0,6360.0,6415.0,6395.0,1752.0,6395.0
2018-10-23,6425.0,6350.0,6400.0,6395.0,1492.0,6395.0
2018-10-24,6490.0,6380.0,6395.0,6425.0,2799.0,6425.0
2018-10-25,6420.0,6315.0,6420.0,6405.0,2486.0,6405.0
2018-10-26,6455.0,6375.0,6395.0,6391.68994140625,2434.0,6391.68994140625
2018-10-27,,,,,,
2018-10-28,,,,,,
2018-10-29,6440.0,6185.0,6390.0,6240.0,3904.0,6240.0
2018-10-30,6290.0,6230.0,6245.0,6245.0,1992.0,6245.0
2018-10-31,6340.0,6170.0,6255.0,6295.0,3161.0,6295.0
2018-11-01,6335.0,6290.0,6295.0,6315.0,1174.0,6315.0
2018-11-02,6375.0,6320.0,6335.0,6345.0,1647.0,6345.0
2018-11-03,,,,,,
2018-11-04,,,,,,
2018-11-05,6450.0,6365.0,6400.0,6390.0,2336.0,6390.0
2018-11-06,6475.0,6385.0,6395.0,6415.0,3048.0,6415.0
2018-11-07,6545.0,6430.0,6430.0,6510.0,4263.0,6510.0
2018-11-08,6525.0,6370.0,6510.0,6410.0,4418.0,6410.0
2018-11-09,6415.0,6240.0,6400.0,6335.0,2878.0,6335.0
2018-11-10,,,,,,
2018-11-11,,,,,,
2018-11-12,6395.0,6290.0,6290.0,6325.0,1997.0,6325.0
2018-11-13,6325.0,6225.0,6315.0,6285.0,2534.0,6285.0
2018-11-14,6290.0,5230.0,6290.0,5365.0,8940.0,5365.0
2018-11-15,5590.0,5155.0,5510.0,5425.0,8633.0,5425.0
2018-11-16,5550.0,5385.0,5435.0,5450.0,3416.0,5450.0
2018-11-17,,,,,,
2018-11-18,,,,,,
2018-11-19,5515.0,4560.0,5500.0,4835.0,11321.0,4835.0
2018-11-20,4870.0,4015.0,4740.0,4240.0,12827.0,4240.0
2018-11-21,4620.0,4165.0,4230.0,4390.0,6540.0,4390.0
2018-11-22,,,,,,
2018-11-23,,,,,,
2018-11-24,,,,,,
2018-11-25,,,,,,
2018-11-26,4055.0,3515.0,3965.0,3605.0,8901.0,3605.0
2018-11-27,3790.0,3550.0,3635.0,3720.0,6129.0,3720.0
2018-11-28,4365.0,3750.0,3790.0,4300.0,6789.0,4300.0
2018-11-29,4400.0,4075.0,4195.0,4180.0,5112.0,4180.0
2018-11-30,4280.0,3870.0,4215.0,3953.0,5068.0,3953.0
2018-12-01,,,,,,
2018-12-02,,,,,,
2018-12-03,4130.0,3690.0,4090.0,3800.0,3383.0,3800.0
2018-12-04,4015.0,3690.0,3905.0,3840.0,3059.0,3840.0
2018-12-05,,,,,,
2018-12-06,3960.0,3360.0,3670.0,3600.0,5768.0,3600.0
2018-12-07,3595.0,3135.0,3575.0,3300.0,6081.0,3300.0
2018-12-08,,,,,,
2018-12-09,,,,,,
2018-12-10,3580.0,3330.0,3495.0,3375.0,1918.0,3375.0
2018-12-11,3405.0,3265.0,3380.0,3320.0,1989.0,3320.0
2018-12-12,3470.0,3305.0,3345.0,3420.0,2665.0,3420.0
2018-12-13,3420.0,3190.0,3395.0,3215.0,3796.0,3215.0
2018-12-14,3265.0,3120.0,3235.0,3145.0,3046.0,3145.0
2018-12-15,,,,,,
2018-12-16,,,,,,
2018-12-17,3570.0,3165.0,3180.0,3530.0,4114.0,3530.0
2018-12-18,3560.0,3425.0,3475.0,3495.0,3415.0,3495.0
2018-12-19,3890.0,3550.0,3550.0,3695.0,4997.0,3695.0
2018-12-20,4150.0,3635.0,3675.0,3875.0,4834.0,3875.0
2018-12-21,4135.0,3605.0,4040.0,3775.0,5616.0,3775.0
2018-12-22,,,,,,
2018-12-23,,,,,,
2018-12-24,,,,,,
2018-12-25,,,,,,
2018-12-26,3850.0,3610.0,3775.0,3760.0,2751.0,3760.0
2018-12-27,3840.0,3535.0,3800.0,3565.0,3404.0,3565.0
2018-12-28,3800.0,3560.0,3560.0,3708.56005859375,4180.0,3708.56005859375
2018-12-29,,,,,,
2018-12-30,,,,,,
2018-12-31,3810.0,3600.0,3800.0,3650.0,1961.0,3650.0
2019-01-01,,,,,,
2019-01-02,3855.0,3685.0,3720.0,3830.0,3227.0,3830.0
2019-01-03,3870.0,3710.0,3850.0,3760.0,3620.0,3760.0
2019-01-04,3875.0,3690.0,3755.0,3745.0,3919.0,3745.0
2019-01-05,,,,,,
2019-01-06,,,,,,
2019-01-07,4070.0,3945.0,3990.0,3985.0,2757.0,3985.0
2019-01-08,4095.0,3925.0,3980.0,3985.0,4171.0,3985.0
2019-01-09,4030.0,3950.0,3990.0,3990.0,3683.0,3990.0
2019-01-10,4020.0,3525.0,3995.0,3605.0,5744.0,3605.0
2019-01-11,3685.0,3560.0,3600.0,3635.0,4216.0,3635.0
2019-01-12,,,,,,
2019-01-13,,,,,,
2019-01-14,3700.0,3400.0,3490.0,3650.0,4387.0,3650.0
2019-01-15,3665.0,3490.0,3650.0,3535.0,3786.0,3535.0
2019-01-16,3645.0,3545.0,3550.0,3560.0,4110.0,3560.0
2019-01-17,3645.0,3515.0,3570.0,3605.0,3564.0,3605.0
2019-01-18,3630.0,3540.0,3615.0,3585.0,2669.0,3585.0
2019-01-19,,,,,,
2019-01-20,,,,,,
2019-01-21,,,,,,
2019-01-22,3620.0,3390.0,3525.0,3580.0,6725.0,3580.0
2019-01-23,3615.0,3510.0,3575.0,3535.0,5040.0,3535.0
2019-01-24,3590.0,3520.0,3545.0,3565.0,2786.0,3565.0
2019-01-25,3580.0,3510.0,3560.0,3560.0,3678.0,3560.0
2019-01-26,,,,,,
2019-01-27,,,,,,
2019-01-28,3515.0,3325.0,3485.0,3380.0,4345.0,3380.0
2019-01-29,3395.0,3300.0,3385.0,3370.0,2453.0,3370.0
2019-01-30,3435.0,3345.0,3360.0,3410.0,3311.0,3410.0
2019-01-31,3455.0,3365.0,3420.0,3395.0,4066.0,3395.0
2019-02-01,3440.0,3345.0,3385.0,3425.0,4692.0,3425.0
2019-02-02,,,,,,
2019-02-03,,,,,,
2019-02-04,3415.0,3375.0,3380.0,3395.0,2947.0,3395.0
2019-02-05,3415.0,3380.0,3390.0,3400.0,1566.0,3400.0
2019-02-06,3420.0,3310.0,3405.0,3340.0,3783.0,3340.0
2019-02-07,3370.0,3335.0,3345.0,3340.0,1731.0,3340.0
2019-02-08,3730.0,3325.0,3350.0,3615.0,9872.0,3615.0
2019-02-09,,,,,,
2019-02-10,,,,,,
2019-02-11,3650.0,3580.0,3610.0,3605.0,5075.0,3605.0
2019-02-12,3625.0,3550.0,3595.0,3605.0,3944.0,3605.0
2019-02-13,3630.0,3555.0,3575.0,3570.0,2811.0,3570.0
2019-02-14,3595.0,3530.0,3575.0,3565.0,2122.0,3565.0
2019-02-15,3620.0,3545.0,3565.0,3565.0,2597.0,3565.0
2019-02-16,,,,,,
2019-02-17,,,,,,
2019-02-18,,,,,,
2019-02-19,3970.0,3595.0,3600.0,3935.0,15944.0,3935.0
2019-02-20,3965.0,3870.0,3910.0,3935.0,5226.0,3935.0
2019-02-21,3985.0,3855.0,3920.0,3895.0,5427.0,3895.0
2019-02-22,3955.0,3885.0,3885.0,3930.77001953125,4000.0,3930.77001953125
2019-02-23,,,,,,
2019-02-24,,,,,,
2019-02-25,3845.0,3705.0,3770.0,3820.0,5866.0,3820.0
2019-02-26,3820.0,3745.0,3805.0,3775.0,3067.0,3775.0
2019-02-27,3815.0,3620.0,3780.0,3710.0,4843.0,3710.0
2019-02-28,3875.0,3745.0,3765.0,3790.0,6752.0,3790.0
2019-03-01,3830.0,3780.0,3785.0,3820.0,1825.0,3820.0
2019-03-02,,,,,,
2019-03-03,,,,,,
2019-03-04,3795.0,3660.0,3780.0,3690.0,4577.0,3690.0
2019-03-05,3865.0,3655.0,3675.0,3835.0,4969.0,3835.0
2019-03-06,3900.0,3810.0,3835.0,3840.0,4104.0,3840.0
2019-03-07,3890.0,3830.0,3855.0,3870.0,4092.0,3870.0
2019-03-08,3920.0,3845.0,3905.0,3890.0,3781.0,3890.0
2019-03-09,,,,,,
2019-03-10,,,,,,
2019-03-11,3915.0,3810.0,3885.0,3835.0,3539.0,3835.0
2019-03-12,3880.0,3790.0,3845.0,3845.0,2961.0,3845.0
2019-03-13,3870.0,3820.0,3855.0,3845.0,2105.0,3845.0
2019-03-14,3905.0,3775.0,3840.0,3845.0,4463.0,3845.0
2019-03-15,3910.0,3845.0,3850.0,3900.0,2938.0,3900.0
2019-03-16,,,,,,
2019-03-17,,,,,,
2019-03-18,4025.0,3935.0,3965.0,3960.0,2756.0,3960.0
2019-03-19,4015.0,3950.0,3970.0,3995.0,2332.0,3995.0
2019-03-20,4020.0,3965.0,3990.0,4010.0,2560.0,4010.0
2019-03-21,4060.0,3900.0,4015.0,3965.0,3769.0,3965.0
2019-03-22,3995.0,3955.0,3970.0,3980.0,1704.0,3980.0
2019-03-23,,,,,,
2019-03-24,,,,,,
2019-03-25,3970.0,3845.0,3965.0,3895.0,2410.0,3895.0
2019-03-26,3915.0,3880.0,3885.0,3905.0,1996.0,3905.0
2019-03-27,4035.0,3905.0,3905.0,4005.0,4108.0,4005.0
2019-03-28,4035.0,3995.0,4010.0,4010.0,1888.0,4010.0
2019-03-29,4100.0,4000.0,4005.0,4079.360107421875,4797.0,4079.360107421875
2019-03-30,,,,,,
2019-03-31,,,,,,
2019-04-01,4145.0,4040.0,4090.0,4125.0,1897.0,4125.0
2019-04-02,5095.0,4130.0,4135.0,4775.0,10442.0,4775.0
2019-04-03,5325.0,4810.0,4810.0,5150.0,16115.0,5150.0
2019-04-04,5275.0,4780.0,5210.0,4840.0,21775.0,4840.0
2019-04-05,5070.0,4890.0,4935.0,5020.0,9560.0,5020.0
2019-04-06,,,,,,
2019-04-07,,,,,,
2019-04-08,5370.0,5130.0,5165.0,5210.0,16170.0,5210.0
2019-04-09,5320.0,5150.0,5290.0,5220.0,8967.0,5220.0
2019-04-10,5480.0,5160.0,5220.0,5415.0,7838.0,5415.0
2019-04-11,5355.0,4965.0,5300.0,5075.0,11268.0,5075.0
2019-04-12,5125.0,4900.0,5030.0,5065.0,7931.0,5065.0
2019-04-13,,,,,,
2019-04-14,,,,,,
2019-04-15,5200.0,4945.0,5110.0,5010.0,10075.0,5010.0
2019-04-16,5235.0,5025.0,5030.0,5200.0,6800.0,5200.0
2019-04-17,5285.0,5185.0,5215.0,5235.0,6698.0,5235.0
2019-04-18,5325.0,5205.0,5230.0,5295.0,6451.0,5295.0
2019-04-19,,,,,,
2019-04-20,,,,,,
2019-04-21,,,,,,
2019-04-22,5450.0,5255.0,5275.0,5395.0,9800.0,5395.0
2019-04-23,5665.0,5375.0,5400.0,5590.0,10603.0,5590.0
2019-04-24,5625.0,5370.0,5580.0,5435.0,11087.0,5435.0
2019-04-25,5510.0,5380.0,5440.0,5490.0,3535.0,5490.0
2019-04-26,5400.0,4945.0,5400.0,5162.33984375,8655.0,5162.33984375
2019-04-27,,,,,,
2019-04-28,,,,,,
2019-04-29,5185.0,5070.0,5095.0,5140.0,3421.0,5140.0
2019-04-30,5285.0,5090.0,5140.0,5230.0,4094.0,5230.0
2019-05-01,5350.0,5250.0,5250.0,5300.0,3557.0,5300.0
2019-05-02,5415.0,5280.0,5285.0,5390.0,4551.0,5390.0
2019-05-03,5800.0,5355.0,5390.0,5670.0,13229.0,5670.0
2019-05-04,,,,,,
2019-05-05,,,,,,
2019-05-06,5795.0,5565.0,5735.0,5745.0,7075.0,5745.0
2019-05-07,5985.0,5685.0,5700.0,5845.0,10086.0,5845.0
2019-05-08,5915.0,5640.0,5885.0,5900.0,7023.0,5900.0
2019-05-09,6120.0,5850.0,5905.0,6065.0,6973.0,6065.0
2019-05-10,6430.0,6110.0,6125.0,6365.0,9795.0,6365.0
2019-05-11,,,,,,
2019-05-12,,,,,,
2019-05-13,8030.0,6870.0,7150.0,7950.0,31433.0,7950.0
2019-05-14,8385.0,7630.0,8145.0,7780.0,26372.0,7780.0
2019-05-15,8300.0,7815.0,7815.0,8225.0,13408.0,8225.0
2019-05-16,8445.0,7725.0,8185.0,7875.0,19966.0,7875.0
2019-05-17,7990.0,6320.0,7940.0,7180.0,15465.0,7180.0
2019-05-18,,,,,,
2019-05-19,,,,,,
2019-05-20,8380.0,7620.0,8075.0,7850.0,15195.0,7850.0
2019-05-21,8140.0,7840.0,8065.0,8050.0,7778.0,8050.0
2019-05-22,8075.0,7710.0,8030.0,7950.0,10834.0,7950.0
2019-05-23,7895.0,7485.0,7685.0,7810.0,10992.0,7810.0
2019-05-24,8230.0,7815.0,7845.0,8085.0,12003.0,8085.0
2019-05-25,,,,,,
2019-05-26,,,,,,
2019-05-27,,,,,,
2019-05-28,9035.0,8550.0,8660.0,8705.0,18551.0,8705.0
2019-05-29,8775.0,8420.0,8730.0,8690.0,11721.0,8690.0
2019-05-30,9125.0,8345.0,8660.0,8620.0,11446.0,8620.0
2019-05-31,8440.0,8100.0,8290.0,8414.1796875,8559.0,8414.1796875
2019-06-01,,,,,,
2019-06-02,,,,,,
2019-06-03,8865.0,8385.0,8730.0,8640.0,4641.0,8640.0
2019-06-04,8565.0,7515.0,8560.0,7625.0,11780.0,7625.0
2019-06-05,7970.0,7435.0,7525.0,7835.0,2851.0,7835.0
2019-06-06,7915.0,7460.0,7745.0,7610.0,4391.0,7610.0
2019-06-07,8175.0,7740.0,7765.0,8010.0,2925.0,8010.0
2019-06-08,,,,,,
2019-06-09,,,,,,
2019-06-10,8115.0,7515.0,7675.0,8010.0,3256.0,8010.0
2019-06-11,8085.0,7720.0,7980.0,7920.0,2537.0,7920.0
2019-06-12,8340.0,7830.0,7930.0,8195.0,3930.0,8195.0
2019-06-13,8330.0,8070.0,8180.0,8285.0,2079.0,8285.0
2019-06-14,8515.0,8215.0,8365.0,8440.0,2084.0,8440.0
2019-06-15,,,,,,
2019-06-16,,,,,,
2019-06-17,9495.0,9055.0,9065.0,9380.0,6926.0,9380.0
2019-06-18,9575.0,8985.0,9365.0,9115.0,6733.0,9115.0
2019-06-19,9255.0,8985.0,9020.0,9210.0,2222.0,9210.0
2019-06-20,9705.0,9260.0,9320.0,9625.0,5347.0,9625.0
2019-06-21,10060.0,9560.0,9615.0,9980.0,6905.0,9980.0
2019-06-22,,,,,,
2019-06-23,,,,,,
2019-06-24,11160.0,10615.0,10925.0,10945.0,9902.0,10945.0
2019-06-25,11525.0,11010.0,11035.0,11380.0,10348.0,11380.0
2019-06-26,13915.0,11520.0,11520.0,13885.0,21334.0,13885.0
2019-06-27,13340.0,10285.0,12500.0,10855.0,23272.0,10855.0
2019-06-28,12020.0,10815.0,10865.0,11763.7998046875,9323.0,11763.7998046875
2019-06-29,,,,,,
2019-06-30,,,,,,
2019-07-01,11505.0,10150.0,11505.0,10375.0,9774.0,10375.0
2019-07-02,11120.0,9805.0,10685.0,10990.0,6869.0,10990.0
2019-07-03,,,,,,
2019-07-04,,,,,,
2019-07-05,12230.0,10910.0,11485.0,11285.0,8761.0,11285.0
2019-07-06,,,,,,
2019-07-07,,,,,,
2019-07-08,12525.0,11500.0,11630.0,12445.0,3934.0,12445.0
2019-07-09,13115.0,12330.0,12530.0,12760.0,6427.0,12760.0
2019-07-10,13480.0,11760.0,12825.0,12270.0,10622.0,12270.0
2019-07-11,12385.0,11045.0,12130.0,11730.0,9616.0,11730.0
2019-07-12,12005.0,11195.0,11405.0,11730.0,3357.0,11730.0
2019-07-13,,,,,,
2019-07-14,,,,,,
2019-07-15,11040.0,9915.0,10945.0,10910.0,7597.0,10910.0
2019-07-16,11155.0,9460.0,10840.0,9730.0,8513.0,9730.0
2019-07-17,10025.0,9095.0,9695.0,9795.0,8039.0,9795.0
2019-07-18,10825.0,9345.0,9825.0,10550.0,8514.0,10550.0
2019-07-19,10845.0,10130.0,10635.0,10460.0,4699.0,10460.0
2019-07-20,,,,,,
2019-07-21,,,,,,
2019-07-22,10720.0,10070.0,10630.0,10145.0,5223.0,10145.0
2019-07-23,10370.0,9860.0,10290.0,10150.0,3685.0,10150.0
2019-07-24,10155.0,9485.0,10155.0,9640.0,5616.0,9640.0
2019-07-25,10215.0,9735.0,9780.0,9865.0,3895.0,9865.0
2019-07-26,9955.0,9645.0,9875.0,9763.48046875,2604.0,9763.48046875
2019-07-27,,,,,,
2019-07-28,,,,,,
2019-07-29,9850.0,9195.0,9575.0,9530.0,3073.0,9530.0
2019-07-30,9930.0,9470.0,9565.0,9735.0,2380.0,9735.0
2019-07-31,10295.0,9685.0,9725.0,10115.0,2198.0,10115.0
2019-08-01,10665.0,10015.0,10160.0,10450.0,1880.0,10450.0
2019-08-02,10870.0,10490.0,10595.0,10600.0,2699.0,10600.0
2019-08-03,,,,,,
2019-08-04,,,,,,
2019-08-05,12130.0,11070.0,11070.0,11910.0,4071.0,11910.0
2019-08-06,12505.0,11700.0,11925.0,11830.0,3814.0,11830.0
2019-08-07,12330.0,11325.0,11600.0,11885.0,5017.0,11885.0
2019-08-08,12205.0,11600.0,12075.0,11690.0,2431.0,11690.0
2019-08-09,12235.0,11795.0,11855.0,11945.0,3517.0,11945.0
2019-08-10,,,,,,
2019-08-11,,,,,,
2019-08-12,11695.0,11340.0,11675.0,11560.0,1834.0,11560.0
2019-08-13,11570.0,10800.0,11505.0,10945.0,4145.0,10945.0
2019-08-14,10955.0,10070.0,10930.0,10160.0,6021.0,10160.0
2019-08-15,10440.0,9500.0,10240.0,10130.0,7407.0,10130.0
2019-08-16,10590.0,9765.0,10400.0,10515.0,5247.0,10515.0
2019-08-17,,,,,,
2019-08-18,,,,,,
2019-08-19,10890.0,10305.0,10445.0,10745.0,2653.0,10745.0
2019-08-20,11015.0,10590.0,10765.0,10775.0,2558.0,10775.0
2019-08-21,10890.0,9850.0,10815.0,10115.0,5034.0,10115.0
2019-08-22,10255.0,9765.0,10040.0,10185.0,3956.0,10185.0
2019-08-23,10535.0,10050.0,10205.0,10460.0,3319.0,10460.0
2019-08-24,,,,,,
2019-08-25,,,,,,
2019-08-26,10730.0,9970.0,10030.0,10330.0,4193.0,10330.0
2019-08-27,10410.0,10030.0,10305.0,10165.0,3663.0,10165.0
2019-08-28,10320.0,9470.0,10150.0,9645.0,5694.0,9645.0
2019-08-29,9730.0,9305.0,9695.0,9505.0,4154.0,9505.0
2019-08-30,9630.0,9385.0,9500.0,9583.9599609375,2856.0,9583.9599609375
2019-08-31,,,,,,
2019-09-01,,,,,,
2019-09-02,,,,,,
2019-09-03,10925.0,9795.0,9795.0,10800.0,7222.0,10800.0
2019-09-04,10965.0,10470.0,10840.0,10835.0,3701.0,10835.0
2019-09-05,10810.0,10530.0,10790.0,10625.0,3606.0,10625.0
2019-09-06,11130.0,10230.0,10635.0,10460.0,6764.0,10460.0
2019-09-07,,,,,,
2019-09-08,,,,,,
2019-09-09,10620.0,10115.0,10490.0,10370.0,3966.0,10370.0
2019-09-10,10455.0,9945.0,10360.0,10060.0,3400.0,10060.0
2019-09-11,10345.0,9900.0,10145.0,10125.0,3528.0,10125.0
2019-09-12,10470.0,10085.0,10160.0,10410.0,3099.0,10410.0
2019-09-13,10560.0,10205.0,10480.0,10265.0,2876.0,10265.0
2019-09-14,,,,,,
2019-09-15,,,,,,
2019-09-16,10430.0,10105.0,10335.0,10135.0,2313.0,10135.0
2019-09-17,10405.0,10185.0,10305.0,10305.0,1583.0,10305.0
2019-09-18,10310.0,10120.0,10250.0,10205.0,1581.0,10205.0
2019-09-19,10450.0,9605.0,10315.0,10155.0,4344.0,10155.0
2019-09-20,10355.0,10095.0,10155.0,10180.0,2400.0,10180.0
2019-09-21,,,,,,
2019-09-22,,,,,,
2019-09-23,10125.0,9690.0,10125.0,9805.0,4645.0,9805.0
2019-09-24,9780.0,7995.0,9770.0,8380.0,10527.0,8380.0
2019-09-25,8785.0,8205.0,8670.0,8350.0,5824.0,8350.0
2019-09-26,8670.0,7710.0,8515.0,8145.0,5369.0,8145.0
2019-09-27,8140.0,7940.0,8085.0,8004.4599609375,3497.0,8004.4599609375
2019-09-28,,,,,,
2019-09-29,,,,,,
2019-09-30,8415.0,7710.0,8090.0,8335.0,4976.0,8335.0
2019-10-01,8560.0,8235.0,8360.0,8325.0,3539.0,8325.0
2019-10-02,8400.0,8185.0,8330.0,8270.0,1861.0,8270.0
2019-10-03,8435.0,8075.0,8285.0,8160.0,2581.0,8160.0
2019-10-04,8310.0,8020.0,8165.0,8225.0,1994.0,8225.0
2019-10-05,,,,,,
2019-10-06,,,,,,
2019-10-07,8350.0,7745.0,7900.0,8255.0,5782.0,8255.0
2019-10-08,8365.0,8095.0,8260.0,8170.0,2275.0,8170.0
2019-10-09,8780.0,8125.0,8185.0,8645.0,4716.0,8645.0
2019-10-10,8670.0,8445.0,8605.0,8595.0,2716.0,8595.0
2019-10-11,8850.0,8285.0,8595.0,8355.0,4134.0,8355.0
2019-10-12,,,,,,
2019-10-13,,,,,,
2019-10-14,8435.0,8220.0,8255.0,8355.0,1774.0,8355.0
2019-10-15,8435.0,8085.0,8340.0,8170.0,2752.0,8170.0
2019-10-16,8195.0,7900.0,8150.0,7950.0,3685.0,7950.0
2019-10-17,8150.0,7935.0,7975.0,8060.0,2582.0,8060.0
2019-10-18,8130.0,7805.0,8065.0,7960.0,3414.0,7960.0
2019-10-19,,,,,,
2019-10-20,,,,,,
2019-10-21,8380.0,8160.0,8255.0,8205.0,3642.0,8205.0
2019-10-22,8330.0,8065.0,8230.0,8165.0,2446.0,8165.0
2019-10-23,8110.0,7245.0,8080.0,7475.0,5767.0,7475.0
2019-10-24,7515.0,7355.0,7420.0,7490.0,3210.0,7490.0
2019-10-25,7720.0,7400.0,7450.0,7678.490234375,8600.0,7678.490234375
2019-10-26,,,,,,
2019-10-27,,,,,,
2019-10-28,10050.0,9330.0,9700.0,9530.0,6474.0,9530.0
2019-10-29,9655.0,9155.0,9585.0,9315.0,3035.0,9315.0
2019-10-30,9565.0,9060.0,9540.0,9270.0,3553.0,9270.0
2019-10-31,9510.0,9000.0,9225.0,9305.0,2086.0,9305.0
2019-11-01,9360.0,9120.0,9230.0,9235.0,2641.0,9235.0
2019-11-02,,,,,,
2019-11-03,,,,,,
2019-11-04,9790.0,9170.0,9270.0,9565.0,3453.0,9565.0
2019-11-05,9580.0,8360.0,9480.0,9420.0,2875.0,9420.0
2019-11-06,9515.0,9325.0,9405.0,9360.0,1366.0,9360.0
2019-11-07,9460.0,9125.0,9425.0,9220.0,3323.0,9220.0
2019-11-08,9305.0,8680.0,9260.0,8845.0,5487.0,8845.0
2019-11-09,,,,,,
2019-11-10,,,,,,
2019-11-11,9135.0,8585.0,9100.0,8750.0,3623.0,8750.0
2019-11-12,8915.0,8555.0,8735.0,8835.0,3545.0,8835.0
2019-11-13,8880.0,8730.0,8815.0,8785.0,2121.0,8785.0
2019-11-14,8830.0,8590.0,8805.0,8675.0,2337.0,8675.0
2019-11-15,8820.0,8355.0,8680.0,8505.0,4095.0,8505.0
2019-11-16,,,,,,
2019-11-17,,,,,,
2019-11-18,8565.0,8005.0,8550.0,8205.0,4004.0,8205.0
2019-11-19,8215.0,8005.0,8200.0,8110.0,3007.0,8110.0
2019-11-20,8275.0,8045.0,8145.0,8110.0,3885.0,8110.0
2019-11-21,8140.0,7360.0,8110.0,7580.0,5630.0,7580.0
2019-11-22,7735.0,6775.0,7620.0,7330.0,9941.0,7330.0
2019-11-23,,,,,,
2019-11-24,,,,,,
2019-11-25,7375.0,6510.0,7050.0,7165.0,10022.0,7165.0
2019-11-26,7345.0,7015.0,7205.0,7115.0,5897.0,7115.0
2019-11-27,7700.0,6835.0,7150.0,7570.0,8583.0,7570.0
2019-11-28,,,,,,
2019-11-29,,,,,,
2019-11-30,,,,,,
2019-12-01,,,,,,
2019-12-02,7555.0,7195.0,7465.0,7335.0,4334.0,7335.0
2019-12-03,7445.0,7260.0,7370.0,7340.0,1711.0,7340.0
2019-12-04,7965.0,7085.0,7335.0,7220.0,8673.0,7220.0
2019-12-05,7525.0,7180.0,7255.0,7420.0,4442.0,7420.0
2019-12-06,7655.0,7335.0,7435.0,7460.0,3514.0,7460.0
2019-12-07,,,,,,
2019-12-08,,,,,,
2019-12-09,7705.0,7290.0,7570.0,7320.0,3527.0,7320.0
2019-12-10,7410.0,7165.0,7345.0,7215.0,3362.0,7215.0
2019-12-11,7290.0,7130.0,7250.0,7175.0,2979.0,7175.0
2019-12-12,7370.0,7070.0,7210.0,7265.0,4522.0,7265.0
2019-12-13,7335.0,7200.0,7215.0,7265.0,3653.0,7265.0
2019-12-14,,,,,,
2019-12-15,,,,,,
2019-12-16,7145.0,6790.0,7120.0,6860.0,7720.0,6860.0
2019-12-17,6940.0,6560.0,6880.0,6580.0,5979.0,6580.0
2019-12-18,7235.0,6420.0,6575.0,7135.0,11821.0,7135.0
2019-12-19,7440.0,7055.0,7280.0,7165.0,4596.0,7165.0
2019-12-20,7235.0,7085.0,7160.0,7230.0,2478.0,7230.0
2019-12-21,,,,,,
2019-12-22,,,,,,
2019-12-23,7715.0,7290.0,7420.0,7410.0,7852.0,7410.0
2019-12-24,,,,,,
2019-12-25,,,,,,
2019-12-26,7445.0,7170.0,7220.0,7250.0,4302.0,7250.0
2019-12-27,7245.0,7055.0,7195.0,7203.81982421875,4441.0,7203.81982421875
2019-12-28,,,,,,
2019-12-29,,,,,,
2019-12-30,7480.0,7245.0,7445.0,7285.0,3115.0,7285.0
2019-12-31,7350.0,7160.0,7295.0,7210.0,2953.0,7210.0
2020-01-01,,,,,,
2020-01-02,7225.0,6900.0,7225.0,6940.0,4754.0,6940.0
2020-01-03,7500.0,6860.0,6960.0,7385.0,8657.0,7385.0
2020-01-04,,,,,,
2020-01-05,,,,,,
2020-01-06,7685.0,7385.0,7435.0,7615.0,6104.0,7615.0
2020-01-07,8300.0,7725.0,7725.0,8280.0,11526.0,8280.0
2020-01-08,8595.0,7915.0,8165.0,8110.0,16332.0,8110.0
2020-01-09,8170.0,7800.0,8120.0,7885.0,10399.0,7885.0
2020-01-10,8220.0,7700.0,7855.0,8135.0,13111.0,8135.0
2020-01-11,,,,,,
2020-01-12,,,,,,
2020-01-13,8300.0,8100.0,8235.0,8200.0,3206.0,8200.0
2020-01-14,8955.0,8150.0,8165.0,8750.0,13502.0,8750.0
2020-01-15,8995.0,8635.0,8810.0,8880.0,7019.0,8880.0
2020-01-16,8955.0,8615.0,8925.0,8790.0,5818.0,8790.0
2020-01-17,9085.0,8720.0,8765.0,8925.0,6895.0,8925.0
2020-01-18,,,,,,
2020-01-19,,,,,,
2020-01-20,,,,,,
2020-01-21,8825.0,8515.0,8720.0,8750.0,7456.0,8750.0
2020-01-22,8865.0,8600.0,8775.0,8680.0,4717.0,8680.0
2020-01-23,8705.0,8290.0,8665.0,8370.0,13847.0,8370.0
2020-01-24,8540.0,8235.0,8410.0,8495.0,9837.0,8495.0
2020-01-25,,,,,,
2020-01-26,,,,,,
2020-01-27,9020.0,8575.0,8595.0,8995.0,13131.0,8995.0
2020-01-28,9215.0,8895.0,8935.0,9060.0,15878.0,9060.0
2020-01-29,9480.0,9040.0,9040.0,9390.0,12121.0,9390.0
2020-01-30,9570.0,9160.0,9335.0,9555.0,15041.0,9555.0
2020-01-31,9555.0,9180.0,9555.0,9277.6298828125,9428.0,9277.6298828125
2020-02-01,,,,,,
2020-02-02,,,,,,
2020-02-03,9790.0,9270.0,9495.0,9410.0,8918.0,9410.0
2020-02-04,9440.0,9130.0,9355.0,9255.0,8189.0,9255.0
2020-02-05,9945.0,9225.0,9245.0,9830.0,14307.0,9830.0
2020-02-06,10010.0,9685.0,9800.0,9895.0,12014.0,9895.0
2020-02-07,10030.0,9740.0,9805.0,9845.0,8523.0,9845.0
2020-02-08,,,,,,
2020-02-09,,,,,,
2020-02-10,10360.0,9510.0,10200.0,9935.0,6779.0,9935.0
2020-02-11,10570.0,9790.0,9930.0,10405.0,15832.0,10405.0
2020-02-12,10620.0,10315.0,10325.0,10525.0,13010.0,10525.0
2020-02-13,10670.0,10160.0,10505.0,10305.0,16242.0,10305.0
2020-02-14,10635.0,10210.0,10305.0,10495.0,8771.0,10495.0
2020-02-15,,,,,,
2020-02-16,,,,,,
2020-02-17,,,,,,
2020-02-18,10365.0,9505.0,9980.0,10250.0,20878.0,10250.0
2020-02-19,10545.0,9245.0,10280.0,10225.0,9019.0,10225.0
2020-02-20,9735.0,9405.0,9735.0,9615.0,3918.0,9615.0
2020-02-21,9830.0,9600.0,9650.0,9740.0,2125.0,9740.0
2020-02-22,,,,,,
2020-02-23,,,,,,
2020-02-24,10075.0,9480.0,9935.0,9600.0,7379.0,9600.0
2020-02-25,9695.0,9240.0,9640.0,9320.0,4061.0,9320.0
2020-02-26,9395.0,8595.0,9385.0,8780.0,7637.0,8780.0
2020-02-27,8980.0,8520.0,8780.0,8890.0,3897.0,8890.0
2020-02-28,8905.0,8430.0,8825.0,8662.990234375,3889.0,8662.990234375
2020-02-29,,,,,,
2020-03-01,,,,,,
2020-03-02,9030.0,8540.0,8645.0,8975.0,2157.0,8975.0
2020-03-03,8995.0,8740.0,8990.0,8770.0,2956.0,8770.0
2020-03-04,8910.0,8700.0,8830.0,8760.0,1842.0,8760.0
2020-03-05,9250.0,8795.0,8805.0,9195.0,3734.0,9195.0
2020-03-06,9250.0,9060.0,9140.0,9165.0,1827.0,9165.0
2020-03-07,,,,,,
2020-03-08,,,,,,
2020-03-09,8280.0,7640.0,8265.0,7850.0,9510.0,7850.0
2020-03-10,8175.0,7755.0,7835.0,7995.0,5067.0,7995.0
2020-03-11,8025.0,7610.0,7990.0,7855.0,3910.0,7855.0
2020-03-12,8000.0,5595.0,7840.0,6010.0,16034.0,6010.0
2020-03-13,5935.0,4210.0,5775.0,5330.0,15531.0,5330.0
2020-03-14,,,,,,
2020-03-15,,,,,,
2020-03-16,5850.0,4390.0,5850.0,4930.0,14879.0,4930.0
2020-03-17,5525.0,4835.0,4975.0,5380.0,6875.0,5380.0
2020-03-18,5475.0,4990.0,5440.0,5340.0,8746.0,5340.0
2020-03-19,6410.0,5275.0,5380.0,6240.0,8961.0,6240.0
2020-03-20,6950.0,5665.0,6275.0,6210.0,6787.0,6210.0
2020-03-21,,,,,,
2020-03-22,,,,,,
2020-03-23,6650.0,5685.0,6060.0,6300.0,8329.0,6300.0
2020-03-24,6885.0,6395.0,6450.0,6725.0,7837.0,6725.0
2020-03-25,6995.0,6465.0,6740.0,6630.0,5175.0,6630.0
2020-03-26,6805.0,6520.0,6600.0,6675.0,3497.0,6675.0
2020-03-27,6855.0,6570.0,6755.0,6648.35986328125,2372.0,6648.35986328125
2020-03-28,,,,,,
2020-03-29,,,,,,
2020-03-30,6535.0,5835.0,6045.0,6380.0,4341.0,6380.0
2020-03-31,6660.0,6340.0,6505.0,6475.0,2305.0,6475.0
2020-04-01,6465.0,6155.0,6455.0,6210.0,2656.0,6210.0
2020-04-02,7345.0,6380.0,6400.0,6865.0,9591.0,6865.0
2020-04-03,7100.0,6625.0,6890.0,6800.0,3943.0,6800.0
2020-04-04,,,,,,
2020-04-05,,,,,,
2020-04-06,7375.0,6785.0,6820.0,7330.0,10939.0,7330.0
2020-04-07,7515.0,7105.0,7350.0,7330.0,7749.0,7330.0
2020-04-08,7475.0,7160.0,7195.0,7335.0,3066.0,7335.0
2020-04-09,7415.0,7090.0,7335.0,7290.0,2793.0,7290.0
2020-04-10,,,,,,
2020-04-11,,,,,,
2020-04-12,,,,,,
2020-04-13,7160.0,6555.0,7160.0,6810.0,5395.0,6810.0
2020-04-14,7010.0,6785.0,6855.0,6950.0,2232.0,6950.0
2020-04-15,6950.0,6685.0,6895.0,6740.0,2144.0,6740.0
2020-04-16,7205.0,6465.0,6735.0,7105.0,6364.0,7105.0
2020-04-17,7235.0,7010.0,7105.0,7080.0,1863.0,7080.0
2020-04-18,,,,,,
2020-04-19,,,,,,
2020-04-20,7255.0,6765.0,7200.0,6795.0,4302.0,6795.0
2020-04-21,6960.0,6780.0,6875.0,6890.0,2879.0,6890.0
2020-04-22,7195.0,6830.0,6920.0,7115.0,3504.0,7115.0
2020-04-23,7805.0,7045.0,7115.0,7540.0,8039.0,7540.0
2020-04-24,7620.0,7400.0,7610.0,7460.85986328125,2367.0,7460.85986328125
2020-04-25,,,,,,
2020-04-26,,,,,,
2020-04-27,7905.0,7645.0,7665.0,7780.0,2872.0,7780.0
2020-04-28,7875.0,7735.0,7845.0,7780.0,1762.0,7780.0
2020-04-29,9065.0,7780.0,7800.0,8825.0,9729.0,8825.0
2020-04-30,9560.0,8480.0,8940.0,8930.0,10524.0,8930.0
2020-05-01,9145.0,8655.0,8850.0,8840.0,5127.0,8840.0
2020-05-02,,,,,,
2020-05-03,,,,,,
2020-05-04,9060.0,8600.0,8965.0,8935.0,3992.0,8935.0
2020-05-05,9225.0,8835.0,9055.0,8985.0,4675.0,8985.0
2020-05-06,9515.0,8980.0,9035.0,9340.0,6330.0,9340.0
2020-05-07,10115.0,9105.0,9370.0,10010.0,12108.0,10010.0
2020-05-08,10220.0,9820.0,10010.0,10030.0,6747.0,10030.0
2020-05-09,,,,,,
2020-05-10,,,,,,
2020-05-11,9275.0,8220.0,8820.0,8795.0,19225.0,8795.0
2020-05-12,9050.0,8560.0,8680.0,8870.0,6912.0,8870.0
2020-05-13,9430.0,8830.0,8845.0,9270.0,5001.0,9270.0
2020-05-14,10070.0,9355.0,9400.0,9725.0,8874.0,9725.0
2020-05-15,9930.0,9170.0,9855.0,9395.0,7857.0,9395.0
2020-05-16,,,,,,
2020-05-17,,,,,,
2020-05-18,10035.0,9515.0,9795.0,9745.0,7691.0,9745.0
2020-05-19,9955.0,9505.0,9745.0,9680.0,6700.0,9680.0
2020-05-20,9895.0,9330.0,9755.0,9570.0,6276.0,9570.0
2020-05-21,9610.0,8815.0,9585.0,9075.0,8797.0,9075.0
2020-05-22,9285.0,8945.0,9185.0,9175.0,4564.0,9175.0
2020-05-23,,,,,,
2020-05-24,,,,,,
2020-05-25,,,,,,
2020-05-26,9065.0,8630.0,9050.0,8785.0,8287.0,8785.0
2020-05-27,9265.0,8810.0,8850.0,9170.0,5653.0,9170.0
2020-05-28,9555.0,9055.0,9095.0,9450.0,6137.0,9450.0
2020-05-29,9610.0,9350.0,9460.0,9443.4296875,3864.0,9443.4296875
2020-05-30,,,,,,
2020-05-31,,,,,,
2020-06-01,9775.0,9465.0,9530.0,9650.0,3656.0,9650.0
2020-06-02,10565.0,9335.0,9745.0,9580.0,14048.0,9580.0
2020-06-03,9730.0,9465.0,9580.0,9655.0,3179.0,9655.0
2020-06-04,9985.0,9535.0,9665.0,9895.0,4328.0,9895.0
2020-06-05,9950.0,9675.0,9865.0,9800.0,4508.0,9800.0
2020-06-06,,,,,,
2020-06-07,,,,,,
2020-06-08,9900.0,9720.0,9810.0,9780.0,3757.0,9780.0
2020-06-09,9985.0,9620.0,9630.0,9805.0,4291.0,9805.0
2020-06-10,10130.0,9720.0,9905.0,9935.0,7010.0,9935.0
2020-06-11,10060.0,9090.0,9945.0,9300.0,10869.0,9300.0
2020-06-12,9610.0,9265.0,9380.0,9465.0,3848.0,9465.0
2020-06-13,,,,,,
2020-06-14,,,,,,
2020-06-15,9525.0,8930.0,9370.0,9440.0,5850.0,9440.0
2020-06-16,9630.0,9415.0,9475.0,9530.0,3436.0,9530.0
2020-06-17,9600.0,9255.0,9540.0,9325.0,3206.0,9325.0
2020-06-18,9515.0,9320.0,9425.0,9410.0,2135.0,9410.0
2020-06-19,9465.0,9245.0,9385.0,9315.0,3481.0,9315.0
2020-06-20,,,,,,
2020-06-21,,,,,,
2020-06-22,9700.0,9280.0,9350.0,9585.0,5062.0,9585.0
2020-06-23,9755.0,9600.0,9725.0,9660.0,3811.0,9660.0
2020-06-24,9685.0,9180.0,9665.0,9285.0,8255.0,9285.0
2020-06-25,9315.0,8985.0,9245.0,9280.0,5012.0,9280.0
2020-06-26,9300.0,9055.0,9285.0,9084.2001953125,4195.0,9084.2001953125
2020-06-27,,,,,,
2020-06-28,,,,,,
2020-06-29,9240.0,9050.0,9175.0,9200.0,2742.0,9200.0
2020-06-30,9295.0,9100.0,9255.0,9185.0,2856.0,9185.0
2020-07-01,9390.0,9140.0,9200.0,9325.0,4789.0,9325.0
2020-07-02,9335.0,8950.0,9280.0,9060.0,6562.0,9060.0
2020-07-03,,,,,,
2020-07-04,,,,,,
2020-07-05,,,,,,
2020-07-06,9435.0,9060.0,9100.0,9355.0,6890.0,9355.0
2020-07-07,9455.0,9250.0,9350.0,9290.0,2975.0,9290.0
2020-07-08,9570.0,9285.0,9310.0,9510.0,5163.0,9510.0
2020-07-09,9545.0,9190.0,9505.0,9255.0,5931.0,9255.0
2020-07-10,9285.0,9145.0,9275.0,9275.0,2296.0,9275.0
2020-07-11,,,,,,
2020-07-12,,,,,,
2020-07-13,9410.0,9240.0,9290.0,9270.0,2844.0,9270.0
2020-07-14,9320.0,9135.0,9275.0,9310.0,2869.0,9310.0
2020-07-15,9320.0,9165.0,9295.0,9190.0,2330.0,9190.0
2020-07-16,9265.0,9040.0,9240.0,9145.0,3344.0,9145.0
2020-07-17,9220.0,9095.0,9130.0,9195.0,1674.0,9195.0
2020-07-18,,,,,,
2020-07-19,,,,,,
2020-07-20,9280.0,9155.0,9200.0,9190.0,2432.0,9190.0
2020-07-21,9480.0,9175.0,9205.0,9395.0,5408.0,9395.0
2020-07-22,9435.0,9295.0,9415.0,9425.0,3117.0,9425.0
2020-07-23,9735.0,9425.0,9425.0,9650.0,6653.0,9650.0
2020-07-24,9665.0,9505.0,9665.0,9615.0,3110.0,9615.0
2020-07-25,,,,,,
2020-07-26,,,,,,
2020-07-27,11055.0,9925.0,9925.0,10895.0,16157.0,10895.0
2020-07-28,11540.0,10635.0,11080.0,11035.0,15293.0,11035.0
2020-07-29,11350.0,10890.0,11060.0,11240.0,9081.0,11240.0
2020-07-30,11405.0,10835.0,11350.0,11145.0,7340.0,11145.0
2020-07-31,11245.0,10985.0,11155.0,11207.5,9692.0,11207.5
2020-08-01,,,,,,
2020-08-02,,,,,,
2020-08-03,11720.0,11180.0,11350.0,11620.0,5333.0,11620.0
2020-08-04,11600.0,11125.0,11560.0,11370.0,6915.0,11370.0
2020-08-05,11975.0,11190.0,11385.0,11850.0,11366.0,11850.0
2020-08-06,12085.0,11705.0,11930.0,12040.0,4902.0,12040.0
2020-08-07,12085.0,11395.0,11990.0,11575.0,10007.0,11575.0
2020-08-08,,,,,,
2020-08-09,,,,,,
2020-08-10,12220.0,11645.0,11800.0,12015.0,9860.0,12015.0
2020-08-11,12090.0,11190.0,12005.0,11435.0,10291.0,11435.0
2020-08-12,11745.0,11220.0,11340.0,11665.0,6069.0,11665.0
2020-08-13,11760.0,11340.0,11600.0,11590.0,5062.0,11590.0
2020-08-14,12000.0,11740.0,11765.0,11935.0,9980.0,11935.0
2020-08-15,,,,,,
2020-08-16,,,,,,
2020-08-17,12635.0,11905.0,11950.0,12485.0,8883.0,12485.0
2020-08-18,12555.0,11850.0,12470.0,12035.0,10621.0,12035.0
2020-08-19,12150.0,11580.0,12100.0,11690.0,10164.0,11690.0
2020-08-20,11950.0,11710.0,11740.0,11895.0,4860.0,11895.0
2020-08-21,12125.0,11600.0,12125.0,11695.0,9663.0,11695.0
2020-08-22,,,,,,
2020-08-23,,,,,,
2020-08-24,11865.0,11595.0,11695.0,11770.0,7416.0,11770.0
2020-08-25,11810.0,11115.0,11765.0,11310.0,12762.0,11310.0
2020-08-26,11570.0,11260.0,11300.0,11480.0,6639.0,11480.0
2020-08-27,11610.0,11125.0,11495.0,11270.0,9007.0,11270.0
2020-08-28,11525.0,11280.0,11335.0,11449.099609375,7783.0,11449.099609375
2020-08-29,,,,,,
2020-08-30,,,,,,
2020-08-31,11915.0,11705.0,11735.0,11835.0,4865.0,11835.0
2020-09-01,12200.0,11625.0,11755.0,12075.0,8919.0,12075.0
2020-09-02,12175.0,11165.0,12135.0,11460.0,17210.0,11460.0
2020-09-03,11530.0,10460.0,11440.0,10720.0,15412.0,10720.0
2020-09-04,10785.0,9905.0,10780.0,10620.0,15668.0,10620.0
2020-09-05,,,,,,
2020-09-06,,,,,,
2020-09-07,,,,,,
2020-09-08,10475.0,9890.0,10425.0,10015.0,14549.0,10015.0
2020-09-09,10385.0,9850.0,10060.0,10320.0,5218.0,10320.0
2020-09-10,10565.0,10215.0,10285.0,10315.0,7860.0,10315.0
2020-09-11,10420.0,10215.0,10370.0,10340.0,4819.0,10340.0
2020-09-12,,,,,,
2020-09-13,,,,,,
2020-09-14,10805.0,10270.0,10315.0,10705.0,6525.0,10705.0
2020-09-15,10975.0,10645.0,10750.0,10815.0,4052.0,10815.0
2020-09-16,11150.0,10690.0,10890.0,11015.0,7056.0,11015.0
2020-09-17,11075.0,10755.0,11045.0,10950.0,7179.0,10950.0
2020-09-18,11075.0,10815.0,10975.0,10880.0,4499.0,10880.0
2020-09-19,,,,,,
2020-09-20,,,,,,
2020-09-21,11005.0,10265.0,10885.0,10485.0,12875.0,10485.0
2020-09-22,10525.0,10350.0,10485.0,10495.0,4081.0,10495.0
2020-09-23,10550.0,10140.0,10545.0,10280.0,7721.0,10280.0
2020-09-24,10750.0,10190.0,10240.0,10670.0,8985.0,10670.0
2020-09-25,10805.0,10560.0,10630.0,10606.7998046875,6120.0,10606.7998046875
2020-09-26,,,,,,
2020-09-27,,,,,,
2020-09-28,11080.0,10795.0,10800.0,10960.0,4100.0,10960.0
2020-09-29,10990.0,10680.0,10970.0,10815.0,4764.0,10815.0
2020-09-30,10940.0,10725.0,10850.0,10770.0,5671.0,10770.0
2020-10-01,11060.0,10430.0,10835.0,10645.0,11708.0,10645.0
2020-10-02,10705.0,10410.0,10615.0,10550.0,5867.0,10550.0
2020-10-03,,,,,,
2020-10-04,,,,,,
2020-10-05,10865.0,10670.0,10700.0,10815.0,4462.0,10815.0
2020-10-06,10890.0,10565.0,10815.0,10630.0,4093.0,10630.0
2020-10-07,10760.0,10595.0,10600.0,10720.0,2260.0,10720.0
2020-10-08,11065.0,10580.0,10735.0,10955.0,5066.0,10955.0
2020-10-09,11205.0,10910.0,10950.0,11110.0,3469.0,11110.0
2020-10-10,,,,,,
2020-10-11,,,,,,
2020-10-12,11700.0,11280.0,11360.0,11630.0,6338.0,11630.0
2020-10-13,11805.0,11355.0,11760.0,11440.0,4170.0,11440.0
2020-10-14,11630.0,11340.0,11500.0,11410.0,3466.0,11410.0
2020-10-15,11695.0,11315.0,11440.0,11595.0,3418.0,11595.0
2020-10-16,11610.0,11225.0,11610.0,11360.0,5373.0,11360.0
2020-10-17,,,,,,
2020-10-18,,,,,,
2020-10-19,11910.0,11470.0,11505.0,11755.0,6876.0,11755.0
2020-10-20,12110.0,11740.0,11795.0,11970.0,4060.0,11970.0
2020-10-21,13005.0,11960.0,11995.0,12755.0,10223.0,12755.0
2020-10-22,13285.0,12725.0,12965.0,13155.0,7369.0,13155.0
2020-10-23,13260.0,12775.0,13220.0,12970.0,3793.0,12970.0
2020-10-24,,,,,,
2020-10-25,,,,,,
2020-10-26,13300.0,12805.0,13100.0,13045.0,6031.0,13045.0
2020-10-27,13780.0,13025.0,13050.0,13685.0,9034.0,13685.0
2020-10-28,13870.0,12885.0,13680.0,13175.0,10745.0,13175.0
2020-10-29,13665.0,12995.0,13200.0,13505.0,6884.0,13505.0
2020-10-30,13660.0,13150.0,13530.0,13478.599609375,5823.0,13478.599609375
2020-10-31,,,,,,
2020-11-01,,,,,,
2020-11-02,14065.0,13370.0,13955.0,13790.0,5042.0,13790.0
2020-11-03,13950.0,13390.0,13730.0,13845.0,3731.0,13845.0
2020-11-04,14420.0,13635.0,13925.0,14200.0,9531.0,14200.0
2020-11-05,15505.0,14165.0,14165.0,15260.0,7463.0,15260.0
2020-11-06,16155.0,15350.0,15685.0,15630.0,8143.0,15630.0
2020-11-07,,,,,,
2020-11-08,,,,,,
2020-11-09,16005.0,14880.0,15665.0,15450.0,12353.0,15450.0
2020-11-10,15595.0,15130.0,15435.0,15355.0,5971.0,15355.0
2020-11-11,16090.0,15350.0,15450.0,15805.0,6198.0,15805.0
2020-11-12,16300.0,15520.0,16000.0,16240.0,6412.0,16240.0
2020-11-13,16585.0,16025.0,16350.0,16270.0,4062.0,16270.0
2020-11-14,,,,,,
2020-11-15,,,,,,
2020-11-16,16935.0,15915.0,16035.0,16895.0,5400.0,16895.0
2020-11-17,17930.0,16620.0,16795.0,17730.0,9408.0,17730.0
2020-11-18,18540.0,17235.0,17675.0,17685.0,12925.0,17685.0
2020-11-19,18260.0,17375.0,17905.0,18095.0,6743.0,18095.0
2020-11-20,18880.0,17740.0,17910.0,18685.0,9867.0,18685.0
2020-11-21,,,,,,
2020-11-22,,,,,,
2020-11-23,18850.0,18040.0,18625.0,18410.0,12524.0,18410.0
2020-11-24,19515.0,18075.0,18455.0,19110.0,14152.0,19110.0
2020-11-25,19605.0,18640.0,19135.0,18915.0,12217.0,18915.0
2020-11-26,,,,,,
2020-11-27,,,,,,
2020-11-28,,,,,,
2020-11-29,,,,,,
2020-11-30,20260.0,18275.0,18275.0,19730.0,12034.0,19730.0
2020-12-01,20360.0,18300.0,19800.0,19275.0,13563.0,19275.0
2020-12-02,19585.0,18560.0,19155.0,19295.0,7994.0,19295.0
2020-12-03,19880.0,19070.0,19340.0,19565.0,7203.0,19565.0
2020-12-04,19750.0,18830.0,19680.0,19100.0,7567.0,19100.0
2020-12-05,,,,,,
2020-12-06,,,,,,
2020-12-07,19615.0,19020.0,19205.0,19170.0,5213.0,19170.0
2020-12-08,19475.0,18695.0,19215.0,18825.0,7325.0,18825.0
2020-12-09,18685.0,17705.0,18685.0,18420.0,6752.0,18420.0
2020-12-10,18750.0,17940.0,18630.0,18440.0,6953.0,18440.0
2020-12-11,18460.0,17575.0,18415.0,18020.0,6058.0,18020.0
2020-12-12,,,,,,
2020-12-13,,,,,,
2020-12-14,19430.0,19080.0,19155.0,19270.0,6124.0,19270.0
2020-12-15,19675.0,19120.0,19340.0,19560.0,5817.0,19560.0
2020-12-16,21430.0,19340.0,19505.0,20930.0,12919.0,20930.0
2020-12-17,23915.0,21320.0,21460.0,22870.0,16832.0,22870.0
2020-12-18,23415.0,22435.0,23050.0,22860.0,7105.0,22860.0
2020-12-19,,,,,,
2020-12-20,,,,,,
2020-12-21,24210.0,21950.0,23605.0,22880.0,12956.0,22880.0
2020-12-22,23645.0,22430.0,23260.0,23445.0,11075.0,23445.0
2020-12-23,24175.0,22800.0,23495.0,23510.0,6882.0,23510.0
2020-12-24,,,,,,
2020-12-25,,,,,,
2020-12-26,,,,,,
2020-12-27,,,,,,
2020-12-28,27900.0,26535.0,26650.0,27110.0,17470.0,27110.0
2020-12-29,27450.0,26080.0,26955.0,27210.0,7633.0,27210.0
2020-12-30,29370.0,27235.0,27315.0,29155.0,13789.0,29155.0
2020-12-31,29700.0,28230.0,29075.0,29385.0,5529.0,29385.0
2021-01-01,,,,,,
2021-01-02,,,,,,
2021-01-03,,,,,,
2021-01-04,34170.0,28440.0,33405.0,31550.0,14997.0,31550.0
2021-01-05,34680.0,30250.0,31655.0,34515.0,8153.0,34515.0
2021-01-06,37035.0,33780.0,34655.0,36565.0,19469.0,36565.0
2021-01-07,41000.0,36445.0,36445.0,39625.0,16834.0,39625.0
2021-01-08,42730.0,37000.0,40275.0,39520.0,15379.0,39520.0
2021-01-09,,,,,,
2021-01-10,,,,,,
2021-01-11,39165.0,31105.0,38925.0,33780.0,22205.0,33780.0
2021-01-12,37050.0,32780.0,34840.0,34500.0,14576.0,34500.0
2021-01-13,37580.0,32610.0,34055.0,36375.0,9785.0,36375.0
2021-01-14,40365.0,36915.0,37500.0,39605.0,10507.0,39605.0
2021-01-15,39980.0,34555.0,39205.0,35625.0,14051.0,35625.0
2021-01-16,,,,,,
2021-01-17,,,,,,
2021-01-18,,,,,,
2021-01-19,38155.0,34890.0,36250.0,36595.0,14757.0,36595.0
2021-01-20,36845.0,33435.0,36700.0,35035.0,9615.0,35035.0
2021-01-21,35740.0,30930.0,35200.0,31920.0,13373.0,31920.0
2021-01-22,33860.0,28900.0,30825.0,33580.0,12897.0,33580.0
2021-01-23,,,,,,
2021-01-24,,,,,,
2021-01-25,34930.0,32035.0,32300.0,33440.0,8771.0,33440.0
2021-01-26,32845.0,30800.0,32665.0,31950.0,8494.0,31950.0
2021-01-27,32925.0,29075.0,32655.0,31475.0,13653.0,31475.0
2021-01-28,33355.0,29860.0,30640.0,32650.0,7271.0,32650.0
2021-01-29,38755.0,32000.0,33515.0,37242.30078125,18198.0,37242.30078125
2021-01-30,,,,,,
2021-01-31,,,,,,
2021-02-01,35005.0,32530.0,33315.0,34000.0,6290.0,34000.0
2021-02-02,36370.0,33605.0,33680.0,36170.0,5830.0,36170.0
2021-02-03,37790.0,35740.0,36015.0,37390.0,4813.0,37390.0
2021-02-04,39200.0,36435.0,37660.0,37915.0,6039.0,37915.0
2021-02-05,38755.0,36895.0,37700.0,38015.0,4767.0,38015.0
2021-02-06,,,,,,
2021-02-07,,,,,,
2021-02-08,45500.0,38305.0,39025.0,44755.0,14369.0,44755.0
2021-02-09,48885.0,45175.0,45210.0,47765.0,11114.0,47765.0
2021-02-10,48060.0,43950.0,47500.0,44915.0,9743.0,44915.0
2021-02-11,49215.0,44345.0,45615.0,47525.0,9072.0,47525.0
2021-02-12,49500.0,46500.0,48000.0,48040.0,7532.0,48040.0
2021-02-13,,,,,,
2021-02-14,,,,,,
2021-02-15,,,,,,
2021-02-16,51065.0,45950.0,49415.0,48925.0,15414.0,48925.0
2021-02-17,53210.0,49115.0,49300.0,52785.0,9780.0,52785.0
2021-02-18,53080.0,51250.0,52680.0,52340.0,8340.0,52340.0
2021-02-19,56575.0,50695.0,52035.0,55530.0,11457.0,55530.0
2021-02-20,,,,,,
2021-02-21,,,,,,
2021-02-22,57790.0,48320.0,57450.0,53720.0,18519.0,53720.0
2021-02-23,54515.0,44900.0,54515.0,47660.0,18212.0,47660.0
2021-02-24,51310.0,47010.0,48450.0,49135.0,8076.0,49135.0
2021-02-25,52040.0,48010.0,48810.0,49120.0,7065.0,49120.0
2021-02-26,48300.0,44270.0,48165.0,47001.6015625,10550.0,47001.6015625
2021-02-27,,,,,,
2021-02-28,,,,,,
2021-03-01,49985.0,45150.0,45500.0,48870.0,7199.0,48870.0
2021-03-02,50550.0,47245.0,49425.0,47820.0,5993.0,47820.0
2021-03-03,53000.0,47955.0,48035.0,50900.0,6344.0,50900.0
2021-03-04,52190.0,47425.0,50970.0,48310.0,11795.0,48310.0
2021-03-05,49745.0,46295.0,48125.0,49555.0,8929.0,49555.0
2021-03-06,,,,,,
2021-03-07,,,,,,
2021-03-08,52425.0,49500.0,50580.0,52145.0,7528.0,52145.0
2021-03-09,55265.0,51895.0,51995.0,54720.0,5572.0,54720.0
2021-03-10,57815.0,53430.0,54530.0,56620.0,7098.0,56620.0
2021-03-11,58390.0,54685.0,56980.0,57955.0,7793.0,57955.0
2021-03-12,58725.0,55380.0,58365.0,57075.0,7966.0,57075.0
2021-03-13,,,,,,
2021-03-14,,,,,,
2021-03-15,61255.0,54915.0,58755.0,56900.0,10372.0,56900.0
2021-03-16,57175.0,53475.0,57005.0,55910.0,7097.0,55910.0
2021-03-17,58490.0,54285.0,56695.0,57980.0,7704.0,57980.0
2021-03-18,60280.0,57090.0,58500.0,57365.0,9656.0,57365.0
2021-03-19,59575.0,56315.0,57950.0,58975.0,6553.0,58975.0
