Timestamp,total-bitcoins
2017-09-05 00:15:59,16544412.5
2017-09-05 14:00:07,16545775
2017-09-06 02:39:25,16547137.5
2017-09-06 19:04:51,16548500
2017-09-07 09:11:06,16549850
2017-09-08 00:54:00,16551212.5
2017-09-08 16:47:06,16552600
2017-09-09 07:22:12,16553962.5
2017-09-09 23:12:51,16555325
2017-09-10 17:08:28,16556675
2017-09-11 10:24:34,16558037.5
2017-09-12 00:45:27,16559387.5
2017-09-12 15:18:55,16560737.5
2017-09-13 05:31:55,16562087.5
2017-09-13 18:54:47,16563475
2017-09-14 08:17:07,16564837.5
2017-09-15 00:36:46,16566225
2017-09-15 12:45:07,16567575
2017-09-16 06:00:06,16568937.5
2017-09-16 20:47:23,16570287.5
2017-09-17 12:29:47,16571637.5
2017-09-18 03:09:32,16572987.5
2017-09-18 23:41:41,16574337.5
2017-09-19 17:18:48,16575687.5
2017-09-20 15:32:48,16577062.5
2017-09-21 07:37:24,16578412.5
2017-09-21 21:52:56,16579762.5
2017-09-22 14:53:45,16581112.5
2017-09-23 09:35:25,16582462.5
2017-09-24 00:42:02,16583825
2017-09-24 18:26:57,16585175
2017-09-25 15:26:32,16586537.5
2017-09-26 09:55:00,16587900
2017-09-27 03:41:52,16589250
2017-09-27 21:59:05,16590600
2017-09-28 14:06:42,16591962.5
2017-09-29 06:02:46,16593312.5
2017-09-29 20:20:46,16594662.5
2017-09-30 11:42:07,16596012.5
2017-10-01 10:32:13,16597362.5
2017-10-02 05:31:30,16598712.5
2017-10-02 21:53:19,16600062.5
2017-10-03 11:39:19,16601437.5
2017-10-04 02:40:25,16602800
2017-10-04 23:03:58,16604175
2017-10-05 22:30:13,16605550
2017-10-06 13:05:50,16606900
2017-10-07 07:18:56,16608262.5
2017-10-07 22:28:55,16609625
2017-10-08 12:54:31,16610975
2017-10-09 04:15:08,16612350
2017-10-09 20:45:43,16613712.5
2017-10-10 11:08:54,16615075
2017-10-11 06:32:38,16616425
2017-10-12 00:10:07,16617787.5
2017-10-12 15:40:41,16619137.5
2017-10-13 13:08:19,16620487.5
2017-10-14 06:06:33,16621837.5
2017-10-15 00:45:37,16623200
2017-10-15 13:44:32,16624562.5
2017-10-16 03:09:36,16625912.5
2017-10-16 18:37:58,16627262.5
2017-10-17 09:48:54,16628637.5
2017-10-18 02:26:19,16630000
2017-10-18 19:47:31,16631350
2017-10-19 13:18:19,16632712.5
2017-10-20 01:36:30,16634062.5
2017-10-20 14:05:06,16635412.5
2017-10-21 08:09:23,16636762.5
2017-10-22 00:14:01,16638125
2017-10-22 14:30:05,16639475
2017-10-23 05:17:18,16640825
2017-10-23 20:37:16,16642175
2017-10-24 11:19:13,16643525
2017-10-25 03:12:50,16644887.5
2017-10-25 17:48:16,16646237.5
2017-10-26 07:06:30,16647587.5
2017-10-26 19:03:49,16648975
2017-10-27 22:25:02,16650325
2017-10-29 02:19:05,16651675
2017-10-29 18:52:34,16653025
2017-10-30 13:27:56,16654387.5
2017-10-31 05:41:02,16655737.5
2017-11-01 02:52:14,16657087.5
2017-11-01 18:11:44,16658450
2017-11-02 11:41:12,16659812.5
2017-11-03 06:18:37,16661162.5
2017-11-04 05:17:07,16662512.5
2017-11-04 23:33:21,16663887.5
2017-11-05 17:54:58,16665250
2017-11-06 11:08:01,16666612.5
2017-11-07 08:13:10,16667962.5
2017-11-08 00:15:50,16669312.5
2017-11-08 17:28:50,16670662.5
2017-11-09 12:34:15,16672037.5
2017-11-10 06:37:05,16673387.5
2017-11-11 05:45:27,16674737.5
2017-11-12 19:05:56,16676087.5
2017-11-13 11:52:54,16677437.5
2017-11-14 08:16:53,16678812.5
2017-11-15 03:47:37,16680175
2017-11-15 21:10:21,16681525
2017-11-16 14:46:51,16682875
2017-11-17 06:29:14,16684225
2017-11-17 21:51:05,16685587.5
2017-11-18 17:36:08,16686950
2017-11-19 09:19:45,16688300
2017-11-20 03:24:11,16689662.5
2017-11-20 17:56:53,16691025
2017-11-21 08:47:50,16692387.5
2017-11-21 23:29:41,16693762.5
2017-11-22 16:48:59,16695125
2017-11-23 11:17:23,16696475
2017-11-24 03:57:12,16697837.5
2017-11-24 19:34:42,16699200
2017-11-25 13:07:04,16700550
2017-11-26 06:17:14,16701912.5
2017-11-26 23:38:21,16703287.5
2017-11-27 15:13:22,16704637.5
2017-11-28 07:01:55,16705987.5
2017-11-28 22:53:25,16707337.5
2017-11-29 13:49:32,16708700
2017-11-30 05:17:04,16710075
2017-11-30 21:48:55,16711425
2017-12-01 12:23:29,16712775
2017-12-02 01:28:56,16714125
2017-12-02 17:51:03,16715475
2017-12-03 10:47:41,16716837.5
2017-12-04 00:19:17,16718200
2017-12-04 15:38:59,16719562.5
2017-12-05 06:19:09,16720925
2017-12-05 19:24:59,16722300
2017-12-06 08:49:25,16723650
2017-12-07 00:35:35,16725012.5
2017-12-07 18:02:17,16726362.5
2017-12-08 10:40:31,16727712.5
2017-12-09 02:32:38,16729062.5
2017-12-09 18:33:12,16730425
2017-12-10 08:41:45,16731775
2017-12-11 01:26:10,16733162.5
2017-12-11 16:25:29,16734525
2017-12-12 07:20:43,16735875
2017-12-13 00:58:28,16737250
2017-12-13 15:27:16,16738600
2017-12-14 04:56:31,16739975
2017-12-14 19:00:50,16741337.5
2017-12-15 10:14:47,16742700
2017-12-16 02:07:52,16744050
2017-12-16 18:09:45,16745400
2017-12-17 07:32:31,16746762.5
2017-12-17 21:31:22,16748112.5
2017-12-18 12:32:11,16749462.5
2017-12-19 03:01:35,16750825
2017-12-19 21:45:37,16752175
2017-12-20 15:52:07,16753525
2017-12-21 10:06:10,16754875
2017-12-22 06:18:48,16756262.5
2017-12-22 23:07:26,16757612.5
2017-12-23 17:21:49,16758962.5
2017-12-24 12:18:27,16760312.5
2017-12-25 04:07:43,16761662.5
2017-12-26 00:28:12,16763025
2017-12-26 19:09:39,16764375
2017-12-27 11:05:51,16765750
2017-12-28 04:22:28,16767100
2017-12-28 22:15:25,16768450
2017-12-29 14:59:08,16769812.5
2017-12-30 08:23:44,16771162.5
2017-12-31 00:20:54,16772512.5
2017-12-31 16:22:44,16773875
2018-01-01 07:59:03,16775237.5
2018-01-02 01:17:50,16776587.5
2018-01-02 16:48:17,16777962.5
2018-01-03 10:50:14,16779325
2018-01-04 01:04:17,16780687.5
2018-01-04 16:08:28,16782037.5
2018-01-05 09:17:08,16783387.5
2018-01-06 03:26:11,16784737.5
2018-01-06 17:46:58,16786087.5
2018-01-07 10:07:24,16787437.5
2018-01-08 02:22:20,16788787.5
2018-01-08 17:50:40,16790150
2018-01-09 10:16:39,16791512.5
2018-01-10 01:13:49,16792887.5
2018-01-10 16:20:21,16794237.5
2018-01-11 08:19:47,16795600
2018-01-11 21:00:59,16796950
2018-01-12 12:46:11,16798300
2018-01-13 03:38:10,16799650
2018-01-13 18:32:34,16801000
2018-01-14 13:05:34,16802350
2018-01-15 08:22:08,16803700
2018-01-15 23:37:53,16805050
2018-01-16 17:09:45,16806400
2018-01-17 06:58:03,16807775
2018-01-17 23:41:27,16809150
2018-01-18 14:33:18,16810500
2018-01-19 08:15:01,16811862.5
2018-01-19 22:22:51,16813212.5
2018-01-20 12:08:31,16814600
2018-01-21 03:02:33,16815950
2018-01-21 17:13:53,16817300
2018-01-22 07:34:45,16818650
2018-01-22 23:29:20,16820012.5
2018-01-23 12:26:31,16821362.5
2018-01-24 04:30:20,16822712.5
2018-01-24 19:26:15,16824062.5
2018-01-25 09:29:37,16825412.5
2018-01-26 05:15:57,16826775
2018-01-26 20:11:16,16828125
2018-01-27 12:07:50,16829475
2018-01-28 07:08:40,16830825
2018-01-28 23:14:00,16832200
2018-01-29 17:42:58,16833550
2018-01-30 07:05:59,16834912.5
2018-01-31 00:18:13,16836275
2018-01-31 22:13:05,16837637.5
2018-02-01 16:30:18,16839012.5
2018-02-02 07:18:16,16840362.5
2018-02-02 22:17:51,16841712.5
2018-02-03 14:57:41,16843062.5
2018-02-04 07:57:14,16844425
2018-02-04 22:18:27,16845787.5
2018-02-05 11:18:26,16847137.5
2018-02-06 01:35:49,16848500
2018-02-06 17:43:35,16849850
2018-02-07 12:27:04,16851200
2018-02-08 04:32:32,16852550
2018-02-09 01:14:45,16853900
2018-02-09 19:57:28,16855250
2018-02-10 17:45:18,16856625
2018-02-11 07:25:27,16858000
2018-02-12 01:30:12,16859350
2018-02-12 18:55:35,16860712.5
2018-02-13 09:30:44,16862062.5
2018-02-14 01:11:35,16863412.5
2018-02-14 16:57:04,16864762.5
2018-02-15 10:08:28,16866125
2018-02-16 03:22:09,16867475
2018-02-16 21:03:04,16868825
2018-02-17 12:32:55,16870175
2018-02-18 06:02:06,16871550
2018-02-18 21:37:22,16872900
2018-02-19 13:48:46,16874262.5
2018-02-20 08:29:43,16875637.5
2018-02-21 01:31:09,16876987.5
2018-02-21 16:50:46,16878337.5
2018-02-22 08:41:31,16879687.5
2018-02-23 02:29:53,16881037.5
2018-02-23 21:01:34,16882387.5
2018-02-24 14:58:23,16883750
2018-02-25 06:45:47,16885100
2018-02-25 22:02:18,16886462.5
2018-02-26 18:30:55,16887812.5
2018-02-27 09:36:25,16889175
2018-02-28 01:16:46,16890525
2018-02-28 17:30:09,16891900
2018-03-01 10:57:13,16893250
2018-03-02 02:53:53,16894625
2018-03-02 19:55:21,16895987.5
2018-03-03 11:36:16,16897350
2018-03-04 02:33:42,16898700
2018-03-04 18:44:14,16900050
2018-03-05 11:30:59,16901400
2018-03-06 05:27:04,16902750
2018-03-06 22:37:06,16904100
2018-03-07 13:44:42,16905462.5
2018-03-08 07:32:50,16906812.5
2018-03-08 23:36:43,16908175
2018-03-09 16:56:06,16909550
2018-03-10 09:49:00,16910900
2018-03-11 06:24:00,16912250
2018-03-11 23:26:05,16913625
2018-03-12 14:55:15,16914975
2018-03-13 06:43:47,16916325
2018-03-13 23:31:27,16917687.5
2018-03-14 18:02:05,16919062.5
2018-03-15 11:19:33,16920412.5
2018-03-16 06:14:02,16921762.5
2018-03-16 22:34:19,16923112.5
2018-03-17 14:36:45,16924462.5
2018-03-18 10:03:06,16925825
2018-03-19 01:29:49,16927175
2018-03-19 18:57:59,16928537.5
2018-03-20 15:26:16,16929900
2018-03-21 07:47:21,16931262.5
2018-03-22 03:15:02,16932612.5
2018-03-22 19:35:49,16933962.5
2018-03-23 16:52:34,16935312.5
2018-03-24 10:01:50,16936675
2018-03-25 02:43:03,16938037.5
2018-03-25 22:20:01,16939400
2018-03-26 16:05:44,16940762.5
2018-03-27 08:18:25,16942112.5
2018-03-28 02:35:50,16943462.5
2018-03-28 21:15:29,16944825
2018-03-29 14:51:23,16946200
2018-03-30 07:10:43,16947550
2018-03-30 23:48:19,16948900
2018-03-31 20:46:57,16950262.5
2018-04-01 12:47:23,16951612.5
2018-04-02 05:57:50,16952962.5
2018-04-02 21:35:59,16954325
2018-04-03 14:10:13,16955687.5
2018-04-04 07:55:21,16957037.5
2018-04-05 00:55:41,16958400
2018-04-05 17:54:51,16959750
2018-04-06 12:01:10,16961100
2018-04-07 03:20:33,16962475
2018-04-07 18:12:29,16963825
2018-04-08 10:39:15,16965187.5
2018-04-09 03:14:20,16966537.5
2018-04-09 20:57:32,16967887.5
2018-04-10 13:44:49,16969250
2018-04-11 04:06:13,16970612.5
2018-04-11 21:51:21,16971962.5
2018-04-12 14:28:00,16973325
2018-04-13 05:51:41,16974675
2018-04-13 22:49:43,16976025
2018-04-14 14:33:14,16977375
2018-04-15 09:18:26,16978737.5
2018-04-16 02:07:05,16980087.5
2018-04-16 20:28:42,16981437.5
2018-04-17 13:14:45,16982787.5
2018-04-18 05:04:31,16984150
2018-04-18 21:04:04,16985500
2018-04-19 12:03:03,16986850
2018-04-20 02:51:25,16988200
2018-04-20 20:36:33,16989550
2018-04-21 14:39:07,16990937.5
2018-04-22 07:49:34,16992300
2018-04-23 00:09:45,16993650
2018-04-23 15:59:31,16995000
2018-04-24 09:57:36,16996350
2018-04-25 02:11:58,16997712.5
2018-04-25 22:58:55,16999062.5
2018-04-26 17:27:42,17000412.5
2018-04-27 13:02:30,17001762.5
2018-04-28 09:14:52,17003125
2018-04-29 02:50:34,17004487.5
2018-04-29 19:50:09,17005850
2018-04-30 12:57:56,17007200
2018-05-01 05:20:21,17008550
2018-05-01 22:09:13,17009912.5
2018-05-02 16:24:09,17011275
2018-05-03 09:16:30,17012625
2018-05-04 03:07:26,17013975
2018-05-04 20:54:20,17015337.5
2018-05-05 14:53:31,17016700
2018-05-06 06:20:34,17018075
2018-05-07 03:57:06,17019425
2018-05-07 20:55:57,17020787.5
2018-05-08 16:13:07,17022137.5
2018-05-09 07:56:28,17023487.5
2018-05-10 00:40:16,17024862.5
2018-05-10 16:37:05,17026250
2018-05-11 13:58:44,17027600
2018-05-12 08:44:56,17028975
2018-05-12 22:52:39,17030325
2018-05-13 16:12:28,17031675
2018-05-14 14:07:37,17033037.5
2018-05-15 05:56:13,17034387.5
2018-05-16 00:04:26,17035737.5
2018-05-16 15:39:31,17037100
2018-05-17 06:18:01,17038475
2018-05-18 03:16:34,17039837.5
2018-05-18 21:10:44,17041187.5
2018-05-19 13:45:55,17042550
2018-05-20 06:49:52,17043900
2018-05-21 00:44:41,17045250
2018-05-21 19:20:29,17046625
2018-05-22 08:54:00,17047975
2018-05-23 04:44:27,17049325
2018-05-23 20:44:19,17050675
2018-05-24 13:39:35,17052037.5
2018-05-25 04:41:32,17053387.5
2018-05-25 21:21:57,17054737.5
2018-05-26 13:41:23,17056087.5
2018-05-27 04:34:09,17057450
2018-05-27 20:07:26,17058800
2018-05-28 13:21:06,17060162.5
2018-05-29 06:04:32,17061525
2018-05-30 01:34:14,17062875
2018-05-30 16:17:24,17064225
2018-05-31 08:05:22,17065587.5
2018-05-31 22:40:54,17066950
2018-06-01 15:22:33,17068300
2018-06-02 04:39:24,17069650
2018-06-02 23:33:15,17071000
2018-06-03 15:09:55,17072362.5
2018-06-04 07:46:14,17073725
2018-06-04 19:57:06,17075075
2018-06-05 09:48:08,17076425
2018-06-06 01:34:07,17077775
2018-06-06 20:46:38,17079137.5
2018-06-07 15:22:49,17080487.5
2018-06-08 08:03:46,17081850
2018-06-09 01:21:57,17083200
2018-06-09 19:31:22,17084562.5
2018-06-10 16:21:52,17085925
2018-06-11 11:35:24,17087275
2018-06-12 05:51:44,17088625
2018-06-13 00:25:35,17089987.5
2018-06-13 17:55:08,17091337.5
2018-06-14 10:33:07,17092700
2018-06-15 06:20:13,17094062.5
2018-06-15 21:52:22,17095437.5
2018-06-16 14:06:53,17096787.5
2018-06-17 05:07:30,17098150
2018-06-17 22:48:49,17099512.5
2018-06-18 14:01:08,17100862.5
2018-06-19 07:15:42,17102212.5
2018-06-19 23:37:52,17103562.5
2018-06-20 17:11:23,17104912.5
2018-06-21 08:31:21,17106275
2018-06-21 23:42:31,17107625
2018-06-22 16:47:46,17108975
2018-06-23 11:41:05,17110350
2018-06-24 02:14:46,17111737.5
2018-06-24 16:39:04,17113100
2018-06-25 09:49:29,17114462.5
2018-06-26 02:56:52,17115825
2018-06-26 20:35:47,17117175
2018-06-27 16:13:05,17118525
2018-06-28 11:06:01,17119875
2018-06-29 05:06:29,17121250
2018-06-29 21:49:50,17122600
2018-06-30 16:42:03,17123962.5
2018-07-01 09:38:21,17125325
2018-07-02 02:30:40,17126675
2018-07-02 20:30:58,17128037.5
2018-07-03 19:34:23,17129400
2018-07-04 15:09:23,17130750
2018-07-05 11:55:52,17132112.5
2018-07-06 05:44:46,17133462.5
2018-07-06 21:22:32,17134825
2018-07-07 14:23:53,17136200
2018-07-08 08:33:41,17137562.5
2018-07-08 23:23:15,17138912.5
2018-07-09 18:44:22,17140262.5
2018-07-10 13:07:13,17141625
2018-07-11 06:31:52,17143000
2018-07-12 01:38:51,17144362.5
2018-07-12 20:22:44,17145725
2018-07-13 14:02:04,17147100
2018-07-14 10:29:56,17148450
2018-07-15 06:04:51,17149812.5
2018-07-16 00:51:45,17151162.5
2018-07-16 22:26:38,17152512.5
2018-07-17 15:09:19,17153875
2018-07-18 07:20:51,17155275
2018-07-18 22:24:38,17156625
2018-07-19 14:38:08,17157975
2018-07-20 05:31:56,17159325
2018-07-20 22:24:43,17160675
2018-07-21 15:14:15,17162037.5
2018-07-22 09:26:04,17163400
2018-07-22 23:27:57,17164762.5
2018-07-23 14:25:43,17166112.5
2018-07-24 06:40:45,17167475
2018-07-24 23:33:09,17168825
2018-07-25 14:38:47,17170175
2018-07-26 04:07:26,17171537.5
2018-07-26 21:57:59,17172887.5
2018-07-27 14:45:19,17174250
2018-07-28 06:22:50,17175612.5
2018-07-28 23:21:25,17176987.5
2018-07-29 13:25:46,17178350
2018-07-30 08:52:59,17179700
2018-07-31 02:08:57,17181050
2018-07-31 21:09:31,17182400
2018-08-01 13:52:11,17183750
2018-08-02 05:50:08,17185112.5
2018-08-03 00:06:21,17186462.5
2018-08-03 16:07:31,17187812.5
2018-08-04 06:49:48,17189162.5
2018-08-04 21:23:43,17190512.5
2018-08-05 13:33:28,17191862.5
2018-08-06 06:46:52,17193225
2018-08-07 02:10:21,17194575
2018-08-07 20:43:02,17195937.5
2018-08-08 13:47:02,17197287.5
2018-08-09 06:28:09,17198650
2018-08-09 23:07:16,17200000
2018-08-10 14:38:27,17201350
2018-08-11 04:41:54,17202712.5
2018-08-11 20:01:57,17204075
2018-08-12 12:41:31,17205425
2018-08-13 05:51:18,17206775
2018-08-13 23:34:04,17208137.5
2018-08-14 18:30:52,17209487.5
2018-08-15 10:58:52,17210837.5
2018-08-16 03:56:47,17212200
2018-08-16 20:27:44,17213550
2018-08-17 13:32:13,17214900
2018-08-18 05:34:48,17216250
2018-08-18 21:15:59,17217612.5
2018-08-19 14:51:34,17218962.5
2018-08-20 09:16:21,17220325
2018-08-21 03:07:33,17221700
2018-08-21 19:47:07,17223050
2018-08-22 12:45:19,17224425
2018-08-23 07:18:52,17225787.5
2018-08-23 23:08:50,17227137.5
2018-08-24 17:56:14,17228487.5
2018-08-25 11:52:47,17229850
2018-08-26 04:05:21,17231200
2018-08-26 19:36:36,17232562.5
2018-08-27 12:11:22,17233925
2018-08-28 01:33:19,17235287.5
2018-08-28 18:46:21,17236637.5
2018-08-29 12:47:45,17237987.5
2018-08-30 04:56:00,17239337.5
2018-08-30 23:04:51,17240687.5
2018-08-31 17:43:28,17242037.5
2018-09-01 08:54:59,17243387.5
2018-09-02 01:29:58,17244737.5
2018-09-02 19:56:52,17246087.5
2018-09-03 13:18:33,17247437.5
2018-09-04 09:12:41,17248787.5
2018-09-05 06:56:35,17250137.5
2018-09-06 00:33:45,17251487.5
2018-09-06 17:22:53,17252837.5
2018-09-07 10:40:12,17254187.5
2018-09-08 03:55:13,17255550
2018-09-08 20:40:19,17256900
2018-09-09 15:12:46,17258250
2018-09-10 06:49:36,17259612.5
2018-09-11 01:29:22,17260975
2018-09-11 21:28:20,17262325
2018-09-12 12:35:39,17263687.5
2018-09-13 04:47:36,17265037.5
2018-09-13 22:47:43,17266387.5
2018-09-14 20:02:43,17267750
2018-09-15 14:02:09,17269100
2018-09-16 08:37:08,17270450
2018-09-17 03:13:21,17271812.5
2018-09-17 21:56:29,17273162.5
2018-09-18 15:34:01,17274512.5
2018-09-19 08:54:40,17275875
2018-09-20 02:36:40,17277262.5
2018-09-20 18:36:17,17278612.5
2018-09-21 14:32:09,17279962.5
2018-09-22 06:24:51,17281337.5
2018-09-22 23:20:21,17282687.5
2018-09-23 17:53:22,17284037.5
2018-09-24 11:15:49,17285387.5
2018-09-25 03:06:55,17286750
2018-09-25 20:02:40,17288125
2018-09-26 11:09:27,17289487.5
2018-09-27 07:24:28,17290850
2018-09-28 02:04:12,17292200
2018-09-28 18:08:53,17293550
2018-09-29 11:15:19,17294912.5
2018-09-30 04:16:02,17296262.5
2018-09-30 20:07:23,17297612.5
2018-10-01 12:43:02,17298975
2018-10-02 05:03:21,17300325
2018-10-03 00:26:37,17301687.5
2018-10-03 17:48:04,17303037.5
2018-10-04 12:55:32,17304387.5
2018-10-05 06:06:37,17305750
2018-10-06 02:05:12,17307100
2018-10-06 23:36:57,17308462.5
2018-10-07 15:44:42,17309837.5
2018-10-08 13:12:50,17311200
2018-10-09 11:04:02,17312550
2018-10-10 03:22:18,17313900
2018-10-10 22:35:12,17315250
2018-10-11 15:40:24,17316625
2018-10-12 08:42:14,17317975
2018-10-13 04:07:34,17319325
2018-10-13 22:39:49,17320687.5
2018-10-14 21:48:43,17322037.5
2018-10-15 13:56:41,17323400
2018-10-16 07:34:37,17324750
2018-10-17 02:30:07,17326100
2018-10-17 21:50:11,17327462.5
2018-10-18 16:05:41,17328825
2018-10-19 11:29:57,17330175
2018-10-20 05:30:13,17331537.5
2018-10-20 23:07:23,17332900
2018-10-21 17:14:56,17334250
2018-10-22 10:27:23,17335600
2018-10-23 02:23:35,17336950
2018-10-23 20:25:17,17338300
2018-10-24 18:53:50,17339650
2018-10-25 17:33:36,17341000
2018-10-26 10:38:54,17342362.5
2018-10-27 03:43:06,17343712.5
2018-10-27 22:32:18,17345075
2018-10-28 17:55:53,17346425
2018-10-29 10:27:09,17347775
2018-10-30 05:29:55,17349137.5
2018-10-30 22:51:42,17350487.5
2018-10-31 15:04:28,17351837.5
2018-11-01 05:35:32,17353187.5
2018-11-01 22:59:19,17354550
2018-11-02 17:54:01,17355912.5
2018-11-03 10:49:41,17357275
2018-11-04 03:56:37,17358625
2018-11-05 00:15:03,17359975
2018-11-05 19:08:42,17361337.5
2018-11-06 14:02:48,17362687.5
2018-11-07 09:50:51,17364050
2018-11-08 05:58:57,17365400
2018-11-09 03:19:41,17366750
2018-11-10 00:19:10,17368100
2018-11-10 21:34:48,17369462.5
2018-11-11 14:25:25,17370825
2018-11-12 10:05:23,17372175
2018-11-13 04:19:10,17373537.5
2018-11-14 01:33:42,17374887.5
2018-11-14 22:02:17,17376250
2018-11-15 17:11:17,17377600
2018-11-16 15:37:25,17378950
2018-11-17 08:37:40,17380300
2018-11-18 03:04:45,17381675
2018-11-19 00:26:49,17383025
2018-11-19 21:38:55,17384375
2018-11-20 17:15:06,17385737.5
2018-11-21 15:37:49,17387087.5
2018-11-22 12:58:01,17388437.5
2018-11-23 12:01:27,17389787.5
2018-11-24 08:27:20,17391150
2018-11-25 01:22:22,17392512.5
2018-11-25 22:36:26,17393875
2018-11-26 21:59:05,17395225
2018-11-27 18:05:35,17396575
2018-11-28 12:54:42,17397925
2018-11-29 16:49:58,17399275
2018-11-30 16:48:22,17400637.5
2018-12-01 14:21:57,17402000
2018-12-02 12:51:12,17403350
2018-12-03 09:36:35,17404700
2018-12-04 08:31:38,17406062.5
2018-12-05 03:05:49,17407425
2018-12-05 22:43:17,17408775
2018-12-06 18:59:30,17410125
2018-12-07 17:02:09,17411487.5
2018-12-08 13:42:22,17412837.5
2018-12-09 12:24:39,17414187.5
2018-12-10 07:36:51,17415537.5
2018-12-11 03:41:27,17416900
2018-12-12 00:36:48,17418250
2018-12-12 21:56:54,17419600
2018-12-13 19:02:51,17420975
2018-12-14 13:01:30,17422337.5
2018-12-15 06:23:09,17423700
2018-12-16 00:06:07,17425050
2018-12-16 22:13:13,17426400
2018-12-17 16:23:40,17427750
2018-12-18 08:59:47,17429100
2018-12-19 04:59:20,17430450
2018-12-19 22:25:19,17431800
2018-12-20 15:38:41,17433150
2018-12-21 12:16:10,17434500
2018-12-22 04:58:00,17435850
2018-12-22 21:10:28,17437212.5
2018-12-23 11:23:06,17438562.5
2018-12-24 02:14:55,17439925
2018-12-24 18:56:40,17441275
2018-12-25 12:21:31,17442662.5
2018-12-26 05:20:40,17444012.5
2018-12-26 20:43:57,17445362.5
2018-12-27 11:27:38,17446712.5
2018-12-28 03:11:17,17448062.5
2018-12-28 19:44:01,17449425
2018-12-29 11:30:06,17450775
2018-12-30 07:12:59,17452137.5
2018-12-30 20:09:11,17453500
2018-12-31 13:15:56,17454862.5
2019-01-01 06:30:09,17456212.5
2019-01-01 23:28:50,17457575
2019-01-02 17:20:37,17458925
2019-01-03 11:32:57,17460312.5
2019-01-04 02:44:31,17461675
2019-01-04 20:44:36,17463025
2019-01-05 11:30:54,17464375
2019-01-06 05:42:46,17465750
2019-01-07 00:12:23,17467137.5
2019-01-07 17:56:04,17468487.5
2019-01-08 10:57:03,17469900
2019-01-09 04:16:02,17471250
2019-01-09 20:11:14,17472625
2019-01-10 12:03:19,17473987.5
2019-01-11 04:14:55,17475337.5
2019-01-11 22:20:40,17476687.5
2019-01-12 15:40:51,17478050
2019-01-13 12:07:04,17479400
2019-01-14 05:42:21,17480762.5
2019-01-14 23:49:06,17482112.5
2019-01-15 19:38:37,17483475
2019-01-16 16:03:12,17484825
2019-01-17 10:40:38,17486175
2019-01-18 07:59:12,17487537.5
2019-01-19 01:37:39,17488887.5
2019-01-19 22:41:38,17490262.5
2019-01-20 13:43:27,17491612.5
2019-01-21 09:21:13,17492962.5
2019-01-22 01:17:48,17494337.5
2019-01-22 21:57:41,17495687.5
2019-01-23 14:32:31,17497037.5
2019-01-24 09:26:51,17498400
2019-01-25 00:18:28,17499762.5
2019-01-25 20:31:07,17501112.5
2019-01-26 14:45:03,17502487.5
2019-01-27 07:55:16,17503837.5
2019-01-28 02:16:44,17505225
2019-01-28 20:40:37,17506575
2019-01-29 15:12:57,17507937.5
2019-01-30 07:59:33,17509287.5
2019-01-31 03:42:07,17510637.5
2019-01-31 19:52:16,17511987.5
2019-02-01 12:48:56,17513337.5
2019-02-02 05:40:34,17514700
2019-02-02 23:05:25,17516050
2019-02-03 19:09:50,17517412.5
2019-02-04 12:40:15,17518775
2019-02-05 06:32:56,17520125
2019-02-06 00:04:44,17521487.5
2019-02-06 15:41:19,17522837.5
2019-02-07 07:31:03,17524187.5
2019-02-07 21:33:59,17525537.5
2019-02-08 12:48:47,17526900
2019-02-09 06:41:32,17528250
2019-02-09 23:34:32,17529600
2019-02-10 18:27:19,17530962.5
2019-02-11 11:51:22,17532312.5
2019-02-12 06:46:02,17533675
2019-02-13 04:17:31,17535050
2019-02-13 20:39:14,17536400
2019-02-14 13:27:17,17537762.5
2019-02-15 07:47:19,17539125
2019-02-16 07:12:38,17540475
2019-02-16 23:21:12,17541837.5
2019-02-17 15:18:49,17543187.5
2019-02-18 07:47:01,17544537.5
2019-02-19 00:44:16,17545912.5
2019-02-19 17:30:36,17547262.5
2019-02-20 12:38:11,17548612.5
2019-02-21 07:51:06,17549975
2019-02-22 04:50:22,17551337.5
2019-02-22 21:30:55,17552687.5
2019-02-23 14:06:38,17554037.5
2019-02-24 09:47:33,17555400
2019-02-25 03:47:32,17556750
2019-02-25 22:17:14,17558100
2019-02-26 15:48:32,17559462.5
2019-02-27 11:12:54,17560812.5
2019-02-28 02:48:50,17562162.5
2019-02-28 20:31:14,17563525
2019-03-01 09:47:03,17564875
2019-03-02 04:41:09,17566225
2019-03-03 00:12:28,17567600
2019-03-03 17:26:57,17568950
2019-03-04 12:26:08,17570300
2019-03-05 07:33:10,17571650
2019-03-06 01:06:07,17573000
2019-03-06 21:04:25,17574362.5
2019-03-07 15:46:44,17575712.5
2019-03-08 09:18:09,17577100
2019-03-09 05:05:10,17578475
2019-03-09 23:06:25,17579825
2019-03-10 16:35:20,17581175
2019-03-11 12:52:55,17582525
2019-03-12 07:32:35,17583875
2019-03-13 00:56:33,17585237.5
2019-03-13 21:03:09,17586587.5
2019-03-14 15:17:05,17587937.5
2019-03-15 06:31:19,17589300
2019-03-15 23:51:24,17590662.5
2019-03-16 16:20:35,17592050
2019-03-17 07:33:44,17593400
2019-03-18 02:37:21,17594750
2019-03-18 18:32:26,17596125
2019-03-19 10:05:09,17597487.5
2019-03-20 01:17:59,17598875
2019-03-20 19:22:24,17600225
2019-03-21 13:34:21,17601575
2019-03-22 04:42:39,17602937.5
2019-03-22 21:40:54,17604287.5
2019-03-23 14:47:16,17605650
2019-03-24 06:33:59,17607000
2019-03-25 01:41:57,17608350
2019-03-25 20:02:40,17609712.5
2019-03-26 12:36:11,17611075
2019-03-27 08:04:39,17612425
2019-03-28 02:03:57,17613787.5
2019-03-28 20:49:08,17615150
2019-03-29 13:25:20,17616512.5
2019-03-30 06:31:09,17617862.5
2019-03-31 03:58:56,17619212.5
2019-03-31 20:59:55,17620562.5
2019-04-01 15:58:45,17621912.5
2019-04-02 09:31:47,17623275
2019-04-03 02:25:35,17624625
2019-04-03 21:19:42,17625987.5
2019-04-04 16:31:14,17627362.5
2019-04-05 10:13:46,17628725
2019-04-06 01:56:34,17630087.5
2019-04-06 21:52:43,17631437.5
2019-04-07 17:33:53,17632787.5
2019-04-08 10:50:38,17634150
2019-04-09 03:47:18,17635500
2019-04-09 23:34:00,17636850
2019-04-10 17:05:46,17638200
2019-04-11 08:53:13,17639550
2019-04-12 02:56:03,17640900
2019-04-12 19:14:02,17642250
2019-04-13 14:53:06,17643600
2019-04-14 09:50:00,17644950
2019-04-15 07:58:21,17646300
2019-04-16 00:30:57,17647662.5
2019-04-16 19:15:35,17649012.5
2019-04-17 14:07:50,17650362.5
2019-04-18 08:20:37,17651750
2019-04-19 00:56:32,17653100
2019-04-19 18:40:57,17654462.5
2019-04-20 13:31:51,17655812.5
2019-04-21 05:17:50,17657187.5
2019-04-21 23:36:58,17658562.5
2019-04-22 18:59:08,17659925
2019-04-23 17:13:27,17661275
2019-04-24 10:32:17,17662625
2019-04-25 04:20:20,17664000
2019-04-25 21:38:51,17665350
2019-04-26 14:57:58,17666700
2019-04-27 07:15:14,17668050
2019-04-28 02:45:58,17669400
2019-04-28 19:42:30,17670750
2019-04-29 12:10:55,17672125
2019-04-30 03:20:12,17673487.5
2019-04-30 22:38:04,17674850
2019-05-01 14:32:19,17676212.5
2019-05-02 05:44:16,17677587.5
2019-05-02 18:47:35,17678937.5
2019-05-03 11:03:26,17680300
2019-05-04 04:55:46,17681675
2019-05-05 00:38:40,17683025
2019-05-05 21:35:41,17684375
2019-05-06 14:44:42,17685725
2019-05-07 09:31:15,17687075
2019-05-08 04:30:02,17688437.5
2019-05-08 21:58:43,17689787.5
2019-05-09 17:37:51,17691150
2019-05-10 10:15:38,17692512.5
2019-05-11 07:29:21,17693862.5
2019-05-12 02:22:37,17695225
2019-05-12 18:57:59,17696600
2019-05-13 12:19:00,17697975
2019-05-14 03:44:10,17699325
2019-05-14 20:37:03,17700675
2019-05-15 14:35:20,17702037.5
2019-05-16 06:39:58,17703400
2019-05-17 01:19:28,17704762.5
2019-05-17 17:48:02,17706112.5
2019-05-18 11:49:15,17707462.5
2019-05-19 05:40:23,17708812.5
2019-05-19 20:50:24,17710162.5
2019-05-20 10:03:39,17711512.5
2019-05-21 04:33:01,17712862.5
2019-05-21 20:50:10,17714212.5
2019-05-22 13:57:08,17715562.5
2019-05-23 04:22:34,17716925
2019-05-23 21:38:53,17718275
2019-05-24 15:21:26,17719625
2019-05-25 05:56:25,17720975
2019-05-26 01:48:38,17722325
2019-05-26 17:14:50,17723675
2019-05-27 09:36:57,17725037.5
2019-05-28 01:17:18,17726425
2019-05-28 18:15:11,17727787.5
2019-05-29 09:31:50,17729162.5
2019-05-29 23:54:45,17730512.5
2019-05-30 16:22:30,17731862.5
2019-05-31 11:01:56,17733212.5
2019-06-01 06:30:16,17734562.5
2019-06-02 00:54:51,17735912.5
2019-06-02 21:00:48,17737275
2019-06-03 18:12:16,17738625
2019-06-04 13:00:46,17739987.5
2019-06-05 04:48:55,17741337.5
2019-06-05 20:32:47,17742687.5
2019-06-06 13:38:58,17744062.5
2019-06-07 06:58:40,17745412.5
2019-06-07 23:25:37,17746787.5
2019-06-08 21:00:15,17748137.5
2019-06-09 14:34:29,17749500
2019-06-10 07:40:33,17750850
2019-06-11 00:20:04,17752212.5
2019-06-11 19:17:16,17753562.5
2019-06-12 14:04:14,17754912.5
2019-06-13 09:02:25,17756262.5
2019-06-14 01:03:50,17757612.5
2019-06-14 17:17:12,17758962.5
2019-06-15 08:54:35,17760325
2019-06-16 03:58:22,17761675
2019-06-16 23:39:44,17763025
2019-06-17 19:29:05,17764387.5
2019-06-18 12:47:45,17765737.5
2019-06-19 03:40:13,17767087.5
2019-06-19 19:22:37,17768437.5
2019-06-20 10:26:08,17769787.5
2019-06-21 05:56:28,17771137.5
2019-06-22 01:00:13,17772487.5
2019-06-22 19:22:55,17773837.5
2019-06-23 10:10:52,17775187.5
2019-06-24 00:41:50,17776550
2019-06-24 16:17:05,17777900
2019-06-25 07:16:24,17779275
2019-06-26 01:16:00,17780625
2019-06-26 17:47:36,17781975
2019-06-27 10:08:45,17783325
2019-06-28 02:33:06,17784687.5
2019-06-28 20:13:52,17786037.5
2019-06-29 09:37:09,17787387.5
2019-06-30 02:18:51,17788750
2019-06-30 18:04:19,17790100
2019-07-01 12:34:08,17791450
2019-07-02 07:38:19,17792800
2019-07-02 23:48:34,17794150
2019-07-03 14:22:18,17795500
2019-07-04 04:58:17,17796862.5
2019-07-04 21:01:16,17798212.5
2019-07-05 10:45:43,17799562.5
2019-07-06 01:45:05,17800925
2019-07-06 14:48:11,17802275
2019-07-07 07:31:03,17803625
2019-07-08 00:22:36,17804987.5
2019-07-08 15:48:20,17806350
2019-07-09 05:35:46,17807712.5
2019-07-09 23:16:40,17809075
2019-07-10 19:09:04,17810425
2019-07-11 15:58:43,17811787.5
2019-07-12 09:01:30,17813150
2019-07-13 01:45:34,17814500
2019-07-13 20:29:51,17815850
2019-07-14 13:35:57,17817200
2019-07-15 07:34:18,17818550
2019-07-16 01:29:23,17819900
2019-07-16 17:50:31,17821262.5
2019-07-17 11:41:46,17822625
2019-07-18 08:10:05,17823975
2019-07-19 05:25:17,17825325
2019-07-20 01:44:30,17826675
2019-07-20 16:55:43,17828037.5
2019-07-21 08:19:02,17829387.5
2019-07-22 01:58:53,17830737.5
2019-07-22 17:54:27,17832087.5
2019-07-23 14:56:38,17833462.5
2019-07-24 07:40:33,17834812.5
2019-07-25 02:07:04,17836162.5
2019-07-25 19:27:05,17837525
2019-07-26 13:27:26,17838875
2019-07-27 02:58:17,17840225
2019-07-27 19:37:20,17841575
2019-07-28 10:53:44,17842925
2019-07-29 02:05:23,17844287.5
2019-07-29 17:31:19,17845637.5
2019-07-30 13:10:38,17847012.5
2019-07-31 06:17:52,17848362.5
2019-07-31 21:04:53,17849712.5
2019-08-01 13:30:07,17851062.5
2019-08-02 07:32:19,17852425
2019-08-02 21:07:36,17853775
2019-08-03 14:19:11,17855125
2019-08-04 04:04:33,17856500
2019-08-04 20:48:35,17857850
2019-08-05 13:31:39,17859225
2019-08-06 06:44:43,17860587.5
2019-08-06 22:41:08,17861937.5
2019-08-07 14:59:08,17863300
2019-08-08 11:21:57,17864650
2019-08-09 04:35:50,17866025
2019-08-09 22:32:20,17867375
2019-08-10 16:39:14,17868725
2019-08-11 07:32:19,17870075
2019-08-12 00:36:00,17871437.5
2019-08-12 19:25:26,17872800
2019-08-13 12:52:32,17874162.5
2019-08-14 08:04:04,17875537.5
2019-08-15 00:02:04,17876887.5
2019-08-15 16:26:47,17878237.5
2019-08-16 10:00:38,17879612.5
2019-08-17 05:22:15,17880987.5
2019-08-18 00:50:41,17882337.5
2019-08-18 21:45:34,17883687.5
2019-08-19 13:06:44,17885050
2019-08-20 05:21:27,17886412.5
2019-08-20 23:39:39,17887775
2019-08-21 17:35:00,17889137.5
2019-08-22 14:01:53,17890487.5
2019-08-23 07:51:20,17891837.5
2019-08-24 00:12:10,17893200
2019-08-24 17:29:56,17894562.5
2019-08-25 09:55:17,17895912.5
2019-08-26 02:15:31,17897275
2019-08-26 21:34:17,17898625
2019-08-27 16:58:07,17899987.5
2019-08-28 09:16:32,17901337.5
2019-08-29 02:47:47,17902687.5
2019-08-29 19:52:19,17904050
2019-08-30 11:31:30,17905412.5
2019-08-31 04:00:11,17906762.5
2019-08-31 19:44:52,17908125
2019-09-01 12:42:07,17909475
2019-09-02 06:34:40,17910825
2019-09-03 00:22:19,17912212.5
2019-09-03 15:48:36,17913575
2019-09-04 11:06:14,17914925
2019-09-05 04:03:09,17916275
2019-09-05 19:16:41,17917637.5
2019-09-06 10:57:50,17918987.5
2019-09-07 04:50:11,17920337.5
2019-09-07 22:22:09,17921700
2019-09-08 13:07:21,17923050
2019-09-09 03:50:24,17924412.5
2019-09-09 22:36:34,17925762.5
2019-09-10 12:32:29,17927112.5
2019-09-11 03:21:19,17928462.5
2019-09-11 18:58:56,17929837.5
2019-09-12 09:14:23,17931187.5
2019-09-13 00:55:21,17932537.5
2019-09-13 17:50:51,17933887.5
2019-09-14 11:07:51,17935237.5
2019-09-15 06:07:34,17936600
2019-09-15 22:08:07,17937962.5
2019-09-16 14:15:23,17939325
2019-09-17 06:14:12,17940675
2019-09-18 00:43:37,17942025
2019-09-18 15:54:22,17943375
2019-09-19 08:19:01,17944737.5
2019-09-20 00:54:23,17946100
2019-09-20 17:55:25,17947450
2019-09-21 09:45:05,17948800
2019-09-22 02:00:23,17950162.5
2019-09-22 18:53:52,17951512.5
2019-09-23 14:36:00,17952862.5
2019-09-24 11:10:07,17954237.5
2019-09-25 02:49:57,17955600
2019-09-25 18:26:15,17956962.5
2019-09-26 10:09:28,17958337.5
2019-09-27 02:09:44,17959687.5
2019-09-27 22:18:01,17961050
2019-09-28 14:59:19,17962400
2019-09-29 09:19:17,17963750
2019-09-30 03:37:55,17965125
2019-09-30 23:41:48,17966475
2019-10-01 18:19:20,17967825
2019-10-02 11:23:44,17969187.5
2019-10-03 05:04:46,17970550
2019-10-03 23:16:45,17971900
2019-10-04 18:36:04,17973250
2019-10-05 08:34:11,17974612.5
2019-10-06 02:35:29,17975962.5
2019-10-06 20:25:44,17977337.5
2019-10-07 13:06:42,17978687.5
2019-10-08 05:02:46,17980037.5
2019-10-08 21:48:37,17981400
2019-10-09 16:29:25,17982750
2019-10-10 11:51:39,17984112.5
2019-10-11 01:27:31,17985462.5
2019-10-11 16:46:34,17986837.5
2019-10-12 13:07:11,17988187.5
2019-10-13 06:29:17,17989537.5
2019-10-14 02:31:01,17990900
2019-10-14 22:26:17,17992275
2019-10-15 14:39:00,17993625
2019-10-16 10:53:37,17994987.5
2019-10-17 02:12:49,17996337.5
2019-10-17 20:31:24,17997700
2019-10-18 12:33:55,17999075
2019-10-19 06:26:40,18000437.5
2019-10-20 01:12:52,18001800
2019-10-20 19:26:21,18003150
2019-10-21 12:36:12,18004525
2019-10-22 03:31:45,18005875
2019-10-22 19:26:47,18007225
2019-10-23 10:52:08,18008575
2019-10-24 01:19:08,18009950
2019-10-24 21:21:31,18011300
2019-10-25 18:14:27,18012650
2019-10-26 11:03:08,18014000
2019-10-27 09:18:13,18015350
2019-10-28 05:19:45,18016700
2019-10-29 00:59:34,18018050
2019-10-29 19:30:38,18019400
2019-10-30 14:45:25,18020762.5
2019-10-31 09:50:19,18022112.5
2019-11-01 06:52:47,18023462.5
2019-11-02 03:09:03,18024825
2019-11-02 19:44:13,18026175
2019-11-03 17:37:51,18027550
2019-11-04 12:30:29,18028912.5
2019-11-05 09:11:43,18030262.5
2019-11-06 01:29:03,18031625
2019-11-06 21:28:20,18032975
2019-11-07 16:31:54,18034325
2019-11-08 11:38:08,18035675
2019-11-09 08:41:03,18037025
2019-11-10 01:44:02,18038375
2019-11-10 19:02:29,18039737.5
2019-11-11 10:21:40,18041087.5
2019-11-12 03:48:58,18042437.5
2019-11-12 22:10:25,18043787.5
2019-11-13 19:08:31,18045137.5
2019-11-14 09:48:37,18046487.5
2019-11-15 01:24:47,18047862.5
2019-11-15 16:39:53,18049212.5
2019-11-16 11:20:45,18050562.5
2019-11-17 06:26:15,18051912.5
2019-11-17 21:07:18,18053262.5
2019-11-18 14:11:41,18054612.5
2019-11-19 11:07:19,18055987.5
2019-11-20 04:09:42,18057337.5
2019-11-20 22:45:35,18058700
2019-11-21 17:29:06,18060050
2019-11-22 14:30:27,18061412.5
2019-11-23 05:09:48,18062775
2019-11-23 21:00:17,18064137.5
2019-11-24 16:54:37,18065487.5
2019-11-25 11:11:11,18066837.5
2019-11-26 11:22:05,18068200
2019-11-27 06:57:24,18069550
2019-11-28 00:52:31,18070900
2019-11-28 18:11:30,18072262.5
2019-11-29 11:13:03,18073625
2019-11-30 07:18:20,18075025
2019-12-01 04:06:14,18076375
2019-12-01 22:01:53,18077725
2019-12-02 14:45:03,18079075
2019-12-03 09:30:04,18080425
2019-12-04 01:52:03,18081775
2019-12-04 18:00:41,18083137.5
2019-12-05 10:49:16,18084487.5
2019-12-06 05:34:27,18085837.5
2019-12-06 22:03:26,18087187.5
2019-12-07 16:35:18,18088562.5
2019-12-08 07:47:47,18089912.5
2019-12-09 01:20:51,18091262.5
2019-12-09 19:04:22,18092612.5
2019-12-10 14:16:59,18093962.5
2019-12-11 08:24:42,18095312.5
2019-12-12 02:11:24,18096662.5
2019-12-12 22:03:41,18098012.5
2019-12-13 15:09:40,18099375
2019-12-14 08:18:02,18100725
2019-12-15 02:49:05,18102087.5
2019-12-15 23:37:47,18103437.5
2019-12-16 16:16:26,18104800
2019-12-17 09:26:39,18106150
2019-12-18 04:49:10,18107500
2019-12-18 23:41:43,18108862.5
2019-12-19 16:10:16,18110225
2019-12-20 09:43:59,18111587.5
2019-12-21 01:01:54,18112937.5
2019-12-21 16:07:12,18114287.5
2019-12-22 06:49:20,18115637.5
2019-12-22 22:43:48,18116987.5
2019-12-23 15:43:13,18118350
2019-12-24 13:38:39,18119700
2019-12-25 09:16:00,18121050
2019-12-26 04:13:26,18122400
2019-12-26 18:20:34,18123787.5
2019-12-27 13:37:21,18125150
2019-12-28 07:26:13,18126512.5
2019-12-29 00:35:36,18127862.5
2019-12-29 16:53:32,18129212.5
2019-12-30 10:19:20,18130562.5
2019-12-31 01:56:47,18131925
2019-12-31 19:43:46,18133275
2020-01-01 13:18:26,18134637.5
2020-01-02 02:07:56,18135987.5
2020-01-02 20:21:24,18137337.5
2020-01-03 12:26:44,18138712.5
2020-01-04 05:48:26,18140062.5
2020-01-04 21:03:30,18141425
2020-01-05 12:24:52,18142775
2020-01-06 04:26:32,18144137.5
2020-01-06 23:45:35,18145500
2020-01-07 16:05:42,18146850
2020-01-08 05:48:48,18148200
2020-01-09 00:44:33,18149550
2020-01-09 18:31:22,18150900
2020-01-10 10:56:18,18152250
2020-01-11 04:49:02,18153637.5
2020-01-11 20:02:52,18154987.5
2020-01-12 11:42:39,18156337.5
2020-01-13 05:28:33,18157700
2020-01-14 00:01:46,18159050
2020-01-14 19:19:05,18160400
2020-01-15 10:28:17,18161750
2020-01-16 05:01:04,18163100
2020-01-16 21:22:22,18164450
2020-01-17 12:13:50,18165800
2020-01-18 06:17:42,18167150
2020-01-19 03:29:22,18168500
2020-01-19 20:08:13,18169862.5
2020-01-20 13:43:06,18171237.5
2020-01-21 22:24:52,18173925
2020-01-22 15:27:46,18175287.5
2020-01-23 07:44:43,18176637.5
2020-01-24 00:38:44,18178000
2020-01-24 16:11:39,18179375
2020-01-25 10:01:31,18180725
2020-01-26 02:22:12,18182075
2020-01-26 21:37:13,18183437.5
2020-01-27 15:55:51,18184787.5
2020-01-28 11:09:03,18186137.5
2020-01-29 04:09:35,18187487.5
2020-01-29 21:30:53,18188837.5
2020-01-30 12:03:29,18190200
2020-01-31 06:44:10,18191562.5
2020-02-01 00:22:51,18192912.5
2020-02-01 16:08:26,18194262.5
2020-02-02 12:01:13,18195612.5
2020-02-03 05:36:06,18196962.5
2020-02-03 22:50:18,18198312.5
2020-02-04 18:16:52,18199662.5
2020-02-05 11:15:41,18201025
2020-02-06 03:52:46,18202375
2020-02-07 00:37:39,18203750
2020-02-07 18:36:11,18205100
2020-02-08 13:05:08,18206450
2020-02-09 08:33:40,18207812.5
2020-02-10 01:31:24,18209175
2020-02-10 21:43:02,18210537.5
2020-02-11 17:24:35,18211887.5
2020-02-12 10:58:47,18213250
2020-02-13 05:46:59,18214600
2020-02-13 23:04:05,18215950
2020-02-14 16:11:47,18217312.5
2020-02-15 12:58:36,18218662.5
2020-02-16 07:28:27,18220012.5
2020-02-17 01:22:18,18221362.5
2020-02-17 18:08:12,18222712.5
2020-02-18 11:29:42,18224100
2020-02-19 04:41:53,18225450
2020-02-19 23:45:27,18226812.5
2020-02-20 20:24:00,18228162.5
2020-02-21 12:39:54,18229512.5
2020-02-22 06:40:44,18230862.5
2020-02-23 00:18:04,18232212.5
2020-02-23 19:38:18,18233562.5
2020-02-24 13:34:46,18234912.5
2020-02-25 07:13:29,18236275
2020-02-26 02:19:08,18237637.5
2020-02-26 20:39:54,18238987.5
2020-02-27 14:25:12,18240337.5
2020-02-28 08:18:30,18241687.5
2020-02-28 23:58:27,18243037.5
2020-02-29 17:33:23,18244387.5
2020-03-01 10:23:18,18245737.5
2020-03-02 01:25:31,18247087.5
2020-03-02 18:47:45,18248450
2020-03-03 11:32:50,18249800
2020-03-04 04:32:32,18251162.5
2020-03-04 20:16:13,18252525
2020-03-05 10:22:10,18253875
2020-03-06 03:19:02,18255237.5
2020-03-06 21:28:05,18256587.5
2020-03-07 13:36:27,18257950
2020-03-08 07:08:59,18259300
2020-03-08 22:06:04,18260662.5
2020-03-09 15:22:15,18262012.5
2020-03-10 10:00:49,18263362.5
2020-03-11 04:25:02,18264712.5
2020-03-12 03:15:24,18266062.5
2020-03-12 21:15:35,18267437.5
2020-03-13 18:12:36,18268800
2020-03-14 12:35:50,18270162.5
2020-03-15 11:51:11,18271512.5
2020-03-16 08:14:17,18272862.5
2020-03-17 08:28:29,18274225
2020-03-18 04:44:38,18275575
2020-03-19 06:09:08,18276925
2020-03-20 08:10:56,18278275
2020-03-21 04:07:58,18279637.5
2020-03-22 01:56:58,18280987.5
2020-03-22 21:32:26,18282337.5
2020-03-23 22:04:25,18283687.5
2020-03-24 17:56:03,18285037.5
2020-03-25 20:49:41,18286400
2020-03-26 13:00:16,18287750
2020-03-27 06:31:28,18289100
2020-03-27 22:32:50,18290462.5
2020-03-28 17:23:23,18291837.5
2020-03-29 11:55:09,18293200
2020-03-30 05:17:29,18294550
2020-03-30 23:06:22,18295900
2020-03-31 16:34:39,18297250
2020-04-01 09:01:43,18298612.5
2020-04-02 02:12:02,18299975
2020-04-02 17:38:54,18301325
2020-04-03 12:08:58,18302675
2020-04-04 09:20:47,18304037.5
2020-04-04 23:23:15,18305387.5
2020-04-05 16:07:26,18306737.5
2020-04-06 07:46:52,18308087.5
2020-04-07 02:52:34,18309437.5
2020-04-07 18:08:17,18310787.5
2020-04-08 10:36:06,18312150
2020-04-09 04:03:46,18313500
2020-04-09 21:58:38,18314850
2020-04-10 14:11:49,18316200
2020-04-11 05:04:24,18317550
2020-04-11 22:37:38,18318912.5
2020-04-12 14:41:23,18320262.5
2020-04-13 07:09:52,18321612.5
2020-04-13 22:34:48,18322975
2020-04-14 12:37:01,18324325
2020-04-15 05:27:22,18325675
2020-04-15 20:55:56,18327025
2020-04-16 13:21:21,18328375
2020-04-17 07:24:46,18329725
2020-04-18 03:50:03,18331087.5
2020-04-18 19:47:50,18332437.5
2020-04-19 13:32:07,18333787.5
2020-04-20 05:04:52,18335137.5
2020-04-20 22:31:29,18336487.5
2020-04-21 15:12:23,18337875
2020-04-22 07:22:56,18339225
2020-04-23 05:40:17,18340575
2020-04-23 23:02:54,18341925
2020-04-24 16:47:18,18343287.5
2020-04-25 14:05:28,18344637.5
2020-04-26 08:02:00,18345987.5
2020-04-27 02:59:47,18347350
2020-04-27 20:35:54,18348712.5
2020-04-28 13:53:08,18350062.5
2020-04-29 07:47:58,18351412.5
2020-04-30 01:30:44,18352787.5
2020-04-30 22:11:30,18354150
2020-05-01 17:42:28,18355525
2020-05-02 09:59:46,18356912.5
2020-05-03 02:58:56,18358262.5
2020-05-03 18:18:57,18359625
2020-05-04 10:15:41,18360975
2020-05-05 03:22:50,18362325
2020-05-05 20:22:49,18363675
2020-05-06 12:06:03,18365075
2020-05-07 07:15:51,18366425
2020-05-07 23:21:40,18367775
2020-05-08 19:01:11,18369137.5
2020-05-09 14:03:40,18370487.5
2020-05-10 06:43:12,18371837.5
2020-05-10 22:58:56,18373200
2020-05-11 13:17:42,18374575
2020-05-12 07:21:26,18375462.5
2020-05-13 02:57:05,18376137.5
2020-05-14 01:05:15,18376818.75
2020-05-14 23:22:26,18377493.75
2020-05-15 20:11:55,18378168.75
2020-05-16 15:36:58,18378843.75
2020-05-17 17:06:36,18379518.75
2020-05-18 14:09:14,18380200
2020-05-19 12:08:32,18380887.5
2020-05-20 11:52:50,18381568.75
2020-05-21 08:11:49,18382243.75
2020-05-22 04:17:53,18382918.75
2020-05-23 04:30:23,18383593.75
2020-05-24 01:27:01,18384268.75
2020-05-24 23:06:49,18384943.75
2020-05-25 19:28:40,18385618.75
2020-05-26 19:02:09,18386293.75
2020-05-27 15:10:36,18386975
2020-05-28 08:57:56,18387668.75
2020-05-29 03:36:05,18388343.75
2020-05-30 01:03:01,18389025
2020-05-30 18:30:06,18389700
2020-05-31 10:39:10,18390375
2020-06-01 06:55:31,18391050
2020-06-02 00:05:15,18391731.25
2020-06-02 20:17:21,18392406.25
2020-06-03 15:44:07,18393081.25
2020-06-04 08:14:14,18393756.25
2020-06-05 01:36:45,18394431.25
2020-06-05 15:23:26,18395106.25
2020-06-06 07:23:33,18395787.5
2020-06-06 20:33:54,18396475
2020-06-07 09:51:17,18397156.25
2020-06-08 04:52:07,18397831.25
2020-06-08 20:16:51,18398512.5
2020-06-09 12:24:04,18399193.75
2020-06-10 03:09:13,18399868.75
2020-06-10 18:48:47,18400543.75
2020-06-11 12:13:49,18401218.75
2020-06-12 01:06:35,18401893.75
2020-06-12 17:38:40,18402568.75
2020-06-13 06:40:08,18403243.75
2020-06-14 00:48:40,18403925
2020-06-14 16:13:27,18404606.25
2020-06-15 10:00:30,18405287.5
2020-06-16 03:11:42,18405962.5
2020-06-16 19:50:12,18406650
2020-06-17 16:49:11,18407331.25
2020-06-18 11:50:45,18408006.25
2020-06-19 08:20:35,18408681.25
2020-06-20 02:59:54,18409356.25
2020-06-20 21:28:50,18410031.25
2020-06-21 15:43:44,18410712.5
2020-06-22 08:45:51,18411400
2020-06-23 04:18:59,18412075
2020-06-23 19:40:59,18412750
2020-06-24 14:32:35,18413425
2020-06-25 07:45:41,18414100
2020-06-26 03:52:56,18414781.25
2020-06-26 19:23:45,18415462.5
2020-06-27 13:12:34,18416137.5
2020-06-28 05:04:15,18416812.5
2020-06-28 23:31:16,18417487.5
2020-06-29 18:02:05,18418162.5
2020-06-30 09:09:18,18418837.5
2020-07-01 05:32:52,18419518.75
2020-07-01 21:24:23,18420200
2020-07-02 11:44:48,18420875
2020-07-03 05:10:29,18421556.25
2020-07-03 21:41:46,18422231.25
2020-07-04 12:44:28,18422906.25
2020-07-05 06:12:17,18423581.25
2020-07-05 21:06:50,18424256.25
2020-07-06 14:13:06,18424931.25
2020-07-07 05:09:19,18425618.75
2020-07-07 22:28:30,18426300
2020-07-08 16:33:26,18426975
2020-07-09 08:24:53,18427662.5
2020-07-10 00:25:12,18428337.5
2020-07-10 16:53:01,18429018.75
2020-07-11 09:02:25,18429693.75
2020-07-12 03:50:37,18430368.75
2020-07-12 19:24:55,18431043.75
2020-07-13 12:13:40,18431718.75
2020-07-14 08:28:50,18432393.75
2020-07-15 00:02:08,18433075
2020-07-15 18:20:29,18433750
2020-07-16 13:13:55,18434425
2020-07-17 10:08:50,18435100
2020-07-18 07:40:31,18435775
2020-07-19 04:57:11,18436456.25
2020-07-19 23:33:39,18437137.5
2020-07-20 18:06:22,18437812.5
2020-07-21 13:18:19,18438487.5
2020-07-22 09:25:47,18439162.5
2020-07-23 05:07:14,18439837.5
2020-07-23 22:27:22,18440512.5
2020-07-24 16:16:26,18441187.5
2020-07-25 08:29:43,18441868.75
2020-07-26 02:12:44,18442543.75
2020-07-26 19:37:44,18443225
2020-07-27 11:47:37,18443900
2020-07-28 04:26:56,18444581.25
2020-07-28 23:12:52,18445256.25
2020-07-29 15:20:36,18445931.25
2020-07-30 10:56:55,18446606.25
2020-07-31 05:40:09,18447281.25
2020-07-31 23:12:44,18447956.25
2020-08-01 17:22:54,18448631.25
2020-08-02 13:05:26,18449306.25
2020-08-03 07:26:16,18449981.25
2020-08-03 22:00:02,18450656.25
2020-08-04 15:32:42,18451331.25
2020-08-05 09:51:07,18452006.25
2020-08-06 05:25:33,18452681.25
2020-08-06 21:50:50,18453356.25
2020-08-07 15:08:02,18454037.5
2020-08-08 08:32:48,18454712.5
2020-08-09 02:32:18,18455387.5
2020-08-09 18:57:59,18456062.5
2020-08-10 15:08:27,18456737.5
2020-08-11 07:49:52,18457412.5
2020-08-12 00:11:19,18458087.5
2020-08-12 19:00:46,18458762.5
2020-08-13 09:46:46,18459437.5
2020-08-14 03:21:14,18460112.5
2020-08-14 19:33:53,18460793.75
2020-08-15 11:46:29,18461475
2020-08-16 02:46:26,18462150
2020-08-16 20:41:42,18462831.25
2020-08-17 14:58:01,18463506.25
2020-08-18 12:34:06,18464181.25
2020-08-19 07:19:11,18464862.5
2020-08-20 02:26:16,18465537.5
2020-08-20 20:16:17,18466212.5
2020-08-21 12:08:02,18466887.5
2020-08-22 07:05:01,18467562.5
2020-08-23 01:12:02,18468243.75
2020-08-23 18:06:57,18468918.75
2020-08-24 11:26:05,18469600
2020-08-25 05:20:12,18470275
2020-08-26 01:15:57,18470956.25
2020-08-26 18:09:34,18471631.25
2020-08-27 17:01:56,18472312.5
2020-08-28 10:27:32,18472987.5
2020-08-29 01:01:18,18473668.75
2020-08-29 18:31:48,18474343.75
2020-08-30 15:35:33,18475018.75
2020-08-31 08:15:15,18475693.75
2020-09-01 03:45:00,18476375
2020-09-01 19:45:31,18477050
2020-09-02 13:32:27,18477731.25
2020-09-03 09:08:34,18478406.25