Timestamp,transaction-fees
2017-09-05 00:00:00,281.90480312
2017-09-06 00:00:00,272.59987797
2017-09-07 00:00:00,257.33579475
2017-09-08 00:00:00,217.76572461
2017-09-09 00:00:00,144.85041627
2017-09-10 00:00:00,143.23841995
2017-09-11 00:00:00,159.73383041
2017-09-12 00:00:00,148.9079562
2017-09-13 00:00:00,133.73148672
2017-09-14 00:00:00,153.73503588
2017-09-15 00:00:00,174.81664788
2017-09-16 00:00:00,119.91780546
2017-09-17 00:00:00,99.41066001
2017-09-18 00:00:00,168.30810036
2017-09-19 00:00:00,173.70341529
2017-09-20 00:00:00,146.40700953
2017-09-21 00:00:00,136.34884416
2017-09-22 00:00:00,117.1641681
2017-09-23 00:00:00,99.6958580500001
2017-09-24 00:00:00,83.67519444
2017-09-25 00:00:00,147.37049675
2017-09-26 00:00:00,150.08561133
2017-09-27 00:00:00,143.49865258
2017-09-28 00:00:00,134.45160224
2017-09-29 00:00:00,115.33216245
2017-09-30 00:00:00,101.44145793
2017-10-01 00:00:00,119.05349794
2017-10-02 00:00:00,180.47323995
2017-10-03 00:00:00,152.53441884
2017-10-04 00:00:00,136.73283395
2017-10-05 00:00:00,160.34424031
2017-10-06 00:00:00,149.02120217
2017-10-07 00:00:00,108.21556432
2017-10-08 00:00:00,111.79647505
2017-10-09 00:00:00,149.34098656
2017-10-10 00:00:00,167.2582099
2017-10-11 00:00:00,148.17289183
2017-10-12 00:00:00,174.4145147
2017-10-13 00:00:00,281.53458216
2017-10-14 00:00:00,227.59563891
2017-10-15 00:00:00,162.7073282
2017-10-16 00:00:00,193.41946089
2017-10-17 00:00:00,209.13726138
2017-10-18 00:00:00,192.2026716
2017-10-19 00:00:00,191.51239568
2017-10-20 00:00:00,161.97244556
2017-10-21 00:00:00,167.76730117
2017-10-22 00:00:00,155.33193023
2017-10-23 00:00:00,185.64433949
2017-10-24 00:00:00,199.79056912
2017-10-25 00:00:00,141.97537543
2017-10-26 00:00:00,112.65051758
2017-10-27 00:00:00,166.66745997
2017-10-28 00:00:00,175.03828084
2017-10-29 00:00:00,278.85712501
2017-10-30 00:00:00,263.59097424
2017-10-31 00:00:00,231.89499927
2017-11-01 00:00:00,296.93760422
2017-11-02 00:00:00,277.59079476
2017-11-03 00:00:00,271.77385265
2017-11-04 00:00:00,273.249729
2017-11-05 00:00:00,197.6563993
2017-11-06 00:00:00,240.33789733
2017-11-07 00:00:00,294.12731396
2017-11-08 00:00:00,262.16939123
2017-11-09 00:00:00,361.32993999
2017-11-10 00:00:00,319.97295719
2017-11-11 00:00:00,323.8993876
2017-11-12 00:00:00,576.76900632
2017-11-13 00:00:00,783.38626441
2017-11-14 00:00:00,615.08687921
2017-11-15 00:00:00,603.50996198
2017-11-16 00:00:00,502.64025918
2017-11-17 00:00:00,401.16643265
2017-11-18 00:00:00,289.98839235
2017-11-19 00:00:00,247.44354414
2017-11-20 00:00:00,329.01817427
2017-11-21 00:00:00,310.29655182
2017-11-22 00:00:00,256.40318228
2017-11-23 00:00:00,265.91956914
2017-11-24 00:00:00,233.53648718
2017-11-25 00:00:00,195.63976527
2017-11-26 00:00:00,191.22207725
2017-11-27 00:00:00,236.5030831
2017-11-28 00:00:00,245.23091351
2017-11-29 00:00:00,290.90212855
2017-11-30 00:00:00,270.63114407
2017-12-01 00:00:00,247.0519056
2017-12-02 00:00:00,190.29585342
2017-12-03 00:00:00,187.45114274
2017-12-04 00:00:00,226.11990963
2017-12-05 00:00:00,219.679754
2017-12-06 00:00:00,257.16995428
2017-12-07 00:00:00,364.60560502
2017-12-08 00:00:00,641.42966479
2017-12-09 00:00:00,567.08842445
2017-12-10 00:00:00,458.10029691
2017-12-11 00:00:00,483.63865068
2017-12-12 00:00:00,537.94407913
2017-12-13 00:00:00,604.2979452
2017-12-14 00:00:00,644.60794431
2017-12-15 00:00:00,592.70393429
2017-12-16 00:00:00,534.01138337
2017-12-17 00:00:00,535.43867532
2017-12-18 00:00:00,587.12548366
2017-12-19 00:00:00,662.59550536
2017-12-20 00:00:00,911.59174277
2017-12-21 00:00:00,1128.76167038
2017-12-22 00:00:00,1495.94647734
2017-12-23 00:00:00,1065.61559484
2017-12-24 00:00:00,881.12136284
2017-12-25 00:00:00,689.39441204
2017-12-26 00:00:00,725.62381816
2017-12-27 00:00:00,784.81712352
2017-12-28 00:00:00,785.83389168
2017-12-29 00:00:00,785.79504963
2017-12-30 00:00:00,778.5711097
2017-12-31 00:00:00,545.14452622
2018-01-01 00:00:00,469.41303646
2018-01-02 00:00:00,649.16497626
2018-01-03 00:00:00,749.68547259
2018-01-04 00:00:00,778.26109477
2018-01-05 00:00:00,701.35602085
2018-01-06 00:00:00,694.47790564
2018-01-07 00:00:00,686.11400249
2018-01-08 00:00:00,694.5264055
2018-01-09 00:00:00,752.4182028
2018-01-10 00:00:00,720.32570087
2018-01-11 00:00:00,697.44083354
2018-01-12 00:00:00,617.63579417
2018-01-13 00:00:00,528.46632102
2018-01-14 00:00:00,491.32446483
2018-01-15 00:00:00,510.11761779
2018-01-16 00:00:00,606.38246009
2018-01-17 00:00:00,675.09668652
2018-01-18 00:00:00,656.89753535
2018-01-19 00:00:00,491.48999429
2018-01-20 00:00:00,429.4031975
2018-01-21 00:00:00,343.36269629
2018-01-22 00:00:00,314.61253947
2018-01-23 00:00:00,285.95800518
2018-01-24 00:00:00,283.49809897
2018-01-25 00:00:00,220.85446644
2018-01-26 00:00:00,209.13221596
2018-01-27 00:00:00,168.25469362
2018-01-28 00:00:00,155.34485572
2018-01-29 00:00:00,145.75112922
2018-01-30 00:00:00,160.30090386
2018-01-31 00:00:00,162.20623626
2018-02-01 00:00:00,214.02754492
2018-02-02 00:00:00,274.36258243
2018-02-03 00:00:00,146.92776937
2018-02-04 00:00:00,111.31669812
2018-02-05 00:00:00,173.7675019
2018-02-06 00:00:00,164.26998571
2018-02-07 00:00:00,123.52109098
2018-02-08 00:00:00,87.98500449
2018-02-09 00:00:00,88.36425123
2018-02-10 00:00:00,88.79565618
2018-02-11 00:00:00,61.96458348
2018-02-12 00:00:00,69.96971094
2018-02-13 00:00:00,68.57325292
2018-02-14 00:00:00,63.75846926
2018-02-15 00:00:00,64.08005499
2018-02-16 00:00:00,58.25713445
2018-02-17 00:00:00,48.63875388
2018-02-18 00:00:00,44.58328081
2018-02-19 00:00:00,50.9081119
2018-02-20 00:00:00,52.23072575
2018-02-21 00:00:00,40.68256761
2018-02-22 00:00:00,37.60222865
2018-02-23 00:00:00,73.94810594
2018-02-24 00:00:00,96.1076690499999
2018-02-25 00:00:00,41.44060303
2018-02-26 00:00:00,46.19035139
2018-02-27 00:00:00,50.54578675
2018-02-28 00:00:00,51.29908837
2018-03-01 00:00:00,52.05574602
2018-03-02 00:00:00,42.01376982
2018-03-03 00:00:00,37.96379904
2018-03-04 00:00:00,33.46586197
2018-03-05 00:00:00,44.53138052
2018-03-06 00:00:00,37.24003205
2018-03-07 00:00:00,34.8377064
2018-03-08 00:00:00,35.63080068
2018-03-09 00:00:00,34.8459414
2018-03-10 00:00:00,40.27322368
2018-03-11 00:00:00,39.61038377
2018-03-12 00:00:00,33.46783473
2018-03-13 00:00:00,60.67628875
2018-03-14 00:00:00,37.04036657
2018-03-15 00:00:00,36.64624829
2018-03-16 00:00:00,29.65177072
2018-03-17 00:00:00,21.51541723
2018-03-18 00:00:00,25.33293823
2018-03-19 00:00:00,30.78064883
2018-03-20 00:00:00,31.3790795
2018-03-21 00:00:00,31.0252744
2018-03-22 00:00:00,27.7247885
2018-03-23 00:00:00,26.25767336
2018-03-24 00:00:00,21.76498898
2018-03-25 00:00:00,20.23147507
2018-03-26 00:00:00,26.98506764
2018-03-27 00:00:00,27.51028124
2018-03-28 00:00:00,24.09273355
2018-03-29 00:00:00,27.20122872
2018-03-30 00:00:00,25.7646693
2018-03-31 00:00:00,20.07447617
2018-04-01 00:00:00,18.28180544
2018-04-02 00:00:00,21.39248333
2018-04-03 00:00:00,25.12929851
2018-04-04 00:00:00,24.81899369
2018-04-05 00:00:00,24.46293557
2018-04-06 00:00:00,34.53138383
2018-04-07 00:00:00,27.16559493
2018-04-08 00:00:00,21.01734283
2018-04-09 00:00:00,22.42407623
2018-04-10 00:00:00,22.98846383
2018-04-11 00:00:00,22.75353142
2018-04-12 00:00:00,35.70920887
2018-04-13 00:00:00,36.36336175
2018-04-14 00:00:00,23.75939568
2018-04-15 00:00:00,24.30501194
2018-04-16 00:00:00,25.73063079
2018-04-17 00:00:00,26.13707878
2018-04-18 00:00:00,25.31797642
2018-04-19 00:00:00,27.6722839
2018-04-20 00:00:00,29.02296386
2018-04-21 00:00:00,28.40590158
2018-04-22 00:00:00,21.73949684
2018-04-23 00:00:00,29.13376866
2018-04-24 00:00:00,65.4108642
2018-04-25 00:00:00,91.73241634
2018-04-26 00:00:00,67.58831497
2018-04-27 00:00:00,55.63050596
2018-04-28 00:00:00,41.9470722
2018-04-29 00:00:00,34.8862402
2018-04-30 00:00:00,36.71911167
2018-05-01 00:00:00,31.75790178
2018-05-02 00:00:00,38.88684015
2018-05-03 00:00:00,39.40065166
2018-05-04 00:00:00,39.37853649
2018-05-05 00:00:00,32.17831497
2018-05-06 00:00:00,31.28195837
2018-05-07 00:00:00,35.90014262
2018-05-08 00:00:00,34.29413578
2018-05-09 00:00:00,30.52956993
2018-05-10 00:00:00,26.71177891
2018-05-11 00:00:00,38.61210375
2018-05-12 00:00:00,28.38834405
2018-05-13 00:00:00,23.33858622
2018-05-14 00:00:00,35.25774075
2018-05-15 00:00:00,37.83474629
2018-05-16 00:00:00,32.35890796
2018-05-17 00:00:00,54.05727301
2018-05-18 00:00:00,70.13995212
2018-05-19 00:00:00,31.42390531
2018-05-20 00:00:00,24.98915763
2018-05-21 00:00:00,31.28915469
2018-05-22 00:00:00,26.52413321
2018-05-23 00:00:00,30.82025138
2018-05-24 00:00:00,29.75362781
2018-05-25 00:00:00,30.37696335
2018-05-26 00:00:00,22.51408114
2018-05-27 00:00:00,19.47089221
2018-05-28 00:00:00,29.12400991
2018-05-29 00:00:00,28.63684227
2018-05-30 00:00:00,22.66213792
2018-05-31 00:00:00,21.6541427
2018-06-01 00:00:00,20.37476636
2018-06-02 00:00:00,16.27842016
2018-06-03 00:00:00,15.3074038
2018-06-04 00:00:00,20.71075272
2018-06-05 00:00:00,18.52827963
2018-06-06 00:00:00,19.4579716
2018-06-07 00:00:00,20.6699365
2018-06-08 00:00:00,17.89042019
2018-06-09 00:00:00,18.7073671
2018-06-10 00:00:00,16.7009531
2018-06-11 00:00:00,24.67101897
2018-06-12 00:00:00,21.90653344
2018-06-13 00:00:00,37.41423181
2018-06-14 00:00:00,28.01723114
2018-06-15 00:00:00,23.19453295
2018-06-16 00:00:00,16.44224754
2018-06-17 00:00:00,23.48902029
2018-06-18 00:00:00,17.52291191
2018-06-19 00:00:00,83.80865389
2018-06-20 00:00:00,203.28532024
2018-06-21 00:00:00,73.52012206
2018-06-22 00:00:00,68.9368202
2018-06-23 00:00:00,31.93798474
2018-06-24 00:00:00,27.03085817
2018-06-25 00:00:00,34.68013653
2018-06-26 00:00:00,32.34384664
2018-06-27 00:00:00,32.15886049
2018-06-28 00:00:00,27.15925646
2018-06-29 00:00:00,27.41063627
2018-06-30 00:00:00,23.60409759
2018-07-01 00:00:00,16.7928896
2018-07-02 00:00:00,23.48063765
2018-07-03 00:00:00,27.90259772
2018-07-04 00:00:00,21.54452916
2018-07-05 00:00:00,19.76600519
2018-07-06 00:00:00,21.70281974
2018-07-07 00:00:00,16.56969368
2018-07-08 00:00:00,15.64479917
2018-07-09 00:00:00,19.92606527
2018-07-10 00:00:00,22.86071401
2018-07-11 00:00:00,20.44250057
2018-07-12 00:00:00,18.63321237
2018-07-13 00:00:00,19.53514153
2018-07-14 00:00:00,15.01264127
2018-07-15 00:00:00,15.27821656
2018-07-16 00:00:00,23.61292569
2018-07-17 00:00:00,24.94209666
2018-07-18 00:00:00,31.82668475
2018-07-19 00:00:00,28.82741906
2018-07-20 00:00:00,23.08779797
2018-07-21 00:00:00,17.37819099
2018-07-22 00:00:00,14.77231882
2018-07-23 00:00:00,26.12072165
2018-07-24 00:00:00,29.64295029
2018-07-25 00:00:00,26.82417337
2018-07-26 00:00:00,23.88022702
2018-07-27 00:00:00,20.72404572
2018-07-28 00:00:00,16.74880998
2018-07-29 00:00:00,15.67077716
2018-07-30 00:00:00,24.57789474
2018-07-31 00:00:00,25.5829697
2018-08-01 00:00:00,21.2832986
2018-08-02 00:00:00,25.20903778
2018-08-03 00:00:00,23.21487948
2018-08-04 00:00:00,17.19453121
2018-08-05 00:00:00,13.6299328
2018-08-06 00:00:00,17.7504862
2018-08-07 00:00:00,18.61533926
2018-08-08 00:00:00,20.75086011
2018-08-09 00:00:00,20.7502075
2018-08-10 00:00:00,20.41451761
2018-08-11 00:00:00,15.39050663
2018-08-12 00:00:00,12.77525693
2018-08-13 00:00:00,19.92080467
2018-08-14 00:00:00,26.45582537
2018-08-15 00:00:00,22.16329503
2018-08-16 00:00:00,24.04769454
2018-08-17 00:00:00,24.88424895
2018-08-18 00:00:00,16.45331646
2018-08-19 00:00:00,17.04586085
2018-08-20 00:00:00,29.07233893
2018-08-21 00:00:00,24.75227584
2018-08-22 00:00:00,24.27418043
2018-08-23 00:00:00,19.30837036
2018-08-24 00:00:00,19.15356329
2018-08-25 00:00:00,21.06312548
2018-08-26 00:00:00,27.80300602
2018-08-27 00:00:00,32.65580356
2018-08-28 00:00:00,45.21346372
2018-08-29 00:00:00,23.64752291
2018-08-30 00:00:00,24.10101603
2018-08-31 00:00:00,25.25628116
2018-09-01 00:00:00,19.2117222
2018-09-02 00:00:00,16.3033171
2018-09-03 00:00:00,19.91598267
2018-09-04 00:00:00,24.1065379
2018-09-05 00:00:00,31.82732747
2018-09-06 00:00:00,31.29006024
2018-09-07 00:00:00,27.92194982
2018-09-08 00:00:00,18.81937591
2018-09-09 00:00:00,18.37028897
2018-09-10 00:00:00,19.97514305
2018-09-11 00:00:00,23.27470384
2018-09-12 00:00:00,23.91441308
2018-09-13 00:00:00,20.29803773
2018-09-14 00:00:00,21.21893106
2018-09-15 00:00:00,15.69995673
2018-09-16 00:00:00,13.07015213
2018-09-17 00:00:00,17.45767671
2018-09-18 00:00:00,19.01368472
2018-09-19 00:00:00,17.09335521
2018-09-20 00:00:00,18.26192982
2018-09-21 00:00:00,25.61259462
2018-09-22 00:00:00,18.65597145
2018-09-23 00:00:00,14.47737832
2018-09-24 00:00:00,15.50844294
2018-09-25 00:00:00,20.31737127
2018-09-26 00:00:00,20.1338664
2018-09-27 00:00:00,23.65350638
2018-09-28 00:00:00,28.91825487
2018-09-29 00:00:00,19.10685859
2018-09-30 00:00:00,15.42794706
2018-10-01 00:00:00,21.82334691
2018-10-02 00:00:00,25.72269107
2018-10-03 00:00:00,21.36448501
2018-10-04 00:00:00,18.70916379
2018-10-05 00:00:00,21.33672301
2018-10-06 00:00:00,17.57876392
2018-10-07 00:00:00,13.06671747
2018-10-08 00:00:00,16.79599849
2018-10-09 00:00:00,16.66631934
2018-10-10 00:00:00,15.6339373
2018-10-11 00:00:00,18.4172056
2018-10-12 00:00:00,18.44585713
2018-10-13 00:00:00,13.28476496
2018-10-14 00:00:00,12.41784997
2018-10-15 00:00:00,23.09602031
2018-10-16 00:00:00,19.31942675
2018-10-17 00:00:00,18.8500803
2018-10-18 00:00:00,18.05926167
2018-10-19 00:00:00,17.65876226
2018-10-20 00:00:00,14.32509812
2018-10-21 00:00:00,12.46404029
2018-10-22 00:00:00,16.6995118
2018-10-23 00:00:00,16.58331992
2018-10-24 00:00:00,16.94168952
2018-10-25 00:00:00,17.53993992
2018-10-26 00:00:00,17.91509911
2018-10-27 00:00:00,13.09651959
2018-10-28 00:00:00,16.5139359
2018-10-29 00:00:00,19.6041759
2018-10-30 00:00:00,18.77140942
2018-10-31 00:00:00,16.65229276
2018-11-01 00:00:00,17.45938887
2018-11-02 00:00:00,18.32471846
2018-11-03 00:00:00,13.59185156
2018-11-04 00:00:00,13.10219385
2018-11-05 00:00:00,18.42231881
2018-11-06 00:00:00,19.18392815
2018-11-07 00:00:00,20.33841084
2018-11-08 00:00:00,20.99890399
2018-11-09 00:00:00,22.42896582
2018-11-10 00:00:00,16.64920253
2018-11-11 00:00:00,14.13978687
2018-11-12 00:00:00,19.17199757
2018-11-13 00:00:00,18.07251239
2018-11-14 00:00:00,25.82337117
2018-11-15 00:00:00,38.65118054
2018-11-16 00:00:00,36.92729384
2018-11-17 00:00:00,21.55099415
2018-11-18 00:00:00,18.03746701
2018-11-19 00:00:00,39.9694861
2018-11-20 00:00:00,69.36765011
2018-11-21 00:00:00,49.95016009
2018-11-22 00:00:00,39.13421764
2018-11-23 00:00:00,36.98433712
2018-11-24 00:00:00,31.17997638
2018-11-25 00:00:00,32.01112732
2018-11-26 00:00:00,38.27901151
2018-11-27 00:00:00,37.38312649
2018-11-28 00:00:00,38.73742361
2018-11-29 00:00:00,45.07238045
2018-11-30 00:00:00,40.77812171
2018-12-01 00:00:00,31.11731237
2018-12-02 00:00:00,23.24535308
2018-12-03 00:00:00,31.12664818
2018-12-04 00:00:00,31.50009203
2018-12-05 00:00:00,26.31110179
2018-12-06 00:00:00,28.47570217
2018-12-07 00:00:00,31.19535557
2018-12-08 00:00:00,19.7523634
2018-12-09 00:00:00,16.83358837
2018-12-10 00:00:00,22.97283382
2018-12-11 00:00:00,23.31901099
2018-12-12 00:00:00,22.35779149
2018-12-13 00:00:00,22.08826418
2018-12-14 00:00:00,25.09538231
2018-12-15 00:00:00,18.37318136
2018-12-16 00:00:00,14.84875261
2018-12-17 00:00:00,20.97551137
2018-12-18 00:00:00,26.57834854
2018-12-19 00:00:00,32.92958464
2018-12-20 00:00:00,27.62806589
2018-12-21 00:00:00,30.95900116
2018-12-22 00:00:00,18.77646281
2018-12-23 00:00:00,15.44952443
2018-12-24 00:00:00,23.01715097
2018-12-25 00:00:00,18.28673875
2018-12-26 00:00:00,16.22660938
2018-12-27 00:00:00,16.91659845
2018-12-28 00:00:00,17.97068908
2018-12-29 00:00:00,15.31251107
2018-12-30 00:00:00,13.91108006
2018-12-31 00:00:00,15.90842885
2019-01-01 00:00:00,11.22870449
2019-01-02 00:00:00,18.0404076
2019-01-03 00:00:00,19.1678382
2019-01-04 00:00:00,19.57925017
2019-01-05 00:00:00,12.27107591
2019-01-06 00:00:00,16.59508434
2019-01-07 00:00:00,23.87585077
2019-01-08 00:00:00,20.94683492
2019-01-09 00:00:00,24.16978699
2019-01-10 00:00:00,25.84515048
2019-01-11 00:00:00,24.25918558
2019-01-12 00:00:00,17.12273992
2019-01-13 00:00:00,14.17709438
2019-01-14 00:00:00,19.99425343
2019-01-15 00:00:00,21.20358949
2019-01-16 00:00:00,25.07927963
2019-01-17 00:00:00,23.48759589
2019-01-18 00:00:00,20.91797749
2019-01-19 00:00:00,17.57732062
2019-01-20 00:00:00,14.42266508
2019-01-21 00:00:00,19.91907516
2019-01-22 00:00:00,20.9003654
2019-01-23 00:00:00,22.67278096
2019-01-24 00:00:00,22.98899396
2019-01-25 00:00:00,24.82339222
2019-01-26 00:00:00,19.8801991
2019-01-27 00:00:00,15.90784813
2019-01-28 00:00:00,24.16321392
2019-01-29 00:00:00,23.14980149
2019-01-30 00:00:00,21.22346169
2019-01-31 00:00:00,29.03627429
2019-02-01 00:00:00,33.11076701
2019-02-02 00:00:00,18.92618462
2019-02-03 00:00:00,14.74322284
2019-02-04 00:00:00,17.08811248
2019-02-05 00:00:00,17.21081291
2019-02-06 00:00:00,21.79051765
2019-02-07 00:00:00,16.74141122
2019-02-08 00:00:00,20.91053599
2019-02-09 00:00:00,17.75264078
2019-02-10 00:00:00,13.62075475
2019-02-11 00:00:00,23.13798165
2019-02-12 00:00:00,34.31602175
2019-02-13 00:00:00,35.63755618
2019-02-14 00:00:00,26.180398
2019-02-15 00:00:00,26.46547377
2019-02-16 00:00:00,22.36572171
2019-02-17 00:00:00,19.17235936
2019-02-18 00:00:00,29.40410079
2019-02-19 00:00:00,36.59295015
2019-02-20 00:00:00,37.76184521
2019-02-21 00:00:00,34.71560858
2019-02-22 00:00:00,39.01280561
2019-02-23 00:00:00,25.43940867
2019-02-24 00:00:00,29.55542146
2019-02-25 00:00:00,38.85345862
2019-02-26 00:00:00,35.84517142
2019-02-27 00:00:00,32.66318415
2019-02-28 00:00:00,30.29594178
2019-03-01 00:00:00,30.48611973
2019-03-02 00:00:00,25.32153705
2019-03-03 00:00:00,21.38429981
2019-03-04 00:00:00,28.45991569
2019-03-05 00:00:00,29.02363002
2019-03-06 00:00:00,38.43684345
2019-03-07 00:00:00,38.15885184
2019-03-08 00:00:00,34.53420729
2019-03-09 00:00:00,24.54420613
2019-03-10 00:00:00,19.08668276
2019-03-11 00:00:00,30.82179358
2019-03-12 00:00:00,31.50427651
2019-03-13 00:00:00,36.04315035
2019-03-14 00:00:00,37.56437664
2019-03-15 00:00:00,31.12448995
2019-03-16 00:00:00,22.36301366
2019-03-17 00:00:00,16.78071195
2019-03-18 00:00:00,22.37480548
2019-03-19 00:00:00,22.30871865
2019-03-20 00:00:00,27.1997923
2019-03-21 00:00:00,35.53040752
2019-03-22 00:00:00,27.14701994
2019-03-23 00:00:00,17.94886278
2019-03-24 00:00:00,15.67630252
2019-03-25 00:00:00,29.20096219
2019-03-26 00:00:00,36.41495629
2019-03-27 00:00:00,48.02051729
2019-03-28 00:00:00,47.81690988
2019-03-29 00:00:00,63.48208552
2019-03-30 00:00:00,54.67372903
2019-03-31 00:00:00,44.61425508
2019-04-01 00:00:00,61.8467373
2019-04-02 00:00:00,114.48978878
2019-04-03 00:00:00,142.10298824
2019-04-04 00:00:00,154.4635303
2019-04-05 00:00:00,114.82307281
2019-04-06 00:00:00,80.84759712
2019-04-07 00:00:00,85.51644481
2019-04-08 00:00:00,130.54444043
2019-04-09 00:00:00,114.92556114
2019-04-10 00:00:00,111.78539463
2019-04-11 00:00:00,115.28509796
2019-04-12 00:00:00,100.56571481
2019-04-13 00:00:00,66.22119369
2019-04-14 00:00:00,57.42373876
2019-04-15 00:00:00,78.96972247
2019-04-16 00:00:00,76.56869368
2019-04-17 00:00:00,77.1498090499999
2019-04-18 00:00:00,72.4195866
2019-04-19 00:00:00,78.43301725
2019-04-20 00:00:00,58.09103814
2019-04-21 00:00:00,50.31279868
2019-04-22 00:00:00,70.12693315
2019-04-23 00:00:00,96.48121035
2019-04-24 00:00:00,130.67492641
2019-04-25 00:00:00,94.30087588
2019-04-26 00:00:00,91.4474489900001
2019-04-27 00:00:00,54.42092725
2019-04-28 00:00:00,47.95393039
2019-04-29 00:00:00,70.95469952
2019-04-30 00:00:00,85.48463465
2019-05-01 00:00:00,65.62521893
2019-05-02 00:00:00,64.71081505
2019-05-03 00:00:00,81.27225085
2019-05-04 00:00:00,60.62915441
2019-05-05 00:00:00,62.87230397
2019-05-06 00:00:00,76.31168717
2019-05-07 00:00:00,92.31932906
2019-05-08 00:00:00,112.30765219
2019-05-09 00:00:00,106.95654809
2019-05-10 00:00:00,123.74361638
2019-05-11 00:00:00,125.12338209
2019-05-12 00:00:00,104.08015488
2019-05-13 00:00:00,112.20050336
2019-05-14 00:00:00,132.68789564
2019-05-15 00:00:00,192.3590738
2019-05-16 00:00:00,228.51579452
2019-05-17 00:00:00,227.26659937
2019-05-18 00:00:00,134.78731749
2019-05-19 00:00:00,125.66729304
2019-05-20 00:00:00,186.09991132
2019-05-21 00:00:00,202.4814146
2019-05-22 00:00:00,176.73831345
2019-05-23 00:00:00,163.9629164
2019-05-24 00:00:00,191.88316682
2019-05-25 00:00:00,128.11880175
2019-05-26 00:00:00,95.8861389799999
2019-05-27 00:00:00,189.31338885
2019-05-28 00:00:00,192.95031406
2019-05-29 00:00:00,187.08362645
2019-05-30 00:00:00,188.20649317
2019-05-31 00:00:00,205.0372363
2019-06-01 00:00:00,159.42190914
2019-06-02 00:00:00,118.4455402
2019-06-03 00:00:00,198.99326951
2019-06-04 00:00:00,217.91296317
2019-06-05 00:00:00,159.42665516
2019-06-06 00:00:00,122.18994068
2019-06-07 00:00:00,106.492469
2019-06-08 00:00:00,73.36472651
2019-06-09 00:00:00,62.99063806
2019-06-10 00:00:00,101.83001618
2019-06-11 00:00:00,110.58719487
2019-06-12 00:00:00,108.86976113
2019-06-13 00:00:00,109.4551359
2019-06-14 00:00:00,117.94954717
2019-06-15 00:00:00,78.70156593
2019-06-16 00:00:00,74.36012488
2019-06-17 00:00:00,117.79979394
2019-06-18 00:00:00,116.53825829
2019-06-19 00:00:00,105.75494722
2019-06-20 00:00:00,111.81603852
2019-06-21 00:00:00,126.23246862
2019-06-22 00:00:00,122.47914731
2019-06-23 00:00:00,81.2353110700001
2019-06-24 00:00:00,102.09827261
2019-06-25 00:00:00,121.10744515
2019-06-26 00:00:00,184.06503874
2019-06-27 00:00:00,200.10125128
2019-06-28 00:00:00,182.26443511
2019-06-29 00:00:00,108.7659755
2019-06-30 00:00:00,104.91860437
2019-07-01 00:00:00,126.93823662
2019-07-02 00:00:00,117.88960184
2019-07-03 00:00:00,94.74754649
2019-07-04 00:00:00,83.8420840199999
2019-07-05 00:00:00,75.89684282
2019-07-06 00:00:00,50.61747346
2019-07-07 00:00:00,45.61655545
2019-07-08 00:00:00,67.46056127
2019-07-09 00:00:00,71.27502267
2019-07-10 00:00:00,85.64297124
2019-07-11 00:00:00,79.3666746
2019-07-12 00:00:00,67.42668665
2019-07-13 00:00:00,44.38220922
2019-07-14 00:00:00,40.72985688
2019-07-15 00:00:00,63.9174649
2019-07-16 00:00:00,62.69846283
2019-07-17 00:00:00,64.50187448
2019-07-18 00:00:00,72.10541604
2019-07-19 00:00:00,71.10278562
2019-07-20 00:00:00,50.04991704
2019-07-21 00:00:00,37.55119006
2019-07-22 00:00:00,53.88043597
2019-07-23 00:00:00,51.72742398
2019-07-24 00:00:00,49.90886061
2019-07-25 00:00:00,56.16150579
2019-07-26 00:00:00,46.51899261
2019-07-27 00:00:00,33.04147241
2019-07-28 00:00:00,26.46571032
2019-07-29 00:00:00,39.74585484
2019-07-30 00:00:00,60.22741784
2019-07-31 00:00:00,53.61582214
2019-08-01 00:00:00,46.73246753
2019-08-02 00:00:00,44.68839341
2019-08-03 00:00:00,27.47791508
2019-08-04 00:00:00,19.72213176
2019-08-05 00:00:00,42.2581814
2019-08-06 00:00:00,45.80524692
2019-08-07 00:00:00,70.8269651
2019-08-08 00:00:00,70.35974254
2019-08-09 00:00:00,65.33402972
2019-08-10 00:00:00,39.69033865
2019-08-11 00:00:00,30.3457089
2019-08-12 00:00:00,50.54359801
2019-08-13 00:00:00,75.09047834
2019-08-14 00:00:00,58.70170397
2019-08-15 00:00:00,53.84796972
2019-08-16 00:00:00,51.3352604
2019-08-17 00:00:00,35.38250195
2019-08-18 00:00:00,29.17234292
2019-08-19 00:00:00,41.66948045
2019-08-20 00:00:00,46.69008955
2019-08-21 00:00:00,52.22587338
2019-08-22 00:00:00,53.99879943
2019-08-23 00:00:00,41.47394501
2019-08-24 00:00:00,30.09100724
2019-08-25 00:00:00,21.57904241
2019-08-26 00:00:00,33.17030815
2019-08-27 00:00:00,33.98335977
2019-08-28 00:00:00,33.87031855
2019-08-29 00:00:00,33.917443
2019-08-30 00:00:00,34.46053373
2019-08-31 00:00:00,24.03741901
2019-09-01 00:00:00,20.06226895
2019-09-02 00:00:00,28.76124703
2019-09-03 00:00:00,38.97833529
2019-09-04 00:00:00,37.34474772
2019-09-05 00:00:00,36.69293406
2019-09-06 00:00:00,37.39638382
2019-09-07 00:00:00,26.71813665
2019-09-08 00:00:00,21.74727421
2019-09-09 00:00:00,32.71159075
2019-09-10 00:00:00,37.34868133
2019-09-11 00:00:00,34.77775666
2019-09-12 00:00:00,29.51206759
2019-09-13 00:00:00,27.54043167
2019-09-14 00:00:00,21.0247188
2019-09-15 00:00:00,18.2430038
2019-09-16 00:00:00,29.25867219
2019-09-17 00:00:00,34.64137449
2019-09-18 00:00:00,34.12588668
2019-09-19 00:00:00,36.54501485
2019-09-20 00:00:00,32.03804814
2019-09-21 00:00:00,23.40048063
2019-09-22 00:00:00,20.52728871
2019-09-23 00:00:00,32.19540269
2019-09-24 00:00:00,38.46150022
2019-09-25 00:00:00,42.82475804
2019-09-26 00:00:00,32.64172934
2019-09-27 00:00:00,34.26327785
2019-09-28 00:00:00,23.16487157
2019-09-29 00:00:00,21.00156166
2019-09-30 00:00:00,41.0132903
2019-10-01 00:00:00,48.26497357
2019-10-02 00:00:00,37.20021491
2019-10-03 00:00:00,37.88399226
2019-10-04 00:00:00,27.80367596
2019-10-05 00:00:00,19.14811395
2019-10-06 00:00:00,16.49098962
2019-10-07 00:00:00,24.7041595
2019-10-08 00:00:00,27.65920023
2019-10-09 00:00:00,30.36615188
2019-10-10 00:00:00,33.46657648
2019-10-11 00:00:00,27.83013723
2019-10-12 00:00:00,20.76242438
2019-10-13 00:00:00,16.18085575
2019-10-14 00:00:00,23.82030921
2019-10-15 00:00:00,25.89458072
2019-10-16 00:00:00,29.13647841
2019-10-17 00:00:00,25.40381954
2019-10-18 00:00:00,24.94346328
2019-10-19 00:00:00,18.30723571
2019-10-20 00:00:00,15.84344804
2019-10-21 00:00:00,20.63255238
2019-10-22 00:00:00,22.21592037
2019-10-23 00:00:00,31.07041069
2019-10-24 00:00:00,28.9599249
2019-10-25 00:00:00,36.08670023
2019-10-26 00:00:00,47.8563533
2019-10-27 00:00:00,33.97050101
2019-10-28 00:00:00,37.98415405
2019-10-29 00:00:00,35.47022733
2019-10-30 00:00:00,33.65141019
2019-10-31 00:00:00,35.46517509
2019-11-01 00:00:00,40.18774408
2019-11-02 00:00:00,27.69024942
2019-11-03 00:00:00,26.0661656
2019-11-04 00:00:00,48.28785176
2019-11-05 00:00:00,43.73232482
2019-11-06 00:00:00,38.66539842
2019-11-07 00:00:00,39.73640604
2019-11-08 00:00:00,40.88879104
2019-11-09 00:00:00,29.44260954
2019-11-10 00:00:00,23.86642196
2019-11-11 00:00:00,29.56238739
2019-11-12 00:00:00,28.65525709
2019-11-13 00:00:00,34.31516352
2019-11-14 00:00:00,29.64079727
2019-11-15 00:00:00,29.64859081
2019-11-16 00:00:00,22.93336843
2019-11-17 00:00:00,21.08122965
2019-11-18 00:00:00,27.82718296
2019-11-19 00:00:00,34.36839889
2019-11-20 00:00:00,27.36373955
2019-11-21 00:00:00,36.85944226
2019-11-22 00:00:00,40.02095823
2019-11-23 00:00:00,21.5480276
2019-11-24 00:00:00,17.0147224
2019-11-25 00:00:00,32.18493307
2019-11-26 00:00:00,39.86894065
2019-11-27 00:00:00,33.86031284
2019-11-28 00:00:00,26.17198877
2019-11-29 00:00:00,32.70649438
2019-11-30 00:00:00,27.23029381
2019-12-01 00:00:00,21.90876399
2019-12-02 00:00:00,26.09108998
2019-12-03 00:00:00,25.47734062
2019-12-04 00:00:00,29.54553925
2019-12-05 00:00:00,23.24165709
2019-12-06 00:00:00,25.03292648
2019-12-07 00:00:00,18.05659965
2019-12-08 00:00:00,14.5034802
2019-12-09 00:00:00,21.82070486
2019-12-10 00:00:00,23.22218997
2019-12-11 00:00:00,24.60426083
2019-12-12 00:00:00,22.56385567
2019-12-13 00:00:00,22.4711631
2019-12-14 00:00:00,15.36404462
2019-12-15 00:00:00,20.4478166
2019-12-16 00:00:00,22.16325645
2019-12-17 00:00:00,22.92717755
2019-12-18 00:00:00,27.48314294
2019-12-19 00:00:00,28.71547007
2019-12-20 00:00:00,25.47719556
2019-12-21 00:00:00,16.60936724
2019-12-22 00:00:00,12.80407837
2019-12-23 00:00:00,18.87107421
2019-12-24 00:00:00,17.60848203
2019-12-25 00:00:00,13.13196764
2019-12-26 00:00:00,18.91209694
2019-12-27 00:00:00,17.11633792
2019-12-28 00:00:00,13.80390964
2019-12-29 00:00:00,12.6092473
2019-12-30 00:00:00,15.90283263
2019-12-31 00:00:00,14.84211896
2020-01-01 00:00:00,9.97099973
2020-01-02 00:00:00,13.78084459
2020-01-03 00:00:00,16.38979535
2020-01-04 00:00:00,12.31216518
2020-01-05 00:00:00,11.88711242
2020-01-06 00:00:00,20.49312376
2020-01-07 00:00:00,25.56190656
2020-01-08 00:00:00,30.83081053
2020-01-09 00:00:00,29.78119837
2020-01-10 00:00:00,32.5651343
2020-01-11 00:00:00,18.38352814
2020-01-12 00:00:00,14.53164303
2020-01-13 00:00:00,17.63102526
2020-01-14 00:00:00,26.221577
2020-01-15 00:00:00,31.35812937
2020-01-16 00:00:00,23.85247351
2020-01-17 00:00:00,24.29323765
2020-01-18 00:00:00,17.76555017
2020-01-19 00:00:00,16.5175935
2020-01-20 00:00:00,17.74334005
2020-01-21 00:00:00,20.51905021
2020-01-22 00:00:00,21.67952284
2020-01-23 00:00:00,21.03754657
2020-01-24 00:00:00,16.10082373
2020-01-25 00:00:00,11.39326294
2020-01-26 00:00:00,10.57299079
2020-01-27 00:00:00,19.78717492
2020-01-28 00:00:00,22.98737848
2020-01-29 00:00:00,20.42515898
2020-01-30 00:00:00,19.64580869
2020-01-31 00:00:00,22.53135857
2020-02-01 00:00:00,17.4815999
2020-02-02 00:00:00,16.94878932
2020-02-03 00:00:00,21.53312454
2020-02-04 00:00:00,23.74587464
2020-02-05 00:00:00,25.44140813
2020-02-06 00:00:00,27.10635364
2020-02-07 00:00:00,31.51759356
2020-02-08 00:00:00,21.33690612
2020-02-09 00:00:00,19.8217869
2020-02-10 00:00:00,27.58066679
2020-02-11 00:00:00,34.77248558
2020-02-12 00:00:00,37.39850183
2020-02-13 00:00:00,35.47858608
2020-02-14 00:00:00,32.17258486
2020-02-15 00:00:00,28.54821404
2020-02-16 00:00:00,21.59936997
2020-02-17 00:00:00,25.29770103
2020-02-18 00:00:00,30.12812537
2020-02-19 00:00:00,31.4285617
2020-02-20 00:00:00,27.79666259
2020-02-21 00:00:00,23.54449483
2020-02-22 00:00:00,18.32436669
2020-02-23 00:00:00,16.62073804
2020-02-24 00:00:00,22.9242627
2020-02-25 00:00:00,24.54482939
2020-02-26 00:00:00,29.29911468
2020-02-27 00:00:00,26.95964399
2020-02-28 00:00:00,26.28258744
2020-02-29 00:00:00,18.50395585
2020-03-01 00:00:00,14.44661165
2020-03-02 00:00:00,22.93901727
2020-03-03 00:00:00,24.71643759
2020-03-04 00:00:00,24.25737051
2020-03-05 00:00:00,24.37165686
2020-03-06 00:00:00,26.63263902
2020-03-07 00:00:00,18.53853474
2020-03-08 00:00:00,16.14238732
2020-03-09 00:00:00,25.61204951
2020-03-10 00:00:00,27.9412801
2020-03-11 00:00:00,29.56150425
2020-03-12 00:00:00,59.16829292
2020-03-13 00:00:00,84.31311198
2020-03-14 00:00:00,52.86649863
2020-03-15 00:00:00,44.30830399
2020-03-16 00:00:00,61.56626918
2020-03-17 00:00:00,62.25196409
2020-03-18 00:00:00,58.77164193
2020-03-19 00:00:00,68.45700527
2020-03-20 00:00:00,79.98994299
2020-03-21 00:00:00,47.08077798
2020-03-22 00:00:00,33.34176341
2020-03-23 00:00:00,51.42451024
2020-03-24 00:00:00,44.74357832
2020-03-25 00:00:00,45.40177404
2020-03-26 00:00:00,55.05597495
2020-03-27 00:00:00,41.578544
2020-03-28 00:00:00,28.81999627
2020-03-29 00:00:00,21.0619088
2020-03-30 00:00:00,26.24289384
2020-03-31 00:00:00,29.06116194
2020-04-01 00:00:00,26.74327122
2020-04-02 00:00:00,25.01439071
2020-04-03 00:00:00,25.82618528
2020-04-04 00:00:00,16.67009774
2020-04-05 00:00:00,13.64940917
2020-04-06 00:00:00,20.99212028
2020-04-07 00:00:00,25.32409774
2020-04-08 00:00:00,22.6627845
2020-04-09 00:00:00,23.29595386
2020-04-10 00:00:00,20.78686915
2020-04-11 00:00:00,13.75253175
2020-04-12 00:00:00,12.86445785
2020-04-13 00:00:00,16.74379536
2020-04-14 00:00:00,22.46964436
2020-04-15 00:00:00,26.54420742
2020-04-16 00:00:00,28.64066108
2020-04-17 00:00:00,25.54078133
2020-04-18 00:00:00,19.2635742
2020-04-19 00:00:00,15.56965781
2020-04-20 00:00:00,21.97670283
2020-04-21 00:00:00,23.37622201
2020-04-22 00:00:00,25.3733028
2020-04-23 00:00:00,41.12345331
2020-04-24 00:00:00,37.06157042
2020-04-25 00:00:00,27.81417372
2020-04-26 00:00:00,20.75041249
2020-04-27 00:00:00,28.0798915
2020-04-28 00:00:00,27.79591192
2020-04-29 00:00:00,51.72660237
2020-04-30 00:00:00,106.67585999
2020-05-01 00:00:00,110.19665812
2020-05-02 00:00:00,68.24207768
2020-05-03 00:00:00,57.28031251
2020-05-04 00:00:00,67.05887239
2020-05-05 00:00:00,71.89874272
2020-05-06 00:00:00,68.53849328
2020-05-07 00:00:00,88.31823092
2020-05-08 00:00:00,104.101785
2020-05-09 00:00:00,87.06031277
2020-05-10 00:00:00,63.27358086
2020-05-11 00:00:00,88.60442418
2020-05-12 00:00:00,109.81191323
2020-05-13 00:00:00,108.86188214
2020-05-14 00:00:00,145.59263376
2020-05-15 00:00:00,161.77900478
2020-05-16 00:00:00,108.31654619
2020-05-17 00:00:00,100.65014834
2020-05-18 00:00:00,163.90960993
2020-05-19 00:00:00,182.34876244
2020-05-20 00:00:00,192.28599464
2020-05-21 00:00:00,201.49979488
2020-05-22 00:00:00,158.63953474
2020-05-23 00:00:00,108.03281588
2020-05-24 00:00:00,73.43623594
2020-05-25 00:00:00,92.3763056
2020-05-26 00:00:00,80.47442225
2020-05-27 00:00:00,77.89905605
2020-05-28 00:00:00,88.34237133
2020-05-29 00:00:00,94.10951218
2020-05-30 00:00:00,68.4324487
2020-05-31 00:00:00,61.02644621
2020-06-01 00:00:00,79.73065264
2020-06-02 00:00:00,97.92708045
2020-06-03 00:00:00,82.16455447
2020-06-04 00:00:00,62.37744471
2020-06-05 00:00:00,55.99573563
2020-06-06 00:00:00,31.92632001
2020-06-07 00:00:00,26.32906276
2020-06-08 00:00:00,41.72247948
2020-06-09 00:00:00,35.1746286
2020-06-10 00:00:00,38.3855245
2020-06-11 00:00:00,38.59236598
2020-06-12 00:00:00,29.91881048
2020-06-13 00:00:00,21.0833426
2020-06-14 00:00:00,16.29688827
2020-06-15 00:00:00,34.18315891
2020-06-16 00:00:00,50.59742513
2020-06-17 00:00:00,47.79264099
2020-06-18 00:00:00,44.77971256
2020-06-19 00:00:00,49.57769703
2020-06-20 00:00:00,30.01002493
2020-06-21 00:00:00,24.97941736
2020-06-22 00:00:00,36.15947427
2020-06-23 00:00:00,45.81049682
2020-06-24 00:00:00,42.3573449
2020-06-25 00:00:00,40.08334016
2020-06-26 00:00:00,34.04227231
2020-06-27 00:00:00,23.40413949
2020-06-28 00:00:00,19.69907106
2020-06-29 00:00:00,33.39475024
2020-06-30 00:00:00,42.97241908
2020-07-01 00:00:00,62.82571084
2020-07-02 00:00:00,56.01403666
2020-07-03 00:00:00,53.7862554100001
2020-07-04 00:00:00,31.87048128
2020-07-05 00:00:00,25.1095593
2020-07-06 00:00:00,36.90829526
2020-07-07 00:00:00,40.72918894
2020-07-08 00:00:00,47.68607406
2020-07-09 00:00:00,55.08128328
2020-07-10 00:00:00,48.41811415
2020-07-11 00:00:00,32.6994024
2020-07-12 00:00:00,24.5852307
2020-07-13 00:00:00,40.91827816
2020-07-14 00:00:00,62.95443097
2020-07-15 00:00:00,64.32008944
2020-07-16 00:00:00,78.15856789
2020-07-17 00:00:00,77.30576136
2020-07-18 00:00:00,76.31263773
2020-07-19 00:00:00,45.96803343
2020-07-20 00:00:00,78.58857188
2020-07-21 00:00:00,102.28349837
2020-07-22 00:00:00,143.27483781
2020-07-23 00:00:00,135.00696882
2020-07-24 00:00:00,124.38037589
2020-07-25 00:00:00,89.04999864
2020-07-26 00:00:00,76.48811017
2020-07-27 00:00:00,121.12370183
2020-07-28 00:00:00,187.57139032
2020-07-29 00:00:00,174.64034253
2020-07-30 00:00:00,179.95866069
2020-07-31 00:00:00,171.64760126
2020-08-01 00:00:00,128.24563386
2020-08-02 00:00:00,106.63995761
2020-08-03 00:00:00,130.16320882
2020-08-04 00:00:00,111.40338573
2020-08-05 00:00:00,136.17255821
2020-08-06 00:00:00,196.22049311
2020-08-07 00:00:00,137.20910291
2020-08-08 00:00:00,78.94533308
2020-08-09 00:00:00,62.66871355
2020-08-10 00:00:00,133.6661337
2020-08-11 00:00:00,151.68404592
2020-08-12 00:00:00,125.0328247
2020-08-13 00:00:00,109.0639238
2020-08-14 00:00:00,106.55290555
2020-08-15 00:00:00,67.51446166
2020-08-16 00:00:00,60.46191905
2020-08-17 00:00:00,81.70844023
2020-08-18 00:00:00,158.12712801
2020-08-19 00:00:00,147.58221747
2020-08-20 00:00:00,130.64720271000004
2020-08-21 00:00:00,136.10850768000006
2020-08-22 00:00:00,93.50701843000004
2020-08-23 00:00:00,59.10621225
2020-08-24 00:00:00,78.44959878000006
2020-08-25 00:00:00,90.01229804
2020-08-26 00:00:00,108.47218762
2020-08-27 00:00:00,122.89984729000001
2020-08-28 00:00:00,103.33520898
2020-08-29 00:00:00,65.85247621999999
2020-08-30 00:00:00,64.10535846999996
2020-08-31 00:00:00,91.53783350000002
2020-09-01 00:00:00,125.93549408999998
2020-09-02 00:00:00,127.52455508999998
2020-09-03 00:00:00,134.31577789