Timestamp,mempool-size
2018-02-12 12:15:00,21577818.5
2018-02-13 05:45:00,21727496
2018-02-13 23:15:00,22906898
2018-02-14 16:45:00,70144289.5
2018-02-15 10:15:00,7839552
2018-02-16 03:45:00,4230956.5
2018-02-16 21:15:00,26353386
2018-02-17 14:45:00,38874993.5
2018-02-18 08:15:00,43281026
2018-02-19 01:45:00,36011364
2018-02-19 19:15:00,31577425.5
2018-02-20 12:45:00,15710088.5
2018-02-21 06:15:00,9544488.5
2018-02-21 23:45:00,23194238
2018-02-22 17:15:00,2936801.5
2018-02-23 10:45:00,2700763.5
2018-02-24 04:15:00,62216434
2018-02-24 21:45:00,51271362.5
2018-02-25 15:15:00,187082.5
2018-02-26 08:45:00,18544362.5
2018-02-27 02:15:00,90775997
2018-02-27 19:45:00,63111525.5
2018-02-28 13:15:00,22601115
2018-03-01 06:45:00,44272482.5
2018-03-02 00:15:00,2401146
2018-03-02 17:45:00,5363763.5
2018-03-03 11:15:00,32646610
2018-03-04 04:45:00,29878178.5
2018-03-04 22:15:00,29090768
2018-03-05 15:45:00,34554620
2018-03-06 09:15:00,24807547.5
2018-03-07 02:45:00,25240466.5
2018-03-07 20:15:00,22641233
2018-03-08 13:45:00,22932275.5
2018-03-09 07:15:00,17610817.5
2018-03-10 00:45:00,14847470
2018-03-10 18:15:00,14193932.5
2018-03-11 11:45:00,9903033.5
2018-03-12 05:15:00,1177571
2018-03-12 22:45:00,324107.5
2018-03-13 16:15:00,11799394
2018-03-14 09:45:00,297098
2018-03-15 03:15:00,586799.5
2018-03-15 20:45:00,2799227.5
2018-03-16 14:15:00,1051548
2018-03-17 07:45:00,276053
2018-03-18 01:15:00,210694.5
2018-03-18 18:45:00,554583
2018-03-19 12:15:00,1151742.5
2018-03-20 05:45:00,1677692
2018-03-20 23:15:00,999416.5
2018-03-21 16:45:00,3002504
2018-03-22 10:15:00,184448
2018-03-23 03:45:00,666663
2018-03-23 21:15:00,2433267.5
2018-03-24 14:45:00,804306.5
2018-03-25 08:15:00,887579
2018-03-26 01:45:00,1205611
2018-03-26 19:15:00,1204957.5
2018-03-27 12:45:00,6558791
2018-03-28 06:15:00,206034.5
2018-03-28 23:45:00,857303
2018-03-29 17:15:00,836403.5
2018-03-30 10:45:00,297549.5
2018-03-31 04:15:00,1360968.5
2018-03-31 21:45:00,115669
2018-04-01 15:15:00,1020563.5
2018-04-02 08:45:00,180176
2018-04-03 02:15:00,566660
2018-04-03 19:45:00,3268892.5
2018-04-04 13:15:00,4244698.5
2018-04-05 06:45:00,1032065
2018-04-06 00:15:00,375077
2018-04-06 17:45:00,8937238
2018-04-07 11:15:00,481129
2018-04-08 04:45:00,90221.5
2018-04-08 22:15:00,173699
2018-04-09 15:45:00,3086089
2018-04-10 09:15:00,516221.5
2018-04-11 02:45:00,524233.5
2018-04-11 20:15:00,1212593.5
2018-04-12 13:45:00,10332750.5
2018-04-13 07:15:00,404770.5
2018-04-14 00:45:00,289132
2018-04-14 18:15:00,30741832.5
2018-04-15 11:45:00,1911081.5
2018-04-16 05:15:00,728036
2018-04-16 22:45:00,2048746.5
2018-04-17 16:15:00,2386737
2018-04-18 09:45:00,957004
2018-04-19 03:15:00,302837
2018-04-19 20:45:00,251413.5
2018-04-20 14:15:00,1357367.5
2018-04-21 07:45:00,1203633.5
2018-04-22 01:15:00,202764.5
2018-04-22 18:45:00,300893.5
2018-04-23 12:15:00,1601467
2018-04-24 05:45:00,6627873.5
2018-04-24 23:15:00,631391
2018-04-25 16:45:00,8953365.5
2018-04-26 10:15:00,1076434.5
2018-04-27 03:45:00,1397168.5
2018-04-27 21:15:00,3658342.5
2018-04-28 14:45:00,4146886
2018-04-29 08:15:00,423913.5
2018-04-30 01:45:00,433992
2018-04-30 19:15:00,2143811
2018-05-01 12:45:00,594004
2018-05-02 06:15:00,866480
2018-05-02 23:45:00,458632.5
2018-05-03 17:15:00,13067409
2018-05-04 10:45:00,2462342.5
2018-05-05 04:15:00,652048.5
2018-05-05 21:45:00,624405
2018-05-06 15:15:00,3486654
2018-05-07 08:45:00,678550
2018-05-08 02:15:00,1607845
2018-05-08 19:45:00,509671.5
2018-05-09 13:15:00,3256869.5
2018-05-10 06:45:00,2017228
2018-05-11 00:15:00,882984.5
2018-05-11 17:45:00,16464607.5
2018-05-12 11:15:00,415978.5
2018-05-13 04:45:00,214926
2018-05-13 22:15:00,3879398
2018-05-14 15:45:00,8448761
2018-05-15 09:15:00,2133820.5
2018-05-16 02:45:00,401307
2018-05-16 20:15:00,172976
2018-05-17 13:45:00,2765520
2018-05-18 07:15:00,1074244.5
2018-05-19 00:45:00,231917
2018-05-19 18:15:00,1049282.5
2018-05-20 11:45:00,246427.5
2018-05-21 05:15:00,625604.5
2018-05-21 22:45:00,124611.5
2018-05-22 16:15:00,4732837
2018-05-23 09:45:00,1236745
2018-05-24 03:15:00,518757.5
2018-05-24 20:45:00,185064
2018-05-25 14:15:00,8005260.5
2018-05-26 07:45:00,223733
2018-05-27 01:15:00,392293.5
2018-05-27 18:45:00,883516.5
2018-05-28 12:15:00,824205
2018-05-29 05:45:00,336502.5
2018-05-29 23:15:00,505400.5
2018-05-30 16:45:00,166543
2018-05-31 10:15:00,476150.5
2018-06-01 03:45:00,167344
2018-06-01 21:15:00,464676
2018-06-02 14:45:00,2498854
2018-06-03 08:15:00,181592.5
2018-06-04 01:45:00,50124516
2018-06-04 19:15:00,24570328.5
2018-06-05 12:45:00,7463030
2018-06-06 06:15:00,1745713.5
2018-06-06 23:45:00,35583452
2018-06-07 17:15:00,39211990.5
2018-06-08 10:45:00,5692016
2018-06-09 04:15:00,753567
2018-06-09 21:45:00,797722.5
2018-06-10 15:15:00,271864.5
2018-06-11 08:45:00,825553.5
2018-06-12 02:15:00,1447064.5
2018-06-12 19:45:00,15093429
2018-06-13 13:15:00,4236240
2018-06-14 06:45:00,288100
2018-06-15 00:15:00,2821770.5
2018-06-15 17:45:00,1491116.5
2018-06-16 11:15:00,202882.5
2018-06-17 04:45:00,114501.5
2018-06-17 22:15:00,409279
2018-06-18 15:45:00,2348600
2018-06-19 09:15:00,480683
2018-06-20 02:45:00,7012436
2018-06-20 20:15:00,13275032.5
2018-06-21 13:45:00,493987.5
2018-06-22 07:15:00,300877
2018-06-23 00:45:00,605497.5
2018-06-23 18:15:00,491434
2018-06-24 11:45:00,236636.5
2018-06-25 05:15:00,297422
2018-06-25 22:45:00,2848114.5
2018-06-26 16:15:00,15211074.5
2018-06-27 09:45:00,17194721
2018-06-28 03:15:00,127364
2018-06-28 20:45:00,2249786
2018-06-29 14:15:00,431754.5
2018-06-30 07:45:00,3146967.5
2018-07-01 01:15:00,445375
2018-07-01 18:45:00,302522
2018-07-02 12:15:00,4193091.5
2018-07-03 05:45:00,21813761.5
2018-07-03 23:15:00,20756186
2018-07-04 16:45:00,920298
2018-07-05 10:15:00,6116799
2018-07-06 03:45:00,161061
2018-07-06 21:15:00,143801.5
2018-07-07 14:45:00,447532.5
2018-07-08 08:15:00,176936
2018-07-09 01:45:00,3336225.5
2018-07-09 19:15:00,13094215.5
2018-07-10 12:45:00,7715386.5
2018-07-11 06:15:00,771138.5
2018-07-11 23:45:00,20544300.5
2018-07-12 17:15:00,41067311
2018-07-13 10:45:00,43377526.5
2018-07-14 04:15:00,43086291
2018-07-14 21:45:00,21757367.5
2018-07-15 15:15:00,7183830
2018-07-16 08:45:00,390560.5
2018-07-17 02:15:00,1966068.5
2018-07-17 19:45:00,9763733.5
2018-07-18 13:15:00,11446045
2018-07-19 06:45:00,317971.5
2018-07-20 00:15:00,175624
2018-07-20 17:45:00,4050521.5
2018-07-21 11:15:00,594571
2018-07-22 04:45:00,728719.5
2018-07-22 22:15:00,139733.5
2018-07-23 15:45:00,2887994.5
2018-07-24 09:15:00,1457651
2018-07-25 02:45:00,702175.5
2018-07-25 20:15:00,8842349
2018-07-26 13:45:00,2965163
2018-07-27 07:15:00,2165899
2018-07-28 00:45:00,1922744
2018-07-28 18:15:00,218655
2018-07-29 11:45:00,401327.5
2018-07-30 05:15:00,741941
2018-07-30 22:45:00,198693
2018-07-31 16:15:00,8115568
2018-08-01 09:45:00,1164462.5
2018-08-02 03:15:00,275964.5
2018-08-02 20:45:00,1075403.5
2018-08-03 14:15:00,3225219.5
2018-08-04 07:45:00,532525.5
2018-08-05 01:15:00,141289
2018-08-05 18:45:00,304545
2018-08-06 12:15:00,8202694
2018-08-07 05:45:00,12257405.5
2018-08-07 23:15:00,398058
2018-08-08 16:45:00,1614699.5
2018-08-09 10:15:00,263075.5
2018-08-10 03:45:00,482208.5
2018-08-10 21:15:00,620781.5
2018-08-11 14:45:00,2560666
2018-08-12 08:15:00,932016
2018-08-13 01:45:00,342464.5
2018-08-13 19:15:00,1136776
2018-08-14 12:45:00,5736576.5
2018-08-15 06:15:00,646227
2018-08-15 23:45:00,1150729
2018-08-16 17:15:00,4112891.5
2018-08-17 10:45:00,2223828
2018-08-18 04:15:00,314311
2018-08-18 21:45:00,922789.5
2018-08-19 15:15:00,1272427.5
2018-08-20 08:45:00,659909.5
2018-08-21 02:15:00,254584
2018-08-21 19:45:00,376967.5
2018-08-22 13:15:00,4457383
2018-08-23 06:45:00,1858865
2018-08-24 00:15:00,213744.5
2018-08-24 17:45:00,1192012.5
2018-08-25 11:15:00,819132
2018-08-26 04:45:00,250211
2018-08-26 22:15:00,1648270.5
2018-08-27 15:45:00,2324389
2018-08-28 09:15:00,6917643
2018-08-29 02:45:00,151050
2018-08-29 20:15:00,847391.5
2018-08-30 13:45:00,4961477
2018-08-31 07:15:00,823475
2018-09-01 00:45:00,552061
2018-09-01 18:15:00,699036.5
2018-09-02 11:45:00,500611.5
2018-09-03 05:15:00,1215228.5
2018-09-03 22:45:00,784920.5
2018-09-04 16:15:00,5073596.5
2018-09-05 09:45:00,1501634.5
2018-09-06 03:15:00,628945.5
2018-09-06 20:45:00,3444703
2018-09-07 14:15:00,10298891.5
2018-09-08 07:45:00,610210.5
2018-09-09 01:15:00,629382
2018-09-09 18:45:00,275280
2018-09-10 12:15:00,1806111
2018-09-11 05:45:00,226048.5
2018-09-11 23:15:00,5600673
2018-09-12 16:45:00,1260238
2018-09-13 10:15:00,1797569.5
2018-09-14 03:45:00,449454
2018-09-14 21:15:00,24118283
2018-09-15 14:45:00,776025
2018-09-16 08:15:00,233364.5
2018-09-17 01:45:00,1208805.5
2018-09-17 19:15:00,1280454
2018-09-18 12:45:00,1035611
2018-09-19 06:15:00,440261.5
2018-09-19 23:45:00,160573.5
2018-09-20 17:15:00,743467
2018-09-21 10:45:00,2159155.5
2018-09-22 04:15:00,245804
2018-09-22 21:45:00,216513.5
2018-09-23 15:15:00,2230827
2018-09-24 08:45:00,1241415.5
2018-09-25 02:15:00,737879.5
2018-09-25 19:45:00,5326754
2018-09-26 13:15:00,3745798.5
2018-09-27 06:45:00,290474.5
2018-09-28 00:15:00,423128.5
2018-09-28 17:45:00,3586744.5
2018-09-29 11:15:00,248670.5
2018-09-30 04:45:00,183206
2018-09-30 22:15:00,294536
2018-10-01 15:45:00,6479090
2018-10-02 09:15:00,7020331.5
2018-10-03 02:45:00,381441.5
2018-10-03 20:15:00,2843950.5
2018-10-04 13:45:00,2003096.5
2018-10-05 07:15:00,358576.5
2018-10-06 00:45:00,1038832.5
2018-10-06 18:15:00,482558.5
2018-10-07 11:45:00,319435
2018-10-08 05:15:00,355097
2018-10-08 22:45:00,427952.5
2018-10-09 16:15:00,824812
2018-10-10 09:45:00,734256.5
2018-10-11 03:15:00,614840
2018-10-11 20:45:00,418494
2018-10-12 14:15:00,14309727
2018-10-13 07:45:00,915438.5
2018-10-14 01:15:00,896102
2018-10-14 18:45:00,2169923.5
2018-10-15 12:15:00,4484104.5
2018-10-16 05:45:00,420157
2018-10-16 23:15:00,1015028.5
2018-10-17 16:45:00,3058643.5
2018-10-18 10:15:00,2651789
2018-10-19 03:45:00,1744390.5
2018-10-19 21:15:00,1674077.5
2018-10-20 14:45:00,887918.5
2018-10-21 08:15:00,363714
2018-10-22 01:45:00,1341148
2018-10-22 19:15:00,5669461
2018-10-23 12:45:00,2358816
2018-10-24 06:15:00,4175800.5
2018-10-24 23:45:00,3016330
2018-10-25 17:15:00,7232601
2018-10-26 10:45:00,6846101
2018-10-27 04:15:00,379727.5
2018-10-27 21:45:00,3233675
2018-10-28 15:15:00,1546886.5
2018-10-29 08:45:00,328670
2018-10-30 02:15:00,1679525.5
2018-10-30 19:45:00,471090
2018-10-31 13:15:00,6183434
2018-11-01 06:45:00,2571017
2018-11-02 00:15:00,2161964.5
2018-11-02 17:45:00,11121539.5
2018-11-03 11:15:00,1536252.5
2018-11-04 04:45:00,1128593
2018-11-04 22:15:00,2092133
2018-11-05 15:45:00,4940272
2018-11-06 09:15:00,3651299
2018-11-07 02:45:00,8008729
2018-11-07 20:15:00,4768889
2018-11-08 13:45:00,9766190
2018-11-09 07:15:00,3946601
2018-11-10 00:45:00,2032305
2018-11-10 18:15:00,8512984.5
2018-11-11 11:45:00,1283105.5
2018-11-12 05:15:00,1640412
2018-11-12 22:45:00,353837.5
2018-11-13 16:15:00,5481738.5
2018-11-14 09:45:00,3312213.5
2018-11-15 03:15:00,7508808.5
2018-11-15 20:45:00,14215272.5
2018-11-16 14:15:00,9602271.5
2018-11-17 07:45:00,2041235.5
2018-11-18 01:15:00,505047
2018-11-18 18:45:00,4063565.5
2018-11-19 12:15:00,6000544.5
2018-11-20 05:45:00,19534804
2018-11-20 23:15:00,24217513
2018-11-21 16:45:00,20844928.5
2018-11-22 10:15:00,3223425
2018-11-23 03:45:00,2604438.5
2018-11-23 21:15:00,3116565
2018-11-24 14:45:00,1122337
2018-11-25 08:15:00,450561
2018-11-26 01:45:00,3397261
2018-11-26 19:15:00,10384020
2018-11-27 12:45:00,8969038
2018-11-28 06:15:00,3624993.5
2018-11-28 23:45:00,11528272
2018-11-29 17:15:00,12137087
2018-11-30 10:45:00,7183711
2018-12-01 04:15:00,943406
2018-12-01 21:45:00,982584
2018-12-02 15:15:00,1089149.5
2018-12-03 08:45:00,501680
2018-12-04 02:15:00,10129885
2018-12-04 19:45:00,1948401
2018-12-05 13:15:00,5414652.5
2018-12-06 06:45:00,914818.5
2018-12-07 00:15:00,1370972
2018-12-07 17:45:00,8585050
2018-12-08 11:15:00,494057
2018-12-09 04:45:00,303232.5
2018-12-09 22:15:00,567049.5
2018-12-10 15:45:00,11428381
2018-12-11 09:15:00,2650736.5
2018-12-12 02:45:00,865682.5
2018-12-12 20:15:00,1917447.5
2018-12-13 13:45:00,6786463
2018-12-14 07:15:00,2590172
2018-12-15 00:45:00,313354.5
2018-12-15 18:15:00,1424775.5
2018-12-16 11:45:00,186455.5
2018-12-17 05:15:00,1528725.5
2018-12-17 22:45:00,1954224
2018-12-18 16:15:00,7834427.5
2018-12-19 09:45:00,2317924.5
2018-12-20 03:15:00,855999.5
2018-12-20 20:45:00,5246367.5
2018-12-21 14:15:00,9166874.5
2018-12-22 07:45:00,1249343.5
2018-12-23 01:15:00,1598136.5
2018-12-23 18:45:00,912666.5
2018-12-24 12:15:00,1721351.5
2018-12-25 05:45:00,761670
2018-12-25 23:15:00,221608
2018-12-26 16:45:00,1158092
2018-12-27 10:15:00,1324751.5
2018-12-28 03:45:00,1469284.5
2018-12-28 21:15:00,483162
2018-12-29 14:45:00,1738198
2018-12-30 08:15:00,1183613.5
2018-12-31 01:45:00,250778
2018-12-31 19:15:00,620924.5
2019-01-01 12:45:00,872521
2019-01-02 06:15:00,1794316.5
2019-01-02 23:45:00,604496
2019-01-03 17:15:00,176217.5
2019-01-04 10:45:00,5402925.5
2019-01-05 04:15:00,1062952
2019-01-05 21:45:00,953735
2019-01-06 15:15:00,3261431
2019-01-07 08:45:00,2347006.5
2019-01-08 02:15:00,829276
2019-01-08 19:45:00,532560.5
2019-01-09 13:15:00,9094197
2019-01-10 06:45:00,1417845.5
2019-01-11 00:15:00,288437
2019-01-11 17:45:00,2744696
2019-01-12 11:15:00,1267466
2019-01-13 04:45:00,355706
2019-01-13 22:15:00,340859
2019-01-14 15:45:00,1969972
2019-01-15 09:15:00,1467188
2019-01-16 02:45:00,5612684.5
2019-01-16 20:15:00,1870562
2019-01-17 13:45:00,6256459
2019-01-18 07:15:00,1381380
2019-01-19 00:45:00,625068
2019-01-19 18:15:00,2402467.5
2019-01-20 11:45:00,620801.5
2019-01-21 05:15:00,322963
2019-01-21 22:45:00,2895012.5
2019-01-22 16:15:00,8786296.5
2019-01-23 09:45:00,1060900
2019-01-24 03:15:00,4697041
2019-01-24 20:45:00,260098.5
2019-01-25 14:15:00,4623132
2019-01-26 07:45:00,1515336.5
2019-01-27 01:15:00,299185.5
2019-01-27 18:45:00,769835.5
2019-01-28 12:15:00,7217717
2019-01-29 05:45:00,1746425
2019-01-29 23:15:00,463795
2019-01-30 16:45:00,5427324.5
2019-01-31 10:15:00,363810.5
2019-02-01 03:45:00,1070706
2019-02-01 21:15:00,1421861.5
2019-02-02 14:45:00,6853786.5
2019-02-03 08:15:00,328952.5
2019-02-04 01:45:00,1579843
2019-02-04 19:15:00,1243549
2019-02-05 12:45:00,2634887.5
2019-02-06 06:15:00,685013.5
2019-02-06 23:45:00,1213212
2019-02-07 17:15:00,3234892
2019-02-08 10:45:00,1552650
2019-02-09 04:15:00,919587.5
2019-02-09 21:45:00,1802943
2019-02-10 15:15:00,2353239.5
2019-02-11 08:45:00,276459
2019-02-12 02:15:00,20518819
2019-02-12 19:45:00,15093796
2019-02-13 13:15:00,11126299
2019-02-14 06:45:00,825923
2019-02-15 00:15:00,1165249
2019-02-15 17:45:00,20055844.5
2019-02-16 11:15:00,1556194.5
2019-02-17 04:45:00,1146369
2019-02-17 22:15:00,304506.5
2019-02-18 15:45:00,5189274.5
2019-02-19 09:15:00,1837987.5
2019-02-20 02:45:00,3478697.5
2019-02-20 20:15:00,3450572.5
2019-02-21 13:45:00,10895394
2019-02-22 07:15:00,1173061.5
2019-02-23 00:45:00,1147397
2019-02-23 18:15:00,4224716
2019-02-24 11:45:00,265608.5
2019-02-25 05:15:00,459762.5
2019-02-25 22:45:00,6018979
2019-02-26 16:15:00,4760013
2019-02-27 09:45:00,5322965
2019-02-28 03:15:00,1924801
2019-02-28 20:45:00,7178143
2019-03-01 14:15:00,14135621
2019-03-02 07:45:00,2254488
2019-03-03 01:15:00,767243
2019-03-03 18:45:00,1343514.5
2019-03-04 12:15:00,7712781.5
2019-03-05 05:45:00,666901
2019-03-05 23:15:00,1236525
2019-03-06 16:45:00,13392907.5
2019-03-07 10:15:00,460544
2019-03-08 03:45:00,1047302.5
2019-03-08 21:15:00,373039
2019-03-09 14:45:00,5147339.5
2019-03-10 08:15:00,791087.5
2019-03-11 01:45:00,3136011
2019-03-11 19:15:00,6003865
2019-03-12 12:45:00,928477.5
2019-03-13 06:15:00,2800000.5
2019-03-13 23:45:00,6769628.5
2019-03-14 17:15:00,1357304
2019-03-15 10:45:00,1327341
2019-03-16 04:15:00,229696
2019-03-16 21:45:00,1217214.5
2019-03-17 15:15:00,1419826.5
2019-03-18 08:45:00,1538134.5
2019-03-19 02:15:00,2009049
2019-03-19 19:45:00,449362.5
2019-03-20 13:15:00,5297117
2019-03-21 06:45:00,3205743.5
2019-03-22 00:15:00,1217501
2019-03-22 17:45:00,547752
2019-03-23 11:15:00,271344
2019-03-24 04:45:00,365801
2019-03-24 22:15:00,227648.5
2019-03-25 15:45:00,4313748.5
2019-03-26 09:15:00,6565837.5
2019-03-27 02:45:00,4567726.5
2019-03-27 20:15:00,15220186.5
2019-03-28 13:45:00,22215995.5
2019-03-29 07:15:00,12300959.5
2019-03-30 00:45:00,20333612.5
2019-03-30 18:15:00,20124248.5
2019-03-31 11:45:00,15692856.5
2019-04-01 05:15:00,14640160.5
2019-04-01 22:45:00,29926717
2019-04-02 16:15:00,41110143.5
2019-04-03 09:45:00,38619364.5
2019-04-04 03:15:00,41564365
2019-04-04 20:45:00,42208519
2019-04-05 14:15:00,21144268.5
2019-04-06 07:45:00,9170061.5
2019-04-07 01:15:00,6424952
2019-04-07 18:45:00,2721403.5
2019-04-08 12:15:00,8450541.5
2019-04-09 05:45:00,3011836.5
2019-04-09 23:15:00,11844077.5
2019-04-10 16:45:00,10476885
2019-04-11 10:15:00,5667500.5
2019-04-12 03:45:00,2004122.5
2019-04-12 21:15:00,942185
2019-04-13 14:45:00,2963097.5
2019-04-14 08:15:00,3408032
2019-04-15 01:45:00,5157149.5
2019-04-15 19:15:00,5605595.5
2019-04-16 12:45:00,9846630.5
2019-04-17 06:15:00,8731752.5
2019-04-17 23:45:00,7551137
2019-04-18 17:15:00,19586193
2019-04-19 10:45:00,8212154
2019-04-20 04:15:00,6427100.5
2019-04-20 21:45:00,28341367.5
2019-04-21 15:15:00,7082656
2019-04-22 08:45:00,4720713
2019-04-23 02:15:00,10034372
2019-04-23 19:45:00,30564659.5
2019-04-24 13:15:00,24519516.5
2019-04-25 06:45:00,9450927
2019-04-26 00:15:00,12181154
2019-04-26 17:45:00,13275665.5
2019-04-27 11:15:00,4174223
2019-04-28 04:45:00,1489717.5
2019-04-28 22:15:00,1006179
2019-04-29 15:45:00,10142106.5
2019-04-30 09:15:00,7724434
2019-05-01 02:45:00,2841859.5
2019-05-01 20:15:00,2221240.5
2019-05-02 13:45:00,3040489.5
2019-05-03 07:15:00,4064727
2019-05-04 00:45:00,3422150.5
2019-05-04 18:15:00,6152000
2019-05-05 11:45:00,3344922.5
2019-05-06 05:15:00,2487079.5
2019-05-06 22:45:00,3693847
2019-05-07 16:15:00,14802808
2019-05-08 09:45:00,8131352.5
2019-05-09 03:15:00,7465727
2019-05-09 20:45:00,19331086
2019-05-10 14:15:00,27023912
2019-05-11 07:45:00,23210020.5
2019-05-12 01:15:00,19549387.5
2019-05-12 18:45:00,8142823
2019-05-13 12:15:00,3837100.5
2019-05-14 05:45:00,6340313
2019-05-14 23:15:00,22169144
2019-05-15 16:45:00,33794957.5
2019-05-16 10:15:00,41031345.5
2019-05-17 03:45:00,38620575
2019-05-17 21:15:00,47864864
2019-05-18 14:45:00,27690814
2019-05-19 08:15:00,937441
2019-05-20 01:45:00,403999.5
2019-05-20 19:15:00,12321414.5
2019-05-21 12:45:00,13899721.5
2019-05-22 06:15:00,11357211.5
2019-05-22 23:45:00,5996103.5
2019-05-23 17:15:00,8252369
2019-05-24 10:45:00,12715835
2019-05-25 04:15:00,1174772
2019-05-25 21:45:00,8377236
2019-05-26 15:15:00,4147486
2019-05-27 08:45:00,4100074.5
2019-05-28 02:15:00,6724029.5
2019-05-28 19:45:00,13575008
2019-05-29 13:15:00,4714545
2019-05-30 06:45:00,1152293.5
2019-05-31 00:15:00,7217245.5
2019-05-31 17:45:00,34121155
2019-06-01 11:15:00,10930877
2019-06-02 04:45:00,9317285.5
2019-06-02 22:15:00,5038807.5
2019-06-03 15:45:00,18223514.5
2019-06-04 09:15:00,17519254
2019-06-05 02:45:00,6168468
2019-06-05 20:15:00,4039616.5
2019-06-06 13:45:00,2117668
2019-06-07 07:15:00,833137.5
2019-06-08 00:45:00,2268554.5
2019-06-08 18:15:00,3923349
2019-06-09 11:45:00,1683365
2019-06-10 05:15:00,1103669.5
2019-06-10 22:45:00,1869280
2019-06-11 16:15:00,13178580
2019-06-12 09:45:00,10260272.5
2019-06-13 03:15:00,9102859
2019-06-13 20:45:00,14997809.5
2019-06-14 14:15:00,13427201
2019-06-15 07:45:00,1930980.5
2019-06-16 01:15:00,3247938
2019-06-16 18:45:00,20688439.5
2019-06-17 12:15:00,12654151.5
2019-06-18 05:45:00,15411635
2019-06-18 23:15:00,8872798.5
2019-06-19 16:45:00,11256444.5
2019-06-20 10:15:00,9700222.5
2019-06-21 03:45:00,16859841
2019-06-21 21:15:00,32377050
2019-06-22 14:45:00,38299699
2019-06-23 08:15:00,5211293
2019-06-24 01:45:00,1118419.5
2019-06-24 19:15:00,7720377.5
2019-06-25 12:45:00,10705597
2019-06-26 06:15:00,13506231.5
2019-06-26 23:45:00,35981027.5
2019-06-27 17:15:00,48058265
2019-06-28 10:45:00,37446379
2019-06-29 04:15:00,17533485.5
2019-06-29 21:45:00,3173825
2019-06-30 15:15:00,609098.5
2019-07-01 08:45:00,12681458.5
2019-07-02 02:15:00,17288037
2019-07-02 19:45:00,16540791
2019-07-03 13:15:00,11281293.5
2019-07-04 06:45:00,925268.5
2019-07-05 00:15:00,448710
2019-07-05 17:45:00,9375168
2019-07-06 11:15:00,358780
2019-07-07 04:45:00,1150725
2019-07-07 22:15:00,1111174
2019-07-08 15:45:00,18327512.5
2019-07-09 09:15:00,3920430.5
2019-07-10 02:45:00,11541122.5
2019-07-10 20:15:00,22071551
2019-07-11 13:45:00,31119169
2019-07-12 07:30:00,10507559
2019-07-13 01:00:00,3246334.5
2019-07-13 18:30:00,4419694.5
2019-07-14 12:00:00,3277304.5
2019-07-15 05:30:00,367467.5
2019-07-15 23:00:00,6206522
2019-07-16 16:30:00,3587461.5
2019-07-17 10:00:00,6986623.5
2019-07-18 03:30:00,33007072
2019-07-18 21:00:00,46187620
2019-07-19 14:30:00,49329496.5
2019-07-20 08:30:00,1608546
2019-07-21 02:00:00,1587798
2019-07-21 19:30:00,305676.5
2019-07-22 13:00:00,2245689.5
2019-07-23 06:30:00,1969488.5
2019-07-24 00:00:00,739224.5
2019-07-24 17:30:00,8510296
2019-07-25 11:00:00,2953048.5
2019-07-26 04:30:00,462342.5
2019-07-26 22:00:00,986253
2019-07-27 15:30:00,456162.5
2019-07-28 09:00:00,765698.5
2019-07-29 02:30:00,339070.5
2019-07-29 20:00:00,1593573
2019-07-30 13:30:00,12096416
2019-07-31 07:00:00,3608355.5
2019-08-01 00:30:00,973193
2019-08-01 18:00:00,4899205.5
2019-08-02 11:30:00,981314
2019-08-03 05:00:00,947623.5
2019-08-03 22:30:00,303420
2019-08-04 16:00:00,618581
2019-08-05 09:30:00,2668298
2019-08-06 03:00:00,1164785.5
2019-08-06 20:30:00,2745611.5
2019-08-07 14:00:00,9631942.5
2019-08-08 07:30:00,9952807
2019-08-09 01:00:00,2018618
2019-08-09 18:30:00,9190486.5
2019-08-10 12:00:00,1117121.5
2019-08-11 05:30:00,363011.5
2019-08-11 23:00:00,196369
2019-08-12 16:30:00,16835954
2019-08-13 10:00:00,2714552.5
2019-08-14 03:30:00,1838486
2019-08-14 21:00:00,528369
2019-08-15 14:30:00,8517150.5
2019-08-16 08:00:00,3754927
2019-08-17 01:30:00,2105296.5
2019-08-17 19:00:00,509558
2019-08-18 12:30:00,491187.5
2019-08-19 06:00:00,633490.5
2019-08-19 23:30:00,1140894
2019-08-20 17:00:00,5222161.5
2019-08-21 10:30:00,1178479
2019-08-22 04:00:00,1388235.5
2019-08-22 21:30:00,6325114
2019-08-23 15:00:00,4625887.5
2019-08-24 08:30:00,960561
2019-08-25 02:00:00,1151636
2019-08-25 19:30:00,321133
2019-08-26 13:00:00,7678809.5
2019-08-27 06:30:00,2129324.5
2019-08-28 00:00:00,869732
2019-08-28 17:30:00,9203676
2019-08-29 11:00:00,1931659
2019-08-30 04:30:00,1083786
2019-08-30 22:00:00,432653.5
2019-08-31 15:30:00,300927.5
2019-09-01 09:00:00,418560
2019-09-02 02:30:00,965172
2019-09-02 20:00:00,6036411
2019-09-03 13:30:00,5436920
2019-09-04 07:00:00,2960433.5
2019-09-05 00:30:00,769875.5
2019-09-05 18:00:00,8792151
2019-09-06 11:30:00,1185699.5
2019-09-07 05:00:00,841015
2019-09-07 22:30:00,334510.5
2019-09-08 16:00:00,2411367
2019-09-09 09:30:00,3530092.5
2019-09-10 03:00:00,2700098
2019-09-10 20:30:00,380133
2019-09-11 14:00:00,10391701
2019-09-12 07:30:00,1278478
2019-09-13 01:00:00,797751
2019-09-13 18:30:00,6267050
2019-09-14 12:00:00,726654
2019-09-15 05:30:00,1552156
2019-09-15 23:00:00,463987.5
2019-09-16 16:30:00,11275672.5
2019-09-17 10:00:00,1034517
2019-09-18 03:30:00,2227307
2019-09-18 21:00:00,1626752
2019-09-19 14:30:00,7420739
2019-09-20 08:00:00,406193.5
2019-09-21 01:30:00,1865325
2019-09-21 19:00:00,1333993.5
2019-09-22 12:30:00,918909
2019-09-23 06:00:00,2869242
2019-09-23 23:30:00,14261414.5
2019-09-24 17:00:00,1991962
2019-09-25 10:30:00,2771287
2019-09-26 04:00:00,634438
2019-09-26 21:30:00,588647
2019-09-27 15:00:00,10525079.5
2019-09-28 08:30:00,627005
2019-09-29 02:00:00,335814
2019-09-29 19:30:00,297828.5
2019-09-30 13:00:00,4668963
2019-10-01 06:30:00,1284471
2019-10-02 00:00:00,347681.5
2019-10-02 17:30:00,3867204.5
2019-10-03 11:00:00,5232166
2019-10-04 04:30:00,1304491.5
2019-10-04 22:00:00,280132
2019-10-05 15:30:00,1208069.5
2019-10-06 09:00:00,1985181.5
2019-10-07 02:30:00,570054.5
2019-10-07 20:00:00,4848309
2019-10-08 13:30:00,5775532
2019-10-09 07:00:00,1116203.5
2019-10-10 00:30:00,938006
2019-10-10 18:00:00,1066715
2019-10-11 11:30:00,2968813
2019-10-12 05:00:00,481764.5
2019-10-12 22:30:00,1053257
2019-10-13 16:00:00,1439008.5
2019-10-14 09:30:00,1050131
2019-10-15 03:00:00,359974.5
2019-10-15 20:30:00,3578573.5
2019-10-16 14:00:00,4251237
2019-10-17 07:30:00,434040
2019-10-18 01:00:00,163136
2019-10-18 18:30:00,2756435.5
2019-10-19 12:00:00,835241.5
2019-10-20 05:30:00,1221285.5
2019-10-20 23:00:00,655129.5
2019-10-21 16:30:00,758953
2019-10-22 10:00:00,6431115.5
2019-10-23 03:30:00,464446
2019-10-23 21:00:00,1974360.5
2019-10-24 14:30:00,10327537.5
2019-10-25 08:00:00,1947822
2019-10-26 01:30:00,4783079
2019-10-26 19:00:00,13711054.5
2019-10-27 12:30:00,1355360.5
2019-10-28 06:00:00,1778980.5
2019-10-28 23:30:00,977211.5
2019-10-29 17:00:00,6776164
2019-10-30 10:30:00,3270876.5
2019-10-31 04:00:00,1829859
2019-10-31 21:30:00,6078710.5
2019-11-01 15:00:00,10636254.5
2019-11-02 08:30:00,433897
2019-11-03 02:00:00,393553.5
2019-11-03 19:30:00,511566.5
2019-11-04 13:00:00,1619293
2019-11-05 06:30:00,2695405
2019-11-06 00:00:00,3324034
2019-11-06 17:30:00,8022128
2019-11-07 11:00:00,295612
2019-11-08 04:30:00,1344733
2019-11-08 22:00:00,5924218
2019-11-09 15:30:00,985268
2019-11-10 09:00:00,627601
2019-11-11 02:30:00,2077252.5
2019-11-11 20:00:00,1599463.5
2019-11-12 13:30:00,4842935
2019-11-13 07:00:00,3684494
2019-11-14 00:30:00,583064
2019-11-14 18:00:00,2646188.5
2019-11-15 11:30:00,88173222.5
2019-11-16 05:00:00,73630838
2019-11-16 22:30:00,49361172.5
2019-11-17 16:00:00,10914412
2019-11-18 09:30:00,3303459
2019-11-19 03:00:00,10959005.5
2019-11-19 20:30:00,3327775
2019-11-20 14:00:00,4277334
2019-11-21 07:30:00,4940932
2019-11-22 01:00:00,2707443.5
2019-11-22 18:30:00,8594752
2019-11-23 12:00:00,1260597
2019-11-24 05:30:00,1140784
2019-11-24 23:00:00,681122
2019-11-25 16:30:00,15656181
2019-11-26 10:00:00,14648090.5
2019-11-27 03:30:00,8629578.5
2019-11-27 21:00:00,1528020
2019-11-28 14:30:00,2354231
2019-11-29 08:00:00,962319.5
2019-11-30 01:30:00,566528.5
2019-11-30 19:00:00,2463548
2019-12-01 12:30:00,628756
2019-12-02 06:00:00,1229917.5
2019-12-02 23:30:00,3526600
2019-12-03 17:00:00,548571
2019-12-04 10:30:00,1568477.5
2019-12-05 04:00:00,2122946
2019-12-05 21:30:00,583785.5
2019-12-06 15:00:00,9322048
2019-12-07 08:30:00,560036.5
2019-12-08 02:00:00,1654850
2019-12-08 19:30:00,1954560
2019-12-09 13:00:00,3495239.5
2019-12-10 06:30:00,243469
2019-12-11 00:00:00,603432.5
2019-12-11 17:30:00,2539331
2019-12-12 11:00:00,717139.5
2019-12-13 04:30:00,471456.5
2019-12-13 22:00:00,1389738
2019-12-14 15:30:00,1584486
2019-12-15 09:00:00,1127008.5
2019-12-16 02:30:00,1615378.5
2019-12-16 20:00:00,929014
2019-12-17 13:30:00,12008836.5
2019-12-18 07:00:00,928184
2019-12-19 00:30:00,388177
2019-12-19 18:00:00,5671331.5
2019-12-20 11:30:00,1125107
2019-12-21 05:00:00,220504.5
2019-12-21 22:30:00,348972
2019-12-22 16:00:00,2454844
2019-12-23 09:30:00,1159491
2019-12-24 03:00:00,6445117
2019-12-24 20:30:00,1898383
2019-12-25 14:00:00,2547873.5
2019-12-26 07:30:00,281962
2019-12-27 01:00:00,552528.5
2019-12-27 18:30:00,3606403.5
2019-12-28 12:00:00,626318.5
2019-12-29 05:30:00,336011.5
2019-12-29 23:00:00,193883.5
2019-12-30 16:30:00,2573088
2019-12-31 10:00:00,1041521
2020-01-01 03:30:00,287830
2020-01-01 21:00:00,435852.5
2020-01-02 14:30:00,2540627
2020-01-03 08:00:00,719247
2020-01-04 01:30:00,262614
2020-01-04 19:00:00,307470.5
2020-01-05 12:30:00,509010
2020-01-06 06:00:00,798639
2020-01-06 23:30:00,2045480
2020-01-07 17:00:00,3543979
2020-01-08 10:30:00,4861941.5
2020-01-09 04:00:00,872722
2020-01-09 21:30:00,455285.5
2020-01-10 15:00:00,3816406
2020-01-11 08:30:00,385509.5
2020-01-12 02:00:00,1278910
2020-01-12 19:30:00,2004417
2020-01-13 13:00:00,918190.5
2020-01-14 06:30:00,3931204
2020-01-15 00:00:00,2556369
2020-01-15 17:30:00,1614025
2020-01-16 11:00:00,245897.5
2020-01-17 04:30:00,709045
2020-01-17 22:00:00,5164856.5
2020-01-18 15:30:00,214273.5
2020-01-19 09:00:00,412617
2020-01-20 02:30:00,1265298
2020-01-20 20:00:00,2847235
2020-01-21 13:30:00,2636794.5
2020-01-22 07:00:00,353728.5
2020-01-23 00:30:00,966561.5
2020-01-23 18:00:00,876217.5
2020-01-24 11:30:00,950335.5
2020-01-25 05:00:00,224066.5
2020-01-25 22:30:00,197852.5
2020-01-26 16:00:00,3474067.5
2020-01-27 09:30:00,1428282.5
2020-01-28 03:00:00,7876411
2020-01-28 20:30:00,4590928
2020-01-29 14:00:00,4116361.5
2020-01-30 07:30:00,446190.5
2020-01-31 01:00:00,793558.5
2020-01-31 18:30:00,9914629
2020-02-01 12:00:00,1501632
2020-02-02 05:30:00,625076
2020-02-02 23:00:00,1278747.5
2020-02-03 16:30:00,3011568
2020-02-04 10:00:00,4608458
2020-02-05 03:30:00,319441
2020-02-05 21:00:00,2722163.5
2020-02-06 14:30:00,10861181
2020-02-07 08:00:00,9827760.5
2020-02-08 01:30:00,7676728
2020-02-08 19:00:00,573229
2020-02-09 12:30:00,1803758.5
2020-02-10 06:00:00,3055727
2020-02-10 23:30:00,18166092
2020-02-11 17:00:00,12585325
2020-02-12 10:30:00,9054889
2020-02-13 04:30:00,7504055.5
2020-02-13 22:00:00,2320591.5
2020-02-14 15:30:00,8735471
2020-02-15 09:00:00,2513120
2020-02-16 02:30:00,1783642.5
2020-02-16 20:00:00,546992
2020-02-17 13:30:00,4054408.5
2020-02-18 07:00:00,1778516
2020-02-19 00:30:00,202299.5
2020-02-19 18:00:00,5520599
2020-02-20 11:30:00,1135501.5
2020-02-21 05:00:00,439582
2020-02-21 22:30:00,3916576.5
2020-02-22 16:00:00,1439104.5
2020-02-23 09:30:00,1401147.5
2020-02-24 03:00:00,348389.5
2020-02-24 20:30:00,6194557
2020-02-25 14:00:00,6619312
2020-02-26 07:30:00,3599146
2020-02-27 01:00:00,3090476
2020-02-27 18:30:00,5308298.5
2020-02-28 12:00:00,1904304.5
2020-02-29 05:30:00,444557
2020-02-29 23:00:00,3460903.5
2020-03-01 16:30:00,657679
2020-03-02 10:00:00,2254256
2020-03-03 03:30:00,1658685
2020-03-03 21:00:00,11494218
2020-03-04 14:30:00,10879973
2020-03-05 08:00:00,1693817
2020-03-06 01:30:00,389636.5
2020-03-06 19:00:00,10929118.5
2020-03-07 12:30:00,750364
2020-03-08 06:00:00,613155.5
2020-03-08 23:30:00,670481
2020-03-09 17:00:00,10356919.5
2020-03-10 10:30:00,1738946.5
2020-03-11 04:00:00,497620.5
2020-03-11 21:30:00,16911204.5
2020-03-12 15:00:00,18465577
2020-03-13 08:30:00,16344173
2020-03-14 04:00:00,13429952.5
2020-03-14 21:30:00,2695847
2020-03-15 15:00:00,4170460
2020-03-16 08:30:00,2920019.5
2020-03-17 02:00:00,6894646.5
2020-03-17 19:30:00,11575535
2020-03-18 13:00:00,8243269
2020-03-19 06:30:00,5211882
2020-03-20 00:00:00,17607159
2020-03-20 17:30:00,15500686.5
2020-03-21 11:00:00,3440381.5
2020-03-22 04:30:00,1646689.5
2020-03-22 22:00:00,943029.5
2020-03-23 15:30:00,9782424.5
2020-03-24 09:00:00,1392083
2020-03-25 02:30:00,1838520
2020-03-25 20:30:00,21970671.5
2020-03-26 14:00:00,3737098
2020-03-27 07:30:00,619989
2020-03-28 01:00:00,851023
2020-03-28 18:30:00,2840830
2020-03-29 12:00:00,935514.5
2020-03-30 05:30:00,494624.5
2020-03-30 23:00:00,638476.5
2020-03-31 16:30:00,13059287
2020-04-01 10:00:00,3875510
2020-04-02 03:30:00,4948007
2020-04-02 21:00:00,7640349
2020-04-03 14:30:00,8662905
2020-04-04 08:00:00,13172768
2020-04-05 01:30:00,480211.5
2020-04-05 19:00:00,345862.5
2020-04-06 12:30:00,5490851.5
2020-04-07 06:00:00,514054
2020-04-07 23:30:00,378167
2020-04-08 17:00:00,6358233
2020-04-09 10:30:00,7145802
2020-04-10 04:00:00,1756492.5
2020-04-10 21:30:00,657585
2020-04-11 15:00:00,3228867.5
2020-04-12 08:30:00,386040.5
2020-04-13 02:00:00,1177053
2020-04-13 19:30:00,1941286
2020-04-14 13:00:00,1990521.5
2020-04-15 06:30:00,394746.5
2020-04-16 00:00:00,473386.5
2020-04-16 17:30:00,4099611
2020-04-17 11:00:00,4273281
2020-04-18 04:30:00,5310376.5
2020-04-18 22:00:00,637043.5
2020-04-19 15:30:00,558269
2020-04-20 09:00:00,1769124.5
2020-04-21 02:30:00,3348871.5
2020-04-21 20:00:00,4089279.5
2020-04-22 13:30:00,16621008.5
2020-04-23 07:00:00,25765285
2020-04-24 00:30:00,25784127.5
2020-04-24 18:00:00,24925929
2020-04-25 11:30:00,16170531.5
2020-04-26 05:00:00,4176444
2020-04-26 22:30:00,1684651.5
2020-04-27 16:00:00,6610618
2020-04-28 09:30:00,2139298
2020-04-29 03:00:00,2174963
2020-04-29 20:30:00,24107424
2020-04-30 14:00:00,73502306
2020-05-01 07:30:00,58833198.5
2020-05-02 01:00:00,43794619
2020-05-02 18:30:00,29459199
2020-05-03 12:00:00,1357176.5
2020-05-04 05:30:00,2900483.5
2020-05-04 23:00:00,7957490.5
2020-05-05 16:30:00,18171363.5
2020-05-06 10:00:00,3354142.5
2020-05-07 03:30:00,11500765
2020-05-07 21:00:00,26827120.5
2020-05-08 14:30:00,36874430
2020-05-09 08:00:00,49125380.5
2020-05-10 01:30:00,35444410.5
2020-05-10 19:00:00,22966958.5
2020-05-11 12:30:00,7664017
2020-05-12 06:00:00,9276970.5
2020-05-12 23:30:00,23223533
2020-05-13 17:00:00,36090306
2020-05-14 10:30:00,46335948
2020-05-15 04:00:00,67023437.5
2020-05-15 21:30:00,72026994
2020-05-16 15:00:00,56727606
2020-05-17 08:30:00,56710611
2020-05-18 02:00:00,60692648.5
2020-05-18 19:30:00,72603825.5
2020-05-19 13:00:00,73095689
2020-05-20 06:30:00,89983677
2020-05-21 00:00:00,77980731.5
2020-05-21 17:30:00,86613604
2020-05-22 11:00:00,91191322
2020-05-23 04:30:00,89567289
2020-05-23 22:00:00,79561819
2020-05-24 15:30:00,68766733
2020-05-25 09:00:00,61653544
2020-05-26 02:30:00,57743335.5
2020-05-26 20:00:00,61334117
2020-05-27 13:30:00,51065272
2020-05-28 07:00:00,32697248
2020-05-29 00:30:00,33947133
2020-05-29 18:00:00,27643216
2020-05-30 11:30:00,3248666
2020-05-31 05:00:00,813589
2020-05-31 22:30:00,2159713.5
2020-06-01 16:00:00,11944479.5
2020-06-02 09:30:00,11158567.5
2020-06-03 03:00:00,19126012
2020-06-03 20:30:00,22184097.5
2020-06-04 14:00:00,7369782.5
2020-06-05 07:30:00,694075
2020-06-06 01:00:00,356733
2020-06-06 18:30:00,1080763
2020-06-07 12:00:00,2459078
2020-06-08 05:30:00,201805.5
2020-06-08 23:00:00,13425991
2020-06-09 16:30:00,10781650.5
2020-06-10 10:00:00,3730586.5
2020-06-11 03:30:00,7966819
2020-06-11 21:00:00,8255681
2020-06-12 14:30:00,32048557
2020-06-13 08:00:00,850295
2020-06-14 01:30:00,320247
2020-06-14 19:00:00,1648461
2020-06-15 12:30:00,4490957
2020-06-16 06:00:00,5306215
2020-06-16 23:30:00,9236455.5
2020-06-17 17:00:00,6103443.5
2020-06-18 10:30:00,5632073.5
2020-06-19 04:00:00,11750863
2020-06-19 21:30:00,7159804
2020-06-20 15:00:00,932073.5
2020-06-21 08:30:00,1288440
2020-06-22 02:00:00,393617.5
2020-06-22 19:30:00,31085636.5
2020-06-23 13:00:00,16451139.5
2020-06-24 06:30:00,13660329
2020-06-25 00:00:00,18447239
2020-06-25 17:30:00,16212821.5
2020-06-26 11:00:00,2939169.5
2020-06-27 04:30:00,414913.5
2020-06-27 22:00:00,397254.5
2020-06-28 15:30:00,3203739
2020-06-29 09:00:00,7541159.5
2020-06-30 02:30:00,999839.5
2020-06-30 20:00:00,23415461
2020-07-01 13:30:00,8317784.5
2020-07-02 07:00:00,2896049
2020-07-03 00:30:00,453560.5
2020-07-03 18:00:00,19241316
2020-07-04 11:30:00,2562553.5
2020-07-05 05:00:00,1470168
2020-07-05 22:30:00,801984.5
2020-07-06 16:00:00,6897540
2020-07-07 09:30:00,5378496
2020-07-08 03:00:00,1846626
2020-07-08 20:30:00,16144479
2020-07-09 14:00:00,7268561
2020-07-10 07:30:00,960372.5
2020-07-11 01:00:00,2760405
2020-07-11 18:30:00,2827875.5
2020-07-12 12:00:00,1132519
2020-07-13 05:30:00,1387868.5
2020-07-13 23:00:00,24996694.5
2020-07-14 16:30:00,25853678
2020-07-15 10:00:00,15255653.5
2020-07-16 03:30:00,22246328
2020-07-16 21:00:00,29583943
2020-07-17 14:30:00,46355910
2020-07-18 08:00:00,37032748
2020-07-19 01:30:00,39490324
2020-07-19 19:00:00,35906148
2020-07-20 12:30:00,32159000
2020-07-21 06:00:00,36193017
2020-07-21 23:30:00,63298232.5
2020-07-22 17:00:00,67592646.5
2020-07-23 10:30:00,63960826
2020-07-24 04:00:00,71903525.5
2020-07-24 21:30:00,77579348
2020-07-25 15:00:00,50648553
2020-07-26 08:30:00,34813146.5
2020-07-27 02:00:00,19276161
2020-07-27 19:30:00,40230915
2020-07-28 13:00:00,56235697
2020-07-29 06:30:00,45789799.5
2020-07-30 00:00:00,57988724.5
2020-07-30 17:30:00,64537923
2020-07-31 11:00:00,61337530
2020-08-01 04:30:00,64701187
2020-08-01 22:00:00,72935735
2020-08-02 15:30:00,54329628
2020-08-03 09:00:00,37295675
2020-08-04 02:30:00,30929188.5
2020-08-04 20:00:00,39884171.5
2020-08-05 13:30:00,36800980.5
2020-08-06 07:00:00,39430113.5
2020-08-07 00:30:00,43968791
2020-08-07 18:00:00,49954983
2020-08-08 11:30:00,30926936.5
2020-08-09 05:00:00,16416387.5
2020-08-09 22:30:00,261993
2020-08-10 16:00:00,22606547
2020-08-11 09:30:00,7370982
2020-08-12 03:00:00,5543046
2020-08-12 20:30:00,17005249
2020-08-13 14:00:00,12069029
2020-08-14 07:30:00,2599072
2020-08-15 01:00:00,8153025
2020-08-15 18:30:00,10642280
2020-08-16 12:00:00,2413592
2020-08-17 05:30:00,4951800
2020-08-17 23:00:00,33768323
2020-08-18 16:30:00,41644172
2020-08-19 10:00:00,31736554.5
2020-08-20 03:30:00,25677378.5
2020-08-20 21:00:00,28315051
2020-08-21 14:30:00,26124194
2020-08-22 08:00:00,25359367
2020-08-23 01:30:00,18989559.5
2020-08-23 19:00:00,634318
2020-08-24 12:30:00,25654689.5
2020-08-25 06:00:00,22866878
2020-08-25 23:30:00,41390594.5
2020-08-26 17:00:00,36061535.5
2020-08-27 10:30:00,41642272.5
2020-08-28 04:00:00,38357740
2020-08-28 21:30:00,37931462
2020-08-29 15:00:00,25971231
2020-08-30 08:30:00,12977897
2020-08-31 02:00:00,9090927.5
2020-08-31 19:30:00,20000473
2020-09-01 13:00:00,20314634
2020-09-02 06:30:00,12657241.5
2020-09-03 00:00:00,30793797.5
2020-09-03 17:30:00,48863555
2020-09-04 11:00:00,47368270
2020-09-05 04:30:00,54907029
2020-09-05 22:00:00,47134128
2020-09-06 15:30:00,11850481
2020-09-07 09:00:00,8716483
2020-09-08 02:30:00,954810
2020-09-08 20:00:00,6005493
2020-09-09 13:30:00,4381862.5
2020-09-10 07:00:00,9308904.5
2020-09-11 00:30:00,10428946
2020-09-11 18:00:00,17355212.5
2020-09-12 11:30:00,1748205.5
2020-09-13 05:00:00,478703
2020-09-13 22:30:00,3788418
2020-09-14 16:00:00,5185934
2020-09-15 09:30:00,17518809
2020-09-16 03:00:00,5190346
2020-09-16 20:30:00,12589172
2020-09-17 14:00:00,6225362
2020-09-18 07:30:00,1365199.5
2020-09-19 01:00:00,12977948.5
2020-09-19 18:30:00,2636351
2020-09-20 12:00:00,3880428.5
2020-09-21 05:30:00,399969
2020-09-21 23:00:00,27606536.5
2020-09-22 16:30:00,26098679.5
2020-09-23 10:00:00,35133985
2020-09-24 03:30:00,31957897.5
2020-09-24 21:00:00,37301230.5
2020-09-25 14:30:00,19931296.5
2020-09-26 08:00:00,17277381
2020-09-27 01:30:00,2322405
2020-09-27 19:00:00,949883
2020-09-28 12:30:00,4284525
2020-09-29 06:00:00,9977398.5
2020-09-29 23:30:00,22134269
2020-09-30 17:00:00,20381664.5
2020-10-01 10:30:00,24506595.5
2020-10-02 04:00:00,35688290.5
2020-10-02 21:30:00,47292104
2020-10-03 15:00:00,29455703.5
2020-10-04 08:30:00,324907.5
2020-10-05 02:00:00,351124.5
2020-10-05 19:30:00,32505450.5
2020-10-06 13:00:00,14247024
2020-10-07 06:30:00,15916880
2020-10-08 00:00:00,17077269.5
2020-10-08 17:30:00,15640626
2020-10-09 11:00:00,13033079
2020-10-10 04:30:00,9973685
2020-10-10 22:00:00,9527725
2020-10-11 15:30:00,3797823.5
2020-10-12 09:00:00,3894591
2020-10-13 02:30:00,14982612.5
2020-10-13 20:00:00,10687623.5
2020-10-14 13:30:00,9744661
2020-10-15 07:00:00,2293555.5
2020-10-16 00:30:00,4331799.5
2020-10-16 18:00:00,10913223
2020-10-17 11:30:00,3211342.5
2020-10-18 05:00:00,1177727.5
2020-10-18 22:30:00,6228505
2020-10-19 16:00:00,17854013.5
2020-10-20 09:30:00,4074915
2020-10-21 03:00:00,16889401.5
2020-10-21 20:30:00,36608358.5
2020-10-22 14:00:00,34121012.5
2020-10-23 07:30:00,34182918.5
2020-10-24 01:00:00,41045173.5
2020-10-24 18:30:00,31385805.5
2020-10-25 12:00:00,16621774
2020-10-26 05:30:00,6494571
2020-10-26 23:00:00,39775342.5
2020-10-27 16:30:00,58063857
2020-10-28 10:00:00,65589728.5
2020-10-29 03:30:00,58036251.5
2020-10-29 21:00:00,70349314
2020-10-30 14:30:00,62408038
2020-10-31 08:00:00,69319215
2020-11-01 01:30:00,55044183.5
2020-11-01 19:00:00,51565836.5
2020-11-02 12:30:00,68128441.5
2020-11-03 06:00:00,67256992.5
2020-11-03 23:30:00,69159968
2020-11-04 17:00:00,65014200
2020-11-05 10:30:00,59322925
2020-11-06 04:00:00,71966130.5
2020-11-06 21:30:00,78089648.5
2020-11-07 15:00:00,59855002
2020-11-08 08:30:00,43052833
2020-11-09 02:00:00,27344518.5
2020-11-09 19:30:00,9908140
2020-11-10 13:00:00,8006870.5
2020-11-11 06:30:00,3108912.5
2020-11-12 00:00:00,891169
2020-11-12 17:30:00,6611855
2020-11-13 11:00:00,2582361
2020-11-14 04:30:00,9748240.5
2020-11-14 22:00:00,1798036.5
2020-11-15 15:30:00,5209891
2020-11-16 09:00:00,1432578.5
2020-11-17 02:30:00,8462941
2020-11-17 20:00:00,14419844.5
2020-11-18 13:30:00,4637671.5
2020-11-19 07:00:00,9513282.5
2020-11-20 00:30:00,20792129
2020-11-20 18:00:00,11719196.5
2020-11-21 11:30:00,5115102
2020-11-22 05:00:00,343971.5
2020-11-22 22:30:00,6052825.5
2020-11-23 16:00:00,14695197.5
2020-11-24 09:30:00,20447193
2020-11-25 03:00:00,34125612
2020-11-25 20:30:00,35712086.5
2020-11-26 14:00:00,46390043.5
2020-11-27 07:30:00,28436874
2020-11-28 01:00:00,31713293.5
2020-11-28 18:30:00,16125423
2020-11-29 12:00:00,2867361.5
2020-11-30 05:30:00,3120631.5
2020-11-30 23:00:00,46235252
2020-12-01 16:30:00,40920826
2020-12-02 10:00:00,42446502.5
2020-12-03 03:30:00,35413738.5
2020-12-03 21:00:00,43148580
2020-12-04 14:30:00,49860084
2020-12-05 08:00:00,26347704.5
2020-12-06 01:30:00,24210418
2020-12-06 19:00:00,16584515.5
2020-12-07 12:30:00,8752638.5
2020-12-08 06:00:00,2705979
2020-12-08 23:30:00,12218892
2020-12-09 17:00:00,18116681.5
2020-12-10 10:30:00,20984056.5
2020-12-11 04:00:00,18396712
2020-12-11 21:30:00,27484306.5
2020-12-12 15:00:00,17821098.5
2020-12-13 08:30:00,3282641
2020-12-14 02:00:00,615828.5
2020-12-14 19:30:00,12486019.5
2020-12-15 13:00:00,12543040
2020-12-16 06:30:00,5394136
2020-12-17 00:00:00,45566858.5
2020-12-17 17:30:00,77333125.5
2020-12-18 11:00:00,57189770
2020-12-19 04:30:00,44714026
2020-12-19 22:00:00,34871087
2020-12-20 15:30:00,21248556
2020-12-21 09:00:00,32880137.5
2020-12-22 02:30:00,42111574.5
2020-12-22 20:00:00,42485750
2020-12-23 13:30:00,54675012
2020-12-24 07:00:00,52685632
2020-12-25 00:30:00,69186242
2020-12-25 18:00:00,53720031.5
2020-12-26 11:30:00,41106575.5
2020-12-27 05:00:00,27531333.5
2020-12-27 22:30:00,58175605.5
2020-12-28 16:00:00,46380266.5
2020-12-29 09:30:00,46039310
2020-12-30 03:00:00,47435585
2020-12-30 20:30:00,56287846
2020-12-31 14:00:00,56907470.5
2021-01-01 07:30:00,32861431
2021-01-02 01:00:00,21356566.5
2021-01-02 18:30:00,22379277.5
2021-01-03 12:00:00,18961709
2021-01-04 05:30:00,9423506
2021-01-04 23:00:00,23058719.5
2021-01-05 16:30:00,30019963.5
2021-01-06 10:00:00,23818248.5
2021-01-07 03:30:00,29828859.5
2021-01-07 21:00:00,50220161.5
2021-01-08 14:30:00,71091983
2021-01-09 08:00:00,83391061.5
2021-01-10 01:30:00,84027115.5
2021-01-10 19:00:00,83947653.5
2021-01-11 12:30:00,93953633
2021-01-12 06:00:00,74344186
2021-01-12 23:30:00,89635115
2021-01-13 17:00:00,92644588.5
2021-01-14 10:30:00,76349298
2021-01-15 04:00:00,80120003.5
2021-01-15 21:30:00,82190503.5
2021-01-16 15:00:00,73495085
2021-01-17 08:30:00,94452844
2021-01-18 02:00:00,71827766
2021-01-18 19:30:00,84793264.5
2021-01-19 13:00:00,75441790
2021-01-20 06:30:00,84515518
2021-01-21 00:00:00,91037916.5
2021-01-21 17:30:00,87484188.5
2021-01-22 11:00:00,87216357
2021-01-23 04:30:00,95937692.5
2021-01-23 22:00:00,87136150
2021-01-24 15:30:00,63943561.5
2021-01-25 09:00:00,72793779.5
2021-01-26 02:30:00,70081513.5
2021-01-26 20:00:00,73427019.5
2021-01-27 13:30:00,65445377.5
2021-01-28 07:00:00,64106203.5
2021-01-29 00:30:00,72867071
2021-01-29 18:00:00,79151667.5
2021-01-30 11:30:00,61793699.5
2021-01-31 05:00:00,68018555.5
2021-01-31 22:30:00,85316967
2021-02-01 16:00:00,84032754
2021-02-02 09:30:00,70360040.5
2021-02-03 03:00:00,75423329
2021-02-03 20:30:00,80929788
2021-02-04 14:00:00,79594419.5
2021-02-05 07:30:00,70864099
2021-02-06 01:00:00,80479368
2021-02-06 18:30:00,77496525.5
2021-02-07 12:00:00,70399878.5
2021-02-08 05:30:00,60421963
2021-02-08 23:00:00,79224714.5
2021-02-09 16:30:00,82964384.5
2021-02-10 10:00:00,69486579
2021-02-11 03:30:00,80894542