Timestamp,estimated-transaction-volume
2018-02-12 00:00:00,181999.25517977
2018-02-13 00:00:00,146929.34577495
2018-02-14 00:00:00,148097.50308228
2018-02-15 00:00:00,130151.06430121
2018-02-16 00:00:00,106729.74900057
2018-02-17 00:00:00,80893.89617716
2018-02-18 00:00:00,82943.41667937
2018-02-19 00:00:00,114330.2486842
2018-02-20 00:00:00,130404.45595898
2018-02-21 00:00:00,145459.85457672
2018-02-22 00:00:00,252887.92526631
2018-02-23 00:00:00,176293.62339995
2018-02-24 00:00:00,167742.75814358
2018-02-25 00:00:00,76897.66460255
2018-02-26 00:00:00,109418.40066947
2018-02-27 00:00:00,139296.16827184
2018-02-28 00:00:00,202928.40020459
2018-03-01 00:00:00,190547.6522974
2018-03-02 00:00:00,119411.41408502
2018-03-03 00:00:00,92233.68977254
2018-03-04 00:00:00,92256.7308983401
2018-03-05 00:00:00,136451.97474105
2018-03-06 00:00:00,118687.70420192
2018-03-07 00:00:00,156219.65883794
2018-03-08 00:00:00,144694.06871065
2018-03-09 00:00:00,209952.82852803
2018-03-10 00:00:00,108717.98334596
2018-03-11 00:00:00,108693.48297902
2018-03-12 00:00:00,118997.93037607
2018-03-13 00:00:00,155930.19963723
2018-03-14 00:00:00,150082.3606247
2018-03-15 00:00:00,148147.95039108
2018-03-16 00:00:00,114974.96978622
2018-03-17 00:00:00,87993.26009963
2018-03-18 00:00:00,106466.47999797
2018-03-19 00:00:00,134630.81618522
2018-03-20 00:00:00,115827.41989221
2018-03-21 00:00:00,116440.08659449
2018-03-22 00:00:00,112702.15145632
2018-03-23 00:00:00,110642.21472773
2018-03-24 00:00:00,70255.22054964
2018-03-25 00:00:00,105825.41526348
2018-03-26 00:00:00,124837.25443802
2018-03-27 00:00:00,118459.94509903
2018-03-28 00:00:00,107913.83021102
2018-03-29 00:00:00,150158.72822356
2018-03-30 00:00:00,177530.33853903
2018-03-31 00:00:00,79991.72072854
2018-04-01 00:00:00,86133.1555443499
2018-04-02 00:00:00,110068.82873236
2018-04-03 00:00:00,133852.20395338
2018-04-04 00:00:00,110965.61120402
2018-04-05 00:00:00,112177.22907878
2018-04-06 00:00:00,108538.67894632
2018-04-07 00:00:00,94943.22492621
2018-04-08 00:00:00,80835.1504356099
2018-04-09 00:00:00,114599.80056914
2018-04-10 00:00:00,120032.31391682
2018-04-11 00:00:00,137653.17686588
2018-04-12 00:00:00,182577.60319632
2018-04-13 00:00:00,144308.29009319
2018-04-14 00:00:00,64658.99849488
2018-04-15 00:00:00,67923.73120369
2018-04-16 00:00:00,108195.60696197
2018-04-17 00:00:00,115918.26781873
2018-04-18 00:00:00,102568.57977623
2018-04-19 00:00:00,167636.84581575
2018-04-20 00:00:00,130982.91168306
2018-04-21 00:00:00,113075.41335848
2018-04-22 00:00:00,75772.24207642
2018-04-23 00:00:00,131451.15375978
2018-04-24 00:00:00,188947.24806828
2018-04-25 00:00:00,182321.10271922
2018-04-26 00:00:00,153472.32939378
2018-04-27 00:00:00,137832.97239504
2018-04-28 00:00:00,181496.65283805
2018-04-29 00:00:00,111520.9811707
2018-04-30 00:00:00,111808.71123176
2018-05-01 00:00:00,94831.04724597
2018-05-02 00:00:00,148772.59043457
2018-05-03 00:00:00,137704.23928306
2018-05-04 00:00:00,147326.30019705
2018-05-05 00:00:00,105033.80093888
2018-05-06 00:00:00,102606.56203805
2018-05-07 00:00:00,139041.28363146
2018-05-08 00:00:00,141050.96343243
2018-05-09 00:00:00,134032.00105616
2018-05-10 00:00:00,147010.54915426
2018-05-11 00:00:00,150246.76958199
2018-05-12 00:00:00,108590.35837089
2018-05-13 00:00:00,72791.52752957
2018-05-14 00:00:00,218669.27317225
2018-05-15 00:00:00,127053.61452274
2018-05-16 00:00:00,163709.18621139
2018-05-17 00:00:00,239749.03587405
2018-05-18 00:00:00,217257.88853753
2018-05-19 00:00:00,69258.31272579
2018-05-20 00:00:00,60574.81708491
2018-05-21 00:00:00,94655.0691273701
2018-05-22 00:00:00,109440.13169692
2018-05-23 00:00:00,137159.63824964
2018-05-24 00:00:00,132765.30943142
2018-05-25 00:00:00,105922.96589606
2018-05-26 00:00:00,57883.28354626
2018-05-27 00:00:00,55156.26843977
2018-05-28 00:00:00,142198.95375539
2018-05-29 00:00:00,123808.71566001
2018-05-30 00:00:00,122565.28186151
2018-05-31 00:00:00,110610.19089246
2018-06-01 00:00:00,115082.96418138
2018-06-02 00:00:00,68084.92814719
2018-06-03 00:00:00,63586.47651149
2018-06-04 00:00:00,103191.06680438
2018-06-05 00:00:00,100695.49782987
2018-06-06 00:00:00,102125.84032165
2018-06-07 00:00:00,104275.28480214
2018-06-08 00:00:00,109203.30318025
2018-06-09 00:00:00,67150.24534698
2018-06-10 00:00:00,96374.39547151
2018-06-11 00:00:00,139263.30481878
2018-06-12 00:00:00,126796.26063644
2018-06-13 00:00:00,162000.16368328
2018-06-14 00:00:00,128266.46471757
2018-06-15 00:00:00,125284.06637524
2018-06-16 00:00:00,61035.98130678
2018-06-17 00:00:00,66538.79284904
2018-06-18 00:00:00,102492.49229511
2018-06-19 00:00:00,106824.89484388
2018-06-20 00:00:00,96696.64608428
2018-06-21 00:00:00,106868.49577031
2018-06-22 00:00:00,139066.27734528
2018-06-23 00:00:00,72223.57781248
2018-06-24 00:00:00,96575.55706309
2018-06-25 00:00:00,110438.13308687
2018-06-26 00:00:00,97662.61815475
2018-06-27 00:00:00,129636.33921232
2018-06-28 00:00:00,117832.15028735
2018-06-29 00:00:00,110801.81275775
2018-06-30 00:00:00,82832.66572052
2018-07-01 00:00:00,156527.31453502
2018-07-02 00:00:00,112986.14767016
2018-07-03 00:00:00,133468.22434974
2018-07-04 00:00:00,100970.19836395
2018-07-05 00:00:00,99701.07869663
2018-07-06 00:00:00,123863.50938152
2018-07-07 00:00:00,56348.7283069
2018-07-08 00:00:00,84412.33099726
2018-07-09 00:00:00,95508.90090779
2018-07-10 00:00:00,130092.79338628
2018-07-11 00:00:00,110950.30883423
2018-07-12 00:00:00,109759.56466708
2018-07-13 00:00:00,108183.08988126
2018-07-14 00:00:00,54585.49956239
2018-07-15 00:00:00,56376.2719242
2018-07-16 00:00:00,114418.44005346
2018-07-17 00:00:00,122040.02126665
2018-07-18 00:00:00,145957.88028447
2018-07-19 00:00:00,134422.75978267
2018-07-20 00:00:00,109510.71103217
2018-07-21 00:00:00,72037.49838477
2018-07-22 00:00:00,53147.20542212
2018-07-23 00:00:00,121830.82924959
2018-07-24 00:00:00,143048.84387971
2018-07-25 00:00:00,122048.88419943
2018-07-26 00:00:00,101634.50375445
2018-07-27 00:00:00,110689.70702294
2018-07-28 00:00:00,63140.85524892
2018-07-29 00:00:00,88720.62690695
2018-07-30 00:00:00,106625.90657694
2018-07-31 00:00:00,115565.8388714
2018-08-01 00:00:00,94246.95105974
2018-08-02 00:00:00,136730.89997241
2018-08-03 00:00:00,125025.88092394
2018-08-04 00:00:00,65849.13586153
2018-08-05 00:00:00,53460.26157189
2018-08-06 00:00:00,104968.69776034
2018-08-07 00:00:00,94874.79518835
2018-08-08 00:00:00,121965.4515345
2018-08-09 00:00:00,146500.59873039
2018-08-10 00:00:00,118704.23237602
2018-08-11 00:00:00,81985.52720055
2018-08-12 00:00:00,52911.9729427
2018-08-13 00:00:00,133117.74061006
2018-08-14 00:00:00,174756.67755621
2018-08-15 00:00:00,139731.30593396
2018-08-16 00:00:00,108291.35438602
2018-08-17 00:00:00,121209.34691359
2018-08-18 00:00:00,58157.43305442
2018-08-19 00:00:00,42573.98299395
2018-08-20 00:00:00,100254.08704014
2018-08-21 00:00:00,136643.37322861
2018-08-22 00:00:00,155662.41564123
2018-08-23 00:00:00,137478.91672202
2018-08-24 00:00:00,101079.93408633
2018-08-25 00:00:00,76480.86699603
2018-08-26 00:00:00,57884.26825733
2018-08-27 00:00:00,117539.09593461
2018-08-28 00:00:00,139981.86373915
2018-08-29 00:00:00,123431.91842179
2018-08-30 00:00:00,115317.20580681
2018-08-31 00:00:00,124281.24133195
2018-09-01 00:00:00,74829.35577503
2018-09-02 00:00:00,61620.4373048
2018-09-03 00:00:00,99809.2155674801
2018-09-04 00:00:00,115634.76453139
2018-09-05 00:00:00,133041.21616556
2018-09-06 00:00:00,168447.98857039
2018-09-07 00:00:00,115752.44482164
2018-09-08 00:00:00,57255.76266626
2018-09-09 00:00:00,74324.23464826
2018-09-10 00:00:00,112735.09928441
2018-09-11 00:00:00,117778.93706773
2018-09-12 00:00:00,106750.1765978
2018-09-13 00:00:00,193728.12236403
2018-09-14 00:00:00,113998.01673189
2018-09-15 00:00:00,57528.2677257
2018-09-16 00:00:00,43827.29300977
2018-09-17 00:00:00,89722.98460494
2018-09-18 00:00:00,96970.36644241
2018-09-19 00:00:00,111850.02172733
2018-09-20 00:00:00,106443.20546576
2018-09-21 00:00:00,147934.62604296
2018-09-22 00:00:00,69125.50220616
2018-09-23 00:00:00,50088.41556267
2018-09-24 00:00:00,77312.2098320599
2018-09-25 00:00:00,132989.31304651
2018-09-26 00:00:00,116668.9816268
2018-09-27 00:00:00,126129.93324774
2018-09-28 00:00:00,137336.05132336
2018-09-29 00:00:00,70886.84278193
2018-09-30 00:00:00,63803.98514462
2018-10-01 00:00:00,104521.23748128
2018-10-02 00:00:00,126366.95828697
2018-10-03 00:00:00,114587.95392339
2018-10-04 00:00:00,102191.80613948
2018-10-05 00:00:00,95772.50767858
2018-10-06 00:00:00,59251.46792762
2018-10-07 00:00:00,38328.30629141
2018-10-08 00:00:00,95479.4055692
2018-10-09 00:00:00,106727.57894567
2018-10-10 00:00:00,115412.58970185
2018-10-11 00:00:00,142521.04483277
2018-10-12 00:00:00,128397.51296319
2018-10-13 00:00:00,59376.85282451
2018-10-14 00:00:00,64000.4546354
2018-10-15 00:00:00,219303.98403101
2018-10-16 00:00:00,136972.66102608
2018-10-17 00:00:00,112983.94243377
2018-10-18 00:00:00,134568.34717246
2018-10-19 00:00:00,130794.88090176
2018-10-20 00:00:00,107638.94788253
2018-10-21 00:00:00,45300.18497126
2018-10-22 00:00:00,113898.24531915
2018-10-23 00:00:00,113622.78920733
2018-10-24 00:00:00,120219.6096642
2018-10-25 00:00:00,127063.22494307
2018-10-26 00:00:00,116264.00201481
2018-10-27 00:00:00,59305.67537731
2018-10-28 00:00:00,71645.16455588
2018-10-29 00:00:00,141597.67842289
2018-10-30 00:00:00,100057.50840646
2018-10-31 00:00:00,128050.18334012
2018-11-01 00:00:00,127786.03761222
2018-11-02 00:00:00,137076.405956
2018-11-03 00:00:00,57759.29082746
2018-11-04 00:00:00,82401.40320903
2018-11-05 00:00:00,116896.12990623
2018-11-06 00:00:00,116941.35240412
2018-11-07 00:00:00,131243.46889415
2018-11-08 00:00:00,119749.93119902
2018-11-09 00:00:00,131258.847817
2018-11-10 00:00:00,60442.51854251
2018-11-11 00:00:00,60560.67878987
2018-11-12 00:00:00,118353.34336074
2018-11-13 00:00:00,128317.62574391
2018-11-14 00:00:00,201549.98749144
2018-11-15 00:00:00,484615.07082242
2018-11-16 00:00:00,195693.85675478
2018-11-17 00:00:00,89398.18379487
2018-11-18 00:00:00,63965.16471261
2018-11-19 00:00:00,199215.20378453
2018-11-20 00:00:00,325080.78370828
2018-11-21 00:00:00,227159.86345532
2018-11-22 00:00:00,147946.46205614
2018-11-23 00:00:00,174401.86280718
2018-11-24 00:00:00,96368.50508279
2018-11-25 00:00:00,164901.54793394
2018-11-26 00:00:00,192156.33611956
2018-11-27 00:00:00,229185.33044865
2018-11-28 00:00:00,198420.8828308
2018-11-29 00:00:00,217174.91941728
2018-11-30 00:00:00,397151.03222431
2018-12-01 00:00:00,171395.71727545
2018-12-02 00:00:00,84399.89901707
2018-12-03 00:00:00,319552.03686438
2018-12-04 00:00:00,632663.24019797
2018-12-05 00:00:00,372914.97617337
2018-12-06 00:00:00,385583.72007886
2018-12-07 00:00:00,224589.84393952
2018-12-08 00:00:00,108889.78336972
2018-12-09 00:00:00,80735.93336664
2018-12-10 00:00:00,152111.12871128
2018-12-11 00:00:00,216726.78479913
2018-12-12 00:00:00,161534.99419053
2018-12-13 00:00:00,177671.44337181
2018-12-14 00:00:00,161726.03180085
2018-12-15 00:00:00,91655.2988358
2018-12-16 00:00:00,98059.28085556
2018-12-17 00:00:00,161537.16859897
2018-12-18 00:00:00,205069.82277401
2018-12-19 00:00:00,238015.6390954
2018-12-20 00:00:00,209224.042065
2018-12-21 00:00:00,203257.00403146
2018-12-22 00:00:00,78988.75477337
2018-12-23 00:00:00,98148.12191618
2018-12-24 00:00:00,165780.96935255
2018-12-25 00:00:00,106914.50089349
2018-12-26 00:00:00,111855.64573318
2018-12-27 00:00:00,153232.01524318
2018-12-28 00:00:00,168810.72130871
2018-12-29 00:00:00,108797.37893241
2018-12-30 00:00:00,70586.78146794
2018-12-31 00:00:00,126700.76554973
2019-01-01 00:00:00,59662.85322199
2019-01-02 00:00:00,129140.083302
2019-01-03 00:00:00,152925.79042141
2019-01-04 00:00:00,141474.79692751
2019-01-05 00:00:00,84980.85526938
2019-01-06 00:00:00,76252.19816891
2019-01-07 00:00:00,154837.02139319
2019-01-08 00:00:00,148461.83872514
2019-01-09 00:00:00,157273.13975154
2019-01-10 00:00:00,177109.2242526
2019-01-11 00:00:00,297947.55517708
2019-01-12 00:00:00,74725.49091697
2019-01-13 00:00:00,65713.00493608
2019-01-14 00:00:00,163190.79792603
2019-01-15 00:00:00,348323.10458262
2019-01-16 00:00:00,171796.41630166
2019-01-17 00:00:00,141053.25732459
2019-01-18 00:00:00,124501.44269042
2019-01-19 00:00:00,84470.37134261
2019-01-20 00:00:00,66397.09423339
2019-01-21 00:00:00,138085.58372343
2019-01-22 00:00:00,157815.45691535
2019-01-23 00:00:00,151170.07561375
2019-01-24 00:00:00,134575.04638898
2019-01-25 00:00:00,128463.10154632
2019-01-26 00:00:00,81859.95195094
2019-01-27 00:00:00,63071.67360757
2019-01-28 00:00:00,174584.69479135
2019-01-29 00:00:00,147946.66275646
2019-01-30 00:00:00,215449.84292465
2019-01-31 00:00:00,167866.0628049
2019-02-01 00:00:00,179022.47582505
2019-02-02 00:00:00,92025.73487174
2019-02-03 00:00:00,77437.78018008
2019-02-04 00:00:00,103575.76117164
2019-02-05 00:00:00,121437.29393125
2019-02-06 00:00:00,147198.80842744
2019-02-07 00:00:00,141362.21057476
2019-02-08 00:00:00,158595.25843566
2019-02-09 00:00:00,80267.96229461
2019-02-10 00:00:00,75922.13008086
2019-02-11 00:00:00,142422.01919519
2019-02-12 00:00:00,138142.67996208
2019-02-13 00:00:00,189712.96628565
2019-02-14 00:00:00,130446.9173572
2019-02-15 00:00:00,133247.15235359
2019-02-16 00:00:00,101428.20292054
2019-02-17 00:00:00,66470.83825274
2019-02-18 00:00:00,183636.78265967
2019-02-19 00:00:00,184200.08371263
2019-02-20 00:00:00,178208.3140972
2019-02-21 00:00:00,168503.09604698
2019-02-22 00:00:00,151533.52786479
2019-02-23 00:00:00,122875.08682081
2019-02-24 00:00:00,108635.19590087
2019-02-25 00:00:00,208068.25586482
2019-02-26 00:00:00,156017.98293206
2019-02-27 00:00:00,151116.06094781
2019-02-28 00:00:00,245556.34406393
2019-03-01 00:00:00,140717.25873174
2019-03-02 00:00:00,115903.06169813
2019-03-03 00:00:00,68527.74282908
2019-03-04 00:00:00,137268.22340606
2019-03-05 00:00:00,144933.87008677
2019-03-06 00:00:00,157270.30610398
2019-03-07 00:00:00,154918.40702447
2019-03-08 00:00:00,160504.72437379
2019-03-09 00:00:00,86329.41825182
2019-03-10 00:00:00,74383.15807342
2019-03-11 00:00:00,150815.60489193
2019-03-12 00:00:00,164931.86118135
2019-03-13 00:00:00,164285.61866673
2019-03-14 00:00:00,186070.52294079
2019-03-15 00:00:00,140553.54903091
2019-03-16 00:00:00,90730.23507401
2019-03-17 00:00:00,62921.06027281
2019-03-18 00:00:00,150812.24179997
2019-03-19 00:00:00,153423.86580305
2019-03-20 00:00:00,162646.42262987
2019-03-21 00:00:00,162727.43399188
2019-03-22 00:00:00,132765.6723717
2019-03-23 00:00:00,79374.19310932
2019-03-24 00:00:00,72780.07074657
2019-03-25 00:00:00,151269.35087819
2019-03-26 00:00:00,154738.07825736
2019-03-27 00:00:00,156424.37878494
2019-03-28 00:00:00,155941.90310641
2019-03-29 00:00:00,201647.83064006
2019-03-30 00:00:00,85754.58549224
2019-03-31 00:00:00,103158.29183022
2019-04-01 00:00:00,155390.74697761
2019-04-02 00:00:00,310399.23620122
2019-04-03 00:00:00,234837.8363348
2019-04-04 00:00:00,202638.56884232
2019-04-05 00:00:00,180381.78201955
2019-04-06 00:00:00,84599.96459467
2019-04-07 00:00:00,86205.19393229
2019-04-08 00:00:00,187960.87741818
2019-04-09 00:00:00,167990.22142613
2019-04-10 00:00:00,161752.60136039
2019-04-11 00:00:00,205019.63313773
2019-04-12 00:00:00,137360.53644083
2019-04-13 00:00:00,83263.81881773
2019-04-14 00:00:00,108749.93606826
2019-04-15 00:00:00,156905.75212761
2019-04-16 00:00:00,126663.50827374
2019-04-17 00:00:00,171738.83238288
2019-04-18 00:00:00,131962.03118243
2019-04-19 00:00:00,131593.62956288
2019-04-20 00:00:00,70398.26563379
2019-04-21 00:00:00,68286.91642286
2019-04-22 00:00:00,138950.87287253
2019-04-23 00:00:00,149237.67303902
2019-04-24 00:00:00,286718.36346409
2019-04-25 00:00:00,152066.33212761
2019-04-26 00:00:00,232219.47012646
2019-04-27 00:00:00,85812.49460427
2019-04-28 00:00:00,82448.9594686301
2019-04-29 00:00:00,172075.30775826
2019-04-30 00:00:00,161948.98480401
2019-05-01 00:00:00,165968.20904864
2019-05-02 00:00:00,141756.46731359
2019-05-03 00:00:00,152155.69727802
2019-05-04 00:00:00,86099.09944354
2019-05-05 00:00:00,77965.42179354
2019-05-06 00:00:00,136084.31914974
2019-05-07 00:00:00,177595.02173519
2019-05-08 00:00:00,176155.15643804
2019-05-09 00:00:00,207195.23965151
2019-05-10 00:00:00,204122.52050466
2019-05-11 00:00:00,131579.59075195
2019-05-12 00:00:00,145438.0418869
2019-05-13 00:00:00,223891.29695608
2019-05-14 00:00:00,207249.61702275
2019-05-15 00:00:00,198020.70360707
2019-05-16 00:00:00,212667.91607553
2019-05-17 00:00:00,178012.62702182
2019-05-18 00:00:00,94112.09670733
2019-05-19 00:00:00,97929.59368752
2019-05-20 00:00:00,142564.69632917
2019-05-21 00:00:00,127163.16532029
2019-05-22 00:00:00,142645.2229288
2019-05-23 00:00:00,153387.20490157
2019-05-24 00:00:00,161582.37176421
2019-05-25 00:00:00,68559.2342818
2019-05-26 00:00:00,103884.82231737
2019-05-27 00:00:00,150159.16242456
2019-05-28 00:00:00,168755.86945749
2019-05-29 00:00:00,315186.74668934
2019-05-30 00:00:00,151039.50756141
2019-05-31 00:00:00,256927.39166215
2019-06-01 00:00:00,111143.32268286
2019-06-02 00:00:00,76147.93375401
2019-06-03 00:00:00,163380.92950551
2019-06-04 00:00:00,280734.76665631
2019-06-05 00:00:00,329505.52888252
2019-06-06 00:00:00,261382.74060314
2019-06-07 00:00:00,138819.19394379
2019-06-08 00:00:00,67690.31198778
2019-06-09 00:00:00,55152.80891829
2019-06-10 00:00:00,130919.99332201
2019-06-11 00:00:00,203128.84685827
2019-06-12 00:00:00,144661.68561544
2019-06-13 00:00:00,138909.66276668
2019-06-14 00:00:00,151891.12856215
2019-06-15 00:00:00,98043.75527352
2019-06-16 00:00:00,113396.71107492
2019-06-17 00:00:00,320982.86826084
2019-06-18 00:00:00,238369.90719065
2019-06-19 00:00:00,208482.6618047
2019-06-20 00:00:00,127131.75403832
2019-06-21 00:00:00,156106.11103235
2019-06-22 00:00:00,206502.29719857
2019-06-23 00:00:00,110002.63427396
2019-06-24 00:00:00,162159.63476205
2019-06-25 00:00:00,161777.74583259
2019-06-26 00:00:00,228840.55967813
2019-06-27 00:00:00,211110.09651234
2019-06-28 00:00:00,226300.96991682
2019-06-29 00:00:00,114078.18722651
2019-06-30 00:00:00,144280.39810608
2019-07-01 00:00:00,153689.38078411
2019-07-02 00:00:00,176786.25751301
2019-07-03 00:00:00,143285.34861009
2019-07-04 00:00:00,163556.80170562
2019-07-05 00:00:00,105632.21738343
2019-07-06 00:00:00,55943.183519
2019-07-07 00:00:00,49707.10229555
2019-07-08 00:00:00,178285.65970499
2019-07-09 00:00:00,142200.02301502
2019-07-10 00:00:00,247870.63610733
2019-07-11 00:00:00,164618.64468011
2019-07-12 00:00:00,136072.780861
2019-07-13 00:00:00,61473.35409974
2019-07-14 00:00:00,81605.58819967
2019-07-15 00:00:00,118808.63552583
2019-07-16 00:00:00,152283.20396005
2019-07-17 00:00:00,197448.91458647
2019-07-18 00:00:00,134969.50013804
2019-07-19 00:00:00,203214.62488011
2019-07-20 00:00:00,78195.59407448
2019-07-21 00:00:00,64623.49481485
2019-07-22 00:00:00,98420.7729356
2019-07-23 00:00:00,94114.7613971
2019-07-24 00:00:00,137938.11065788
2019-07-25 00:00:00,103139.46051178
2019-07-26 00:00:00,101682.87454626
2019-07-27 00:00:00,60569.11630781
2019-07-28 00:00:00,39980.13709298
2019-07-29 00:00:00,431372.55005164
2019-07-30 00:00:00,134472.21660018
2019-07-31 00:00:00,104580.96145665
2019-08-01 00:00:00,105522.55330568
2019-08-02 00:00:00,121684.02045479
2019-08-03 00:00:00,49489.70569195
2019-08-04 00:00:00,54017.38165939
2019-08-05 00:00:00,152337.50383496
2019-08-06 00:00:00,154262.81420021
2019-08-07 00:00:00,130654.66795797
2019-08-08 00:00:00,119573.43727506
2019-08-09 00:00:00,120469.44985308
2019-08-10 00:00:00,68724.58412031
2019-08-11 00:00:00,50796.55118959
2019-08-12 00:00:00,113315.79174636
2019-08-13 00:00:00,148749.23681749
2019-08-14 00:00:00,126125.34276119
2019-08-15 00:00:00,157860.18002437
2019-08-16 00:00:00,105081.5613896
2019-08-17 00:00:00,147722.16904275
2019-08-18 00:00:00,90060.97033327
2019-08-19 00:00:00,96302.95965429
2019-08-20 00:00:00,113518.15783384
2019-08-21 00:00:00,106552.20512971
2019-08-22 00:00:00,94762.68008428
2019-08-23 00:00:00,209079.16498869
2019-08-24 00:00:00,58386.24790729
2019-08-25 00:00:00,57066.31540907
2019-08-26 00:00:00,126638.96579396
2019-08-27 00:00:00,127327.35488588
2019-08-28 00:00:00,105266.80948769
2019-08-29 00:00:00,176280.1586743
2019-08-30 00:00:00,138932.17364234
2019-08-31 00:00:00,55968.09335583
2019-09-01 00:00:00,54896.04024898
2019-09-02 00:00:00,120127.94734017
2019-09-03 00:00:00,140950.00361835
2019-09-04 00:00:00,128396.25234277
2019-09-05 00:00:00,161404.61297247
2019-09-06 00:00:00,260694.71789146
2019-09-07 00:00:00,88560.98318333
2019-09-08 00:00:00,69901.47325902
2019-09-09 00:00:00,119745.22620632
2019-09-10 00:00:00,191560.24628716
2019-09-11 00:00:00,141835.54035998
2019-09-12 00:00:00,178043.4328582
2019-09-13 00:00:00,89784.05693162
2019-09-14 00:00:00,53218.43513238
2019-09-15 00:00:00,45041.39451513
2019-09-16 00:00:00,148816.44913063
2019-09-17 00:00:00,138304.55309817
2019-09-18 00:00:00,186166.19459585
2019-09-19 00:00:00,126927.77220945
2019-09-20 00:00:00,172299.50629295
2019-09-21 00:00:00,128983.64546895
2019-09-22 00:00:00,55400.40252944
2019-09-23 00:00:00,86663.67963059
2019-09-24 00:00:00,339444.10141853
2019-09-25 00:00:00,247243.43303523
2019-09-26 00:00:00,159500.3579599
2019-09-27 00:00:00,144218.25346733
2019-09-28 00:00:00,71069.8617817
2019-09-29 00:00:00,57209.93689166
2019-09-30 00:00:00,127661.03046537
2019-10-01 00:00:00,128788.34560116
2019-10-02 00:00:00,91372.94712638
2019-10-03 00:00:00,114648.67944153
2019-10-04 00:00:00,90078.77442701
2019-10-05 00:00:00,46309.16646668
2019-10-06 00:00:00,54971.26281243
2019-10-07 00:00:00,106610.33485118
2019-10-08 00:00:00,115940.06809032
2019-10-09 00:00:00,127323.00149506
2019-10-10 00:00:00,124093.63300066
2019-10-11 00:00:00,112113.5112481
2019-10-12 00:00:00,52097.22851634
2019-10-13 00:00:00,42862.95204993
2019-10-14 00:00:00,206989.97978652
2019-10-15 00:00:00,113361.47403157
2019-10-16 00:00:00,117657.52086152
2019-10-17 00:00:00,156710.83088989
2019-10-18 00:00:00,131496.99590386
2019-10-19 00:00:00,49356.82406748
2019-10-20 00:00:00,41820.66827601
2019-10-21 00:00:00,115474.92732575
2019-10-22 00:00:00,121364.44195336
2019-10-23 00:00:00,168686.5627367
2019-10-24 00:00:00,132153.29473176
2019-10-25 00:00:00,166567.01339027
2019-10-26 00:00:00,133866.29826938
2019-10-27 00:00:00,76527.76960216
2019-10-28 00:00:00,198859.30233762
2019-10-29 00:00:00,123490.89324901
2019-10-30 00:00:00,101612.73037051
2019-10-31 00:00:00,171270.8628967
2019-11-01 00:00:00,226201.69051053
2019-11-02 00:00:00,79336.74523666
2019-11-03 00:00:00,85660.1188983599
2019-11-04 00:00:00,144089.15854624
2019-11-05 00:00:00,296858.88677609
2019-11-06 00:00:00,154859.77183922
2019-11-07 00:00:00,152471.28377145
2019-11-08 00:00:00,162088.65329925
2019-11-09 00:00:00,118708.85108578
2019-11-10 00:00:00,40975.991728
2019-11-11 00:00:00,81787.8559671401
2019-11-12 00:00:00,99092.20185613
2019-11-13 00:00:00,169820.88852254
2019-11-14 00:00:00,109449.82627208
2019-11-15 00:00:00,140223.79030358
2019-11-16 00:00:00,54541.05914009
2019-11-17 00:00:00,40224.20218022
2019-11-18 00:00:00,124758.52049023
2019-11-19 00:00:00,113824.573069
2019-11-20 00:00:00,107526.52185825
2019-11-21 00:00:00,149429.45673503
2019-11-22 00:00:00,233051.32072927
2019-11-23 00:00:00,159423.02874143
2019-11-24 00:00:00,76337.47818228
2019-11-25 00:00:00,189626.3047531
2019-11-26 00:00:00,165424.52141393
2019-11-27 00:00:00,210101.21294546
2019-11-28 00:00:00,102341.42368838
2019-11-29 00:00:00,140961.63628341
2019-11-30 00:00:00,90740.9361248
2019-12-01 00:00:00,55712.18236208
2019-12-02 00:00:00,123662.96283579
2019-12-03 00:00:00,150333.41646956
2019-12-04 00:00:00,201360.82923784
2019-12-05 00:00:00,113328.87037195
2019-12-06 00:00:00,166833.59060654
2019-12-07 00:00:00,111993.0749512
2019-12-08 00:00:00,41030.26722398
2019-12-09 00:00:00,132096.01481823
2019-12-10 00:00:00,165470.14683486
2019-12-11 00:00:00,133289.60254177
2019-12-12 00:00:00,175621.17700759
2019-12-13 00:00:00,126104.70553378
2019-12-14 00:00:00,63571.88399144
2019-12-15 00:00:00,46749.15034364
2019-12-16 00:00:00,125281.71507989
2019-12-17 00:00:00,251807.08287984
2019-12-18 00:00:00,240041.71634996
2019-12-19 00:00:00,165854.05325802
2019-12-20 00:00:00,166611.62514327
2019-12-21 00:00:00,67721.75703059
2019-12-22 00:00:00,56486.59110175
2019-12-23 00:00:00,152654.86458667
2019-12-24 00:00:00,105404.34744226
2019-12-25 00:00:00,119669.63620597
2019-12-26 00:00:00,108613.41116734
2019-12-27 00:00:00,117903.8262163
2019-12-28 00:00:00,65887.9557732
2019-12-29 00:00:00,51871.88810028
2019-12-30 00:00:00,131283.54731356
2019-12-31 00:00:00,118692.27692215
2020-01-01 00:00:00,38648.24679086
2020-01-02 00:00:00,98003.465802
2020-01-03 00:00:00,236599.38690371
2020-01-04 00:00:00,85109.87776538
2020-01-05 00:00:00,47803.86397373
2020-01-06 00:00:00,127638.22034273
2020-01-07 00:00:00,141873.73420881
2020-01-08 00:00:00,144356.99418374
2020-01-09 00:00:00,197513.24779745
2020-01-10 00:00:00,162847.24910828
2020-01-11 00:00:00,63061.48057476
2020-01-12 00:00:00,55680.89579774
2020-01-13 00:00:00,108793.80403332
2020-01-14 00:00:00,335665.94334151
2020-01-15 00:00:00,280822.13175005
2020-01-16 00:00:00,152626.97650804
2020-01-17 00:00:00,173664.39846012
2020-01-18 00:00:00,77864.56200069
2020-01-19 00:00:00,68120.97656105
2020-01-20 00:00:00,146372.36081798
2020-01-21 00:00:00,103774.67254467
2020-01-22 00:00:00,144608.58591928
2020-01-23 00:00:00,165824.99086889
2020-01-24 00:00:00,116895.23020499
2020-01-25 00:00:00,44807.6710861
2020-01-26 00:00:00,44461.50905508
2020-01-27 00:00:00,92546.4494980701
2020-01-28 00:00:00,116541.5660229
2020-01-29 00:00:00,129782.17136393
2020-01-30 00:00:00,181443.87730608
2020-01-31 00:00:00,237347.73978322
2020-02-01 00:00:00,105828.35283966
2020-02-02 00:00:00,65038.56846687
2020-02-03 00:00:00,376635.80029822
2020-02-04 00:00:00,106601.43838245
2020-02-05 00:00:00,125158.09557864
2020-02-06 00:00:00,343051.53339826
2020-02-07 00:00:00,184460.94895744
2020-02-08 00:00:00,147390.86284239
2020-02-09 00:00:00,73754.50444352
2020-02-10 00:00:00,167002.23945628
2020-02-11 00:00:00,231748.72092039
2020-02-12 00:00:00,180717.5699263
2020-02-13 00:00:00,184803.97834328
2020-02-14 00:00:00,150686.40615281
2020-02-15 00:00:00,108897.55133657
2020-02-16 00:00:00,164576.72659467
2020-02-17 00:00:00,230188.81836198
2020-02-18 00:00:00,153624.29060613
2020-02-19 00:00:00,185797.30231446
2020-02-20 00:00:00,170588.4242693
2020-02-21 00:00:00,116885.16019362
2020-02-22 00:00:00,52610.87379341
2020-02-23 00:00:00,74613.19616453
2020-02-24 00:00:00,108908.5764442
2020-02-25 00:00:00,114823.40121733
2020-02-26 00:00:00,144920.93813653
2020-02-27 00:00:00,230954.56873809
2020-02-28 00:00:00,205516.10401421
2020-02-29 00:00:00,70693.36063125
2020-03-01 00:00:00,64151.94497077
2020-03-02 00:00:00,139816.94722347
2020-03-03 00:00:00,153057.16598448
2020-03-04 00:00:00,153557.84425103
2020-03-05 00:00:00,149523.32931023
2020-03-06 00:00:00,174643.04681735
2020-03-07 00:00:00,78571.6903904
2020-03-08 00:00:00,87962.35982647
2020-03-09 00:00:00,255326.36339724
2020-03-10 00:00:00,206714.51548543
2020-03-11 00:00:00,201092.54873732
2020-03-12 00:00:00,562532.03844696
2020-03-13 00:00:00,548284.15281585
2020-03-14 00:00:00,214808.18146319
2020-03-15 00:00:00,130733.34931246
2020-03-16 00:00:00,369120.30596643
2020-03-17 00:00:00,293279.42219886
2020-03-18 00:00:00,206422.87703623
2020-03-19 00:00:00,208717.92457162
2020-03-20 00:00:00,326327.6586704
2020-03-21 00:00:00,104842.63233758
2020-03-22 00:00:00,116149.63921555
2020-03-23 00:00:00,171254.76124635
2020-03-24 00:00:00,285682.76921379
2020-03-25 00:00:00,141313.27945988
2020-03-26 00:00:00,147571.32200352
2020-03-27 00:00:00,181775.21569903
2020-03-28 00:00:00,97521.3631953
2020-03-29 00:00:00,94781.20513492
2020-03-30 00:00:00,169545.63568834
2020-03-31 00:00:00,183387.61589389
2020-04-01 00:00:00,137069.09191477
2020-04-02 00:00:00,165119.81613005
2020-04-03 00:00:00,146105.13705116
2020-04-04 00:00:00,68341.02361361
2020-04-05 00:00:00,65792.84869851
2020-04-06 00:00:00,269773.30765529
2020-04-07 00:00:00,209308.56775407
2020-04-08 00:00:00,131533.4224242
2020-04-09 00:00:00,316026.55465864
2020-04-10 00:00:00,158397.15553843
2020-04-11 00:00:00,68136.03344977
2020-04-12 00:00:00,58780.75101332
2020-04-13 00:00:00,166833.78406975
2020-04-14 00:00:00,119879.01847391
2020-04-15 00:00:00,148529.93386735
2020-04-16 00:00:00,183664.85403477
2020-04-17 00:00:00,151884.4059746
2020-04-18 00:00:00,72700.16883926
2020-04-19 00:00:00,63892.93460417
2020-04-20 00:00:00,142026.36155992
2020-04-21 00:00:00,158582.77088265
2020-04-22 00:00:00,135613.25557325
2020-04-23 00:00:00,176407.82845698
2020-04-24 00:00:00,252999.90067026
2020-04-25 00:00:00,77948.12504636
2020-04-26 00:00:00,62822.22317557
2020-04-27 00:00:00,161589.25019418
2020-04-28 00:00:00,136800.4636958
2020-04-29 00:00:00,381035.25990029
2020-04-30 00:00:00,302044.74430637
2020-05-01 00:00:00,224914.91089891
2020-05-02 00:00:00,73277.84088433
2020-05-03 00:00:00,88757.48438065
2020-05-04 00:00:00,148485.72000459
2020-05-05 00:00:00,129613.11786582
2020-05-06 00:00:00,178147.75609516
2020-05-07 00:00:00,203696.25750297
2020-05-08 00:00:00,259355.41031719
2020-05-09 00:00:00,193480.57545977
2020-05-10 00:00:00,133098.55351411
2020-05-11 00:00:00,191871.68197665
2020-05-12 00:00:00,217639.52113417
2020-05-13 00:00:00,204217.30316259
2020-05-14 00:00:00,130848.35378676
2020-05-15 00:00:00,165118.84751829
2020-05-16 00:00:00,96130.75316348
2020-05-17 00:00:00,57448.06017708
2020-05-18 00:00:00,156862.61215763
2020-05-19 00:00:00,136866.63311992
2020-05-20 00:00:00,176517.37570305
2020-05-21 00:00:00,198429.80866881
2020-05-22 00:00:00,143644.37565216
2020-05-23 00:00:00,71722.28904869
2020-05-24 00:00:00,107256.0429658
2020-05-25 00:00:00,270424.20055243
2020-05-26 00:00:00,116290.36726367
2020-05-27 00:00:00,181996.845827
2020-05-28 00:00:00,138922.72036044
2020-05-29 00:00:00,174955.09131375
2020-05-30 00:00:00,76390.33484394
2020-05-31 00:00:00,163468.67874987
2020-06-01 00:00:00,251034.49064988
2020-06-02 00:00:00,269856.47558314
2020-06-03 00:00:00,143202.62832215
2020-06-04 00:00:00,180171.68476832
2020-06-05 00:00:00,184254.95729065
2020-06-06 00:00:00,60040.87647443
2020-06-07 00:00:00,52177.20570141
2020-06-08 00:00:00,151974.17289403
2020-06-09 00:00:00,122474.14099779
2020-06-10 00:00:00,121166.76327399
2020-06-11 00:00:00,238689.10282836
2020-06-12 00:00:00,126474.97348093
2020-06-13 00:00:00,61174.68635016
2020-06-14 00:00:00,48809.12416476
2020-06-15 00:00:00,184093.56978128
2020-06-16 00:00:00,174623.15810895
2020-06-17 00:00:00,180462.30516009
2020-06-18 00:00:00,126594.8076192
2020-06-19 00:00:00,250423.06322562
2020-06-20 00:00:00,62454.26432165
2020-06-21 00:00:00,57418.26893659
2020-06-22 00:00:00,144350.81956594
2020-06-23 00:00:00,223797.324362
2020-06-24 00:00:00,177466.23306765
2020-06-25 00:00:00,195917.99431231
2020-06-26 00:00:00,216139.18236848
2020-06-27 00:00:00,65743.23207016
2020-06-28 00:00:00,66482.75948601
2020-06-29 00:00:00,120204.06542879
2020-06-30 00:00:00,105381.41040472
2020-07-01 00:00:00,159811.64022379
2020-07-02 00:00:00,145280.40392493
2020-07-03 00:00:00,127873.11886927
2020-07-04 00:00:00,65853.25112188
2020-07-05 00:00:00,56485.87730006
2020-07-06 00:00:00,153047.68296299
2020-07-07 00:00:00,136498.13518475
2020-07-08 00:00:00,168963.39771102
2020-07-09 00:00:00,148305.10213171
2020-07-10 00:00:00,134832.56779962
2020-07-11 00:00:00,62439.45483231
2020-07-12 00:00:00,52038.28606021
2020-07-13 00:00:00,145833.85066208
2020-07-14 00:00:00,135077.87873092
2020-07-15 00:00:00,134399.36045799
2020-07-16 00:00:00,138881.66240032
2020-07-17 00:00:00,120592.3334977
2020-07-18 00:00:00,76360.18484154
2020-07-19 00:00:00,69405.55348604
2020-07-20 00:00:00,115174.80670189
2020-07-21 00:00:00,142457.17097893
2020-07-22 00:00:00,171740.04536776
2020-07-23 00:00:00,181464.97046959
2020-07-24 00:00:00,165485.21008473
2020-07-25 00:00:00,93120.88008072
2020-07-26 00:00:00,102256.38673427
2020-07-27 00:00:00,241064.03097767
2020-07-28 00:00:00,247901.53996404
2020-07-29 00:00:00,186376.24203951
2020-07-30 00:00:00,171555.36850361
2020-07-31 00:00:00,190126.70314336
2020-08-01 00:00:00,110125.76372457
2020-08-02 00:00:00,102452.37259534
2020-08-03 00:00:00,233677.32376718
2020-08-04 00:00:00,134798.1200302
2020-08-05 00:00:00,120526.43279489
2020-08-06 00:00:00,180464.5498093
2020-08-07 00:00:00,162147.28054885
2020-08-08 00:00:00,81890.38277316
2020-08-09 00:00:00,70244.03826157
2020-08-10 00:00:00,171350.552971
2020-08-11 00:00:00,157580.08954622
2020-08-12 00:00:00,141475.93979464
2020-08-13 00:00:00,147604.36547487
2020-08-14 00:00:00,194831.86014598
2020-08-15 00:00:00,91847.94287955
2020-08-16 00:00:00,77886.22661437
2020-08-17 00:00:00,168397.06450122
2020-08-18 00:00:00,194088.92428771
2020-08-19 00:00:00,165408.41867124994
2020-08-20 00:00:00,135544.17042732993
2020-08-21 00:00:00,129046.70785575006
2020-08-22 00:00:00,81975.71478551996
2020-08-23 00:00:00,59773.08127484999
2020-08-24 00:00:00,114941.93451913002
2020-08-25 00:00:00,136983.09553248997
2020-08-26 00:00:00,141116.28273540997
2020-08-27 00:00:00,139498.85341366997
2020-08-28 00:00:00,175750.82905829992
2020-08-29 00:00:00,81346.11833217996
2020-08-30 00:00:00,94059.00261656001
2020-08-31 00:00:00,201119.7191597001
2020-09-01 00:00:00,197979.43152455002
2020-09-02 00:00:00,182860.61712774006
2020-09-03 00:00:00,199753.31196598004
2020-09-04 00:00:00,242003.28333189996
2020-09-05 00:00:00,122922.04357359996
2020-09-06 00:00:00,92445.78406697
2020-09-07 00:00:00,172730.1363213799
2020-09-08 00:00:00,168463.89601938007
2020-09-09 00:00:00,145217.14817268006
2020-09-10 00:00:00,146146.67801436002
2020-09-11 00:00:00,156938.70920046995
2020-09-12 00:00:00,82608.73707797992
2020-09-13 00:00:00,75670.98122475
2020-09-14 00:00:00,156009.63340145
2020-09-15 00:00:00,155491.34199574
2020-09-16 00:00:00,172048.70141792996
2020-09-17 00:00:00,158931.5173593
2020-09-18 00:00:00,177236.43349251992
2020-09-19 00:00:00,92668.96837166004
2020-09-20 00:00:00,77545.23233521999
2020-09-21 00:00:00,152786.40710971996
2020-09-22 00:00:00,154965.64202564996
2020-09-23 00:00:00,184851.04294776995
2020-09-24 00:00:00,195896.2267462901
2020-09-25 00:00:00,178614.73269464995
2020-09-26 00:00:00,74160.39488330999
2020-09-27 00:00:00,73759.51965533
2020-09-28 00:00:00,151223.61450625997
2020-09-29 00:00:00,163844.81304375996
2020-09-30 00:00:00,145528.2810982
2020-10-01 00:00:00,156037.05200603
2020-10-02 00:00:00,217076.73619106994
2020-10-03 00:00:00,80285.35246207999
2020-10-04 00:00:00,59889.36436076999
2020-10-05 00:00:00,125552.04600594002
2020-10-06 00:00:00,129486.63340467997
2020-10-07 00:00:00,174094.30786101
2020-10-08 00:00:00,145781.9892372799
2020-10-09 00:00:00,186619.71727888004
2020-10-10 00:00:00,101443.97258364002
2020-10-11 00:00:00,57355.843687999986
2020-10-12 00:00:00,132805.27278606
2020-10-13 00:00:00,149869.35707315995
2020-10-14 00:00:00,144103.09234183
2020-10-15 00:00:00,145192.82140973
2020-10-16 00:00:00,152867.05156987003
2020-10-17 00:00:00,61240.065119880004
2020-10-18 00:00:00,49419.09261597001
2020-10-19 00:00:00,139860.20001045
2020-10-20 00:00:00,139952.75314706005
2020-10-21 00:00:00,190561.11493135992
2020-10-22 00:00:00,255685.31198723993
2020-10-23 00:00:00,214302.02330150997
2020-10-24 00:00:00,78368.12347480995
2020-10-25 00:00:00,58962.23316382002
2020-10-26 00:00:00,163659.57108549005
2020-10-27 00:00:00,142312.25893298996
2020-10-28 00:00:00,187898.01163798006
2020-10-29 00:00:00,160004.86911104003
2020-10-30 00:00:00,141057.58993046999
2020-10-31 00:00:00,95944.03520103
2020-11-01 00:00:00,86295.05041193997
2020-11-02 00:00:00,126516.49777352999
2020-11-03 00:00:00,279667.716385
2020-11-04 00:00:00,143257.94298741993
2020-11-05 00:00:00,348418.6143041401
2020-11-06 00:00:00,226071.88272974023
2020-11-07 00:00:00,97493.11126577
2020-11-08 00:00:00,73988.18895611
2020-11-09 00:00:00,177538.4853910999
2020-11-10 00:00:00,171897.33229668
2020-11-11 00:00:00,174110.37201595
2020-11-12 00:00:00,204679.98235913995
2020-11-13 00:00:00,163123.30853356994
2020-11-14 00:00:00,84583.84085695003
2020-11-15 00:00:00,49737.54381367
2020-11-16 00:00:00,142732.5278929499
2020-11-17 00:00:00,181281.85333922997
2020-11-18 00:00:00,231375.53073303992
2020-11-19 00:00:00,148181.44045960004
2020-11-20 00:00:00,227786.31927440004
2020-11-21 00:00:00,120634.32170732995
2020-11-22 00:00:00,78963.93118706
2020-11-23 00:00:00,146336.89543220002
2020-11-24 00:00:00,219739.99051476
2020-11-25 00:00:00,187608.88242723997
2020-11-26 00:00:00,205207.80888847006
2020-11-27 00:00:00,209319.16610076
2020-11-28 00:00:00,75790.24754619996
2020-11-29 00:00:00,75273.85776333
2020-11-30 00:00:00,174045.0424795999
2020-12-01 00:00:00,239398.77381604
2020-12-02 00:00:00,157633.2134041599
2020-12-03 00:00:00,141981.73842658996
2020-12-04 00:00:00,162656.5754901901
2020-12-05 00:00:00,65725.79167388998
2020-12-06 00:00:00,52342.98136957
2020-12-07 00:00:00,109478.32196920007
2020-12-08 00:00:00,199640.1308773499
2020-12-09 00:00:00,142289.25044238
2020-12-10 00:00:00,211693.5757270099
2020-12-11 00:00:00,162206.33931064003
2020-12-12 00:00:00,104784.24717678
2020-12-13 00:00:00,178997.75355398993
2020-12-14 00:00:00,140039.58424129002
2020-12-15 00:00:00,160706.07545407003
2020-12-16 00:00:00,209514.45641449
2020-12-17 00:00:00,245026.81111816986
2020-12-18 00:00:00,269861.73048439994
2020-12-19 00:00:00,118538.22597463
2020-12-20 00:00:00,103361.44931117998
2020-12-21 00:00:00,169206.41709765
2020-12-22 00:00:00,277726.39046438015
2020-12-23 00:00:00,273159.57702678005
2020-12-24 00:00:00,172668.29481989006
2020-12-25 00:00:00,98032.91245184999
2020-12-26 00:00:00,102903.82533449003
2020-12-27 00:00:00,173299.87122454
2020-12-28 00:00:00,297406.0308215799
2020-12-29 00:00:00,205701.9753501901
2020-12-30 00:00:00,207164.0435902901
2020-12-31 00:00:00,195528.20735462997
2021-01-01 00:00:00,148420.30425110986
2021-01-02 00:00:00,197649.46868496
2021-01-03 00:00:00,175403.47221832
2021-01-04 00:00:00,234965.05398174
2021-01-05 00:00:00,209211.2070226302
2021-01-06 00:00:00,217195.16288214005
2021-01-07 00:00:00,258243.12648481008
2021-01-08 00:00:00,222609.08169237996
2021-01-09 00:00:00,144078.68911506998
2021-01-10 00:00:00,108186.5548879601
2021-01-11 00:00:00,204127.78390739
2021-01-12 00:00:00,209957.30793954004
2021-01-13 00:00:00,152692.81917430006
2021-01-14 00:00:00,217046.98492489985
2021-01-15 00:00:00,173447.9771496402
2021-01-16 00:00:00,69617.32967057
2021-01-17 00:00:00,71912.96096476997
2021-01-18 00:00:00,106369.43070738998
2021-01-19 00:00:00,203229.19339636998
2021-01-20 00:00:00,145190.37490666003
2021-01-21 00:00:00,143477.54309174995
2021-01-22 00:00:00,169002.85624860998
2021-01-23 00:00:00,64942.432607790026
2021-01-24 00:00:00,61031.89430091996
2021-01-25 00:00:00,116295.08412392
2021-01-26 00:00:00,132373.80457356005
2021-01-27 00:00:00,174921.91645744996
2021-01-28 00:00:00,156961.96833171003
2021-01-29 00:00:00,234227.37633318998
2021-01-30 00:00:00,100245.93886341002
2021-01-31 00:00:00,94042.69596368003
2021-02-01 00:00:00,136226.08185362996
2021-02-02 00:00:00,125115.65292609997
2021-02-03 00:00:00,136350.72736042007
2021-02-04 00:00:00,166678.34542734007
2021-02-05 00:00:00,163706.56414459998
2021-02-06 00:00:00,115157.58511746002
2021-02-07 00:00:00,90818.88327887001
2021-02-08 00:00:00,197784.15422891994
2021-02-09 00:00:00,232063.37849380999
2021-02-10 00:00:00,159372.25521930997