Timestamp,mvrv
2018-02-12 12:27:26,1.68095342554836
2018-02-13 03:46:21,1.68401561652834
2018-02-13 20:09:07,1.67147616728021
2018-02-14 11:20:47,1.6999168279912
2018-02-15 02:03:37,1.82061061125288
2018-02-15 22:10:49,1.90411043150254
2018-02-16 15:03:47,1.93164009086022
2018-02-17 06:41:06,2.029105475937
2018-02-17 23:51:27,2.10560866523003
2018-02-18 16:06:27,2.05434465925512
2018-02-19 07:13:29,2.01000773910797
2018-02-20 00:22:08,2.1363004583899
2018-02-20 20:08:43,2.21859420441929
2018-02-21 10:08:13,2.12112232513114
2018-02-22 01:46:24,1.99407641927519
2018-02-22 18:28:57,1.87727683250695
2018-02-23 11:47:32,1.87496343709607
2018-02-24 06:52:17,1.95655207438895
2018-02-24 23:59:24,1.80870557000737
2018-02-25 15:21:30,1.75999622324247
2018-02-26 08:39:36,1.7779221773905
2018-02-27 02:00:44,1.91174799952823
2018-02-27 18:09:46,1.98127177958178
2018-02-28 08:59:19,2.01100331888228
2018-03-01 02:33:31,1.94792975544438
2018-03-01 19:15:33,2.03778106871493
2018-03-02 11:33:27,2.03173918261241
2018-03-03 02:37:16,2.09092736419405
2018-03-03 16:35:20,2.12985495533968
2018-03-04 10:13:27,2.08747835771758
2018-03-05 01:41:04,2.12992547853139
2018-03-05 20:21:35,2.15532176970768
2018-03-06 11:42:09,2.02595252010669
2018-03-07 05:00:17,1.99038027016908
2018-03-07 20:05:31,1.81923645012048
2018-03-08 13:57:35,1.80965735047715
2018-03-09 04:58:56,1.66874158667423
2018-03-10 00:15:36,1.72141110301746
2018-03-10 19:20:54,1.69702405822628
2018-03-11 13:36:18,1.7202163134643
2018-03-12 05:08:20,1.78307114235237
2018-03-12 20:37:31,1.66020492411471
2018-03-13 12:29:22,1.69028332799616
2018-03-14 05:11:13,1.69888064491636
2018-03-14 23:53:32,1.53098208607633
2018-03-15 17:45:43,1.51481263632916
2018-03-16 11:22:22,1.52292434811746
2018-03-17 03:31:23,1.54115768329233
2018-03-17 21:03:43,1.47633881897302
2018-03-18 13:35:24,1.45239142174615
2018-03-19 06:38:41,1.567019911092
2018-03-19 23:05:22,1.60486697725083
2018-03-20 19:53:50,1.66221355809708
2018-03-21 12:20:59,1.70899539800647
2018-03-22 06:56:04,1.69843524063317
2018-03-23 00:41:41,1.64082837460877
2018-03-23 20:12:13,1.62660929250771
2018-03-24 12:27:05,1.64914064849023
2018-03-25 07:14:01,1.60573411195732
2018-03-26 01:11:07,1.57907955826352
2018-03-26 19:20:52,1.49391089074546
2018-03-27 12:49:11,1.50146298836706
2018-03-28 04:32:32,1.49033722132516
2018-03-29 01:05:30,1.50661171986472
2018-03-29 17:37:23,1.42379371924802
2018-03-30 09:06:45,1.35006547299789
2018-03-31 02:30:42,1.34846012859674
2018-03-31 22:25:35,1.32124974728941
2018-04-01 14:47:11,1.25315041505806
2018-04-02 08:16:55,1.34656843083122
2018-04-02 23:47:18,1.34487232560319
2018-04-03 15:26:49,1.40910143063761
2018-04-04 10:01:09,1.3598897403458
2018-04-05 02:55:17,1.26518462346647
2018-04-05 19:09:12,1.29069679597784
2018-04-06 13:37:59,1.26984977129395
2018-04-07 04:53:07,1.32147778646065
2018-04-07 18:41:22,1.35140597465977
2018-04-08 11:53:12,1.3456699021556
2018-04-09 03:37:05,1.37043422938408
2018-04-09 21:28:18,1.28593361756399
2018-04-10 14:09:12,1.30480892484564
2018-04-11 04:50:19,1.3214506261683
2018-04-11 21:57:39,1.33300344985494
2018-04-12 14:51:36,1.48852918591898
2018-04-13 06:05:02,1.50781166425271
2018-04-13 22:49:43,1.52479995898385
2018-04-14 14:19:31,1.53872309320659
2018-04-15 09:02:42,1.56851809789217
2018-04-16 01:15:33,1.61811558812323
2018-04-16 19:55:44,1.54913058024884
2018-04-17 12:47:40,1.56624544654484
2018-04-18 04:15:09,1.53114330286221
2018-04-18 19:55:58,1.56585442421855
2018-04-19 11:02:17,1.58527307780362
2018-04-20 01:54:07,1.60357426693869
2018-04-20 18:58:10,1.63338158892742
2018-04-21 12:50:25,1.67699664688461
2018-04-22 06:35:18,1.69743395146548
2018-04-22 22:08:09,1.70910009217763
2018-04-23 14:48:50,1.7104084252766
2018-04-24 07:54:23,1.76556435726657
2018-04-25 00:20:01,1.84858501628031
2018-04-25 20:38:13,1.70654881175913
2018-04-26 15:01:08,1.680070365488
2018-04-27 11:01:48,1.78298832842376
2018-04-28 06:32:12,1.74122945672937
2018-04-29 00:40:55,1.7786215201281
2018-04-29 16:43:36,1.77295584352959
2018-04-30 10:18:48,1.75218215363074
2018-05-01 01:49:54,1.71116238721578
2018-05-01 18:21:19,1.7094679239427
2018-05-02 11:18:35,1.74033097640798
2018-05-03 05:27:02,1.75595296391013
2018-05-03 22:50:18,1.83473959253262
2018-05-04 15:55:27,1.8324907815796
2018-05-05 11:18:58,1.87430100509331
2018-05-06 02:50:24,1.87329525575304
2018-05-06 22:12:56,1.7994517566784
2018-05-07 16:36:02,1.76690838451783
2018-05-08 10:12:54,1.75975715467737
2018-05-09 03:59:12,1.71647460564013
2018-05-09 20:22:30,1.75205113953771
2018-05-10 12:27:25,1.76120606974116
2018-05-11 07:35:03,1.66202335233631
2018-05-12 02:50:02,1.59469160051441
2018-05-12 17:48:21,1.5733942736553
2018-05-13 10:50:14,1.62228575492079
2018-05-14 06:26:54,1.58263197405118
2018-05-15 00:40:36,1.63111953844763
2018-05-15 17:47:00,1.60391996137116
2018-05-16 10:11:32,1.54675755570342
2018-05-17 00:17:03,1.5684083518576
2018-05-17 18:26:30,1.54798622478257
2018-05-18 14:42:41,1.51884741085271
2018-05-19 08:15:11,1.53378487378361
2018-05-19 23:55:05,1.54092815036606
2018-05-20 17:37:41,1.59147266890313
2018-05-21 12:06:57,1.59070309379131
2018-05-22 02:38:04,1.55402663013019
2018-05-22 19:26:14,1.54111953408343
2018-05-23 13:20:20,1.48511403670889
2018-05-24 04:45:09,1.42811439844221
2018-05-24 22:47:32,1.41304935432925
2018-05-25 14:33:38,1.40558586274204
2018-05-26 04:25:11,1.39714871763507
2018-05-26 21:16:53,1.41523957023205
2018-05-27 12:03:30,1.37910333586199
2018-05-28 04:08:19,1.38821312944846
2018-05-28 21:10:05,1.36073362365566
2018-05-29 13:22:44,1.39519263478806
2018-05-30 08:51:51,1.41314352106722
2018-05-30 22:36:16,1.38316379039568
2018-05-31 14:17:11,1.42160666124291
2018-06-01 05:15:32,1.41260676062809
2018-06-01 20:32:42,1.40318413250497
2018-06-02 12:20:24,1.44092412932177
2018-06-03 05:29:22,1.44248173490211
2018-06-03 20:35:00,1.45368222671358
2018-06-04 12:29:37,1.41802965565695
2018-06-05 01:32:48,1.41471859034717
2018-06-05 14:39:13,1.39604229461379
2018-06-06 09:08:35,1.43929030486063
2018-06-07 04:23:05,1.45944314363591
2018-06-07 20:45:13,1.45489341702118
2018-06-08 13:34:37,1.43045253050744
2018-06-09 08:38:57,1.4479152912425
2018-06-10 04:01:02,1.37978118564622
2018-06-10 23:35:27,1.26909905620495
2018-06-11 17:35:30,1.28015957419023
2018-06-12 11:46:03,1.30071336916843
2018-06-13 05:23:47,1.25382646953261
2018-06-13 23:44:05,1.20538988148324
2018-06-14 15:20:14,1.22625212119793
2018-06-15 10:41:07,1.25900905673802
2018-06-16 02:19:49,1.23208815065688
2018-06-16 18:16:03,1.24763548728344
2018-06-17 08:52:39,1.24743429140629
2018-06-18 02:54:18,1.23004837700698
2018-06-18 18:11:10,1.28910675077038
2018-06-19 10:12:17,1.28556513034078
2018-06-20 03:55:43,1.26516440389918
2018-06-20 20:11:00,1.29512323849771
2018-06-21 10:34:16,1.29175505496404
2018-06-22 03:19:33,1.27791121890649
2018-06-22 19:16:24,1.19306622461262
2018-06-23 12:58:22,1.18180646925169
2018-06-24 04:55:13,1.16779743147527
2018-06-24 18:54:04,1.19526136845104
2018-06-25 11:45:29,1.18917129124141
2018-06-26 05:07:38,1.20289258445821
2018-06-26 22:10:44,1.19916735020858
2018-06-27 18:29:02,1.18053914736837
2018-06-28 11:59:53,1.18473849883622
2018-06-29 06:12:03,1.14808506617372
2018-06-29 22:30:16,1.15170516017269
2018-06-30 17:34:09,1.23878472657172
2018-07-01 10:30:08,1.23894245710112
2018-07-02 03:30:04,1.23737351180038
2018-07-02 21:02:26,1.29260799730101
2018-07-03 20:11:49,1.29034550674165
2018-07-04 15:49:33,1.3092703512787
2018-07-05 12:18:07,1.29341001492844
2018-07-06 05:44:46,1.27463696465149
2018-07-06 21:19:16,1.28534918809466
2018-07-07 14:08:21,1.27841518455649
2018-07-08 08:17:07,1.3185533176508
2018-07-08 22:56:08,1.32210041973331
2018-07-09 17:51:35,1.31386828954351
2018-07-10 11:54:43,1.2683365020948
2018-07-11 05:35:23,1.24511768068663
2018-07-12 00:27:46,1.2501983117108
2018-07-12 18:58:22,1.21262440128639
2018-07-13 11:41:39,1.22440063882165
2018-07-14 09:45:08,1.22292895056087
2018-07-15 04:24:22,1.23010361516431
2018-07-15 23:23:15,1.25175082819081
2018-07-16 19:54:49,1.31161977253219
2018-07-17 13:33:36,1.31835678389771
2018-07-18 05:34:41,1.46225079780853
2018-07-18 20:53:03,1.45316674010279
2018-07-19 12:10:01,1.45588244417952
2018-07-20 04:11:15,1.46417979968403
2018-07-20 19:31:39,1.44450571103526
2018-07-21 12:08:32,1.4352950086744
2018-07-22 06:21:58,1.4526527953557
2018-07-22 21:11:47,1.47556267657066
2018-07-23 11:51:58,1.50811010334956
2018-07-24 03:39:21,1.512437031194
2018-07-24 19:34:19,1.61520315881283
2018-07-25 11:10:40,1.60882096392392
2018-07-26 01:24:23,1.60999219788189
2018-07-26 18:02:13,1.6050893972482
2018-07-27 10:57:15,1.55366662294383
2018-07-28 01:24:10,1.59433227753281
2018-07-28 20:16:35,1.59862235325494
2018-07-29 08:19:02,1.5970453167085
2018-07-30 03:27:42,1.59962957888803
2018-07-30 22:31:57,1.58487562699007
2018-07-31 16:03:11,1.5085185641596
2018-08-01 08:18:50,1.47280909199089
2018-08-02 01:51:32,1.4959924620027
2018-08-02 17:46:38,1.47630231947594
2018-08-03 10:33:47,1.4361788917281
2018-08-04 01:46:53,1.4555043606162
2018-08-04 16:25:28,1.36149630383788
2018-08-05 08:19:02,1.3546262232848
2018-08-06 00:03:32,1.37149857508212
2018-08-06 19:51:09,1.35302500223429
2018-08-07 14:37:28,1.3809657135182
2018-08-08 06:26:54,1.27686662052321
2018-08-08 22:04:28,1.23446597570836
2018-08-09 17:04:07,1.26561632674413
2018-08-10 09:08:33,1.25948540897721
2018-08-10 22:23:07,1.19056670610466
2018-08-11 12:59:33,1.20157292475407
2018-08-12 04:37:57,1.23531225178099
2018-08-12 21:42:10,1.24593251872636
2018-08-13 15:25:53,1.25547997084225
2018-08-14 08:40:54,1.18823994982003
2018-08-15 03:04:33,1.23373481807612
2018-08-15 19:18:09,1.28900059240471
2018-08-16 11:40:52,1.27155119518983
2018-08-17 04:47:47,1.26596242266993
2018-08-17 21:03:21,1.27793111791382
2018-08-18 12:40:41,1.28299091301009
2018-08-19 05:42:30,1.25516643403172
2018-08-19 23:38:25,1.28686394144785
2018-08-20 17:38:28,1.2776837026063
2018-08-21 09:41:12,1.27659783701018
2018-08-22 03:31:29,1.32622803999659
2018-08-22 20:17:50,1.2683614436569
2018-08-23 12:04:47,1.26419909815081
2018-08-24 06:22:37,1.28424696746757
2018-08-24 23:24:32,1.31748321612398
2018-08-25 18:55:39,1.32442041579598
2018-08-26 10:19:01,1.31166313752073
2018-08-27 01:23:01,1.31892149878279
2018-08-27 16:57:12,1.32896086041589
2018-08-28 06:29:15,1.35806014665443
2018-08-28 23:53:33,1.39298758840786
2018-08-29 18:49:13,1.38068513718141
2018-08-30 10:19:19,1.36034769526178
2018-08-31 05:27:02,1.37586019224394
2018-08-31 20:43:49,1.38433119010807
2018-09-01 14:11:23,1.38520924735473
2018-09-02 06:58:55,1.42105212181034
2018-09-03 00:41:35,1.43271086184537
2018-09-03 19:56:18,1.42927317932243
2018-09-04 14:40:46,1.44650973319194
2018-09-05 10:37:55,1.39574218941049
2018-09-06 03:35:35,1.26434061103894
2018-09-06 22:30:02,1.26496818153369
2018-09-07 15:47:03,1.26242282245747
2018-09-08 08:01:09,1.26657414659878
2018-09-09 01:33:54,1.21644996586038
2018-09-09 18:20:36,1.25459544799655
2018-09-10 11:54:33,1.23952599076906
2018-09-11 04:21:09,1.25072538008953
2018-09-12 00:18:33,1.23933798050496
2018-09-12 15:55:07,1.23720718064673
2018-09-13 08:25:26,1.2598240510963
2018-09-14 01:57:14,1.27715485311969
2018-09-14 21:39:47,1.29125860132909
2018-09-15 16:34:05,1.29177860511025
2018-09-16 10:25:52,1.28260403327101
2018-09-17 06:05:29,1.28133189564743
2018-09-17 23:59:01,1.23499171257317
2018-09-18 17:11:13,1.25569462211712
2018-09-19 11:54:48,1.24984404739394
2018-09-20 04:42:37,1.26671379588479
2018-09-20 20:10:27,1.27057205536816
2018-09-21 15:21:36,1.33094815765414
2018-09-22 08:17:01,1.33219296630855
2018-09-23 00:36:17,1.3305478450132
2018-09-23 18:47:26,1.32452001884817
2018-09-24 11:49:12,1.31138019205296
2018-09-25 03:51:13,1.27299283869953
2018-09-25 20:21:27,1.26269379865122
2018-09-26 11:52:45,1.2822582491546
2018-09-27 07:26:23,1.28477628003721
2018-09-28 02:04:12,1.33363586791707
2018-09-28 18:08:53,1.3194733420735
2018-09-29 11:11:35,1.29805553374813
2018-09-30 03:58:06,1.30362401121429
2018-09-30 19:43:53,1.31133235186577
2018-10-01 11:57:32,1.30434856577859
2018-10-02 03:31:54,1.3066061284804
2018-10-02 23:35:27,1.29970956700219
2018-10-03 16:52:14,1.28812670635526
2018-10-04 11:28:12,1.30008657695458
2018-10-05 04:50:29,1.30143096263696
2018-10-06 00:22:51,1.30997986869655
2018-10-06 22:11:06,1.30415389699531
2018-10-07 13:48:40,1.29799567071962
2018-10-08 10:16:15,1.30556750356262
2018-10-09 07:20:35,1.31400042452985
2018-10-10 01:32:23,1.31000997008206
2018-10-10 19:49:40,1.30443416923844
2018-10-11 13:13:29,1.2372042614725
2018-10-12 04:54:53,1.23758959844933
2018-10-13 01:00:24,1.23965582690304
2018-10-13 18:41:19,1.24092759373307
2018-10-14 17:08:10,1.24821148700189
2018-10-15 09:56:17,1.28443927759657
2018-10-16 03:13:32,1.28702236407472
2018-10-16 21:55:46,1.29191517366845
2018-10-17 16:08:19,1.29062619827199
2018-10-18 11:54:58,1.29144114431611
2018-10-19 07:10:02,1.27825054824518
2018-10-20 00:54:30,1.27978825056675
2018-10-20 19:01:49,1.28924593063368
2018-10-21 13:03:41,1.29647081575855
2018-10-22 07:04:46,1.29334752687185
2018-10-22 23:41:42,1.29154058037427
2018-10-23 15:30:27,1.28755617698791
2018-10-24 13:13:40,1.29784804023175
2018-10-25 11:39:18,1.28950747498983
2018-10-26 04:06:39,1.28980867291977
2018-10-26 22:35:05,1.29355562210711
2018-10-27 15:31:54,1.29230971565844
2018-10-28 12:33:03,1.29330835415243
2018-10-29 05:00:19,1.29509895271926
2018-10-29 22:54:59,1.26228251694463
2018-10-30 17:48:56,1.26655151067883
2018-10-31 09:11:33,1.26592730841334
2018-11-01 00:18:31,1.27544666701335
2018-11-01 15:37:18,1.27631455017046
2018-11-02 10:16:57,1.28205382598989
2018-11-03 04:29:41,1.28311562105445
2018-11-03 21:05:32,1.28333532788233
2018-11-04 17:27:33,1.29582853433757
2018-11-05 12:53:45,1.29664234908234
2018-11-06 05:01:01,1.29571534784658
2018-11-07 01:51:22,1.317564775302
2018-11-07 20:10:30,1.31806842412062
2018-11-08 17:20:10,1.29939102897258
2018-11-09 14:55:36,1.28511012568205
2018-11-10 10:17:58,1.28546060618869
2018-11-11 06:25:36,1.2857957157174
2018-11-11 23:07:05,1.27856698633751
2018-11-12 18:19:02,1.28426443747293
2018-11-13 15:23:25,1.27354127271915
2018-11-14 09:12:29,1.2705274901291
2018-11-15 06:02:15,1.12863867743989
2018-11-16 04:06:14,1.13855735154423
2018-11-16 23:12:47,1.11417418625228
2018-11-17 17:34:30,1.13303734320994
2018-11-18 11:49:57,1.12757853929647
2018-11-19 07:45:19,1.10576907656333
2018-11-20 06:20:57,0.945063930109855
2018-11-21 01:42:18,0.895377874991405
2018-11-22 01:18:58,0.937341821821361
2018-11-22 22:43:20,0.92035663035622
2018-11-23 19:17:31,0.880395411492537
2018-11-24 14:19:11,0.884516316977165
2018-11-25 09:22:16,0.770192999301518
2018-11-26 08:47:08,0.831255118629429
2018-11-27 05:10:28,0.775705102225431
2018-11-28 00:06:34,0.795071219956726
2018-11-28 22:14:31,0.889295206107476
2018-11-29 22:10:01,0.883144947886722
2018-12-01 00:03:02,0.84031945212508
2018-12-01 21:08:27,0.875691727936047
2018-12-02 19:55:18,0.866270471800973
2018-12-03 17:11:17,0.807146265141695
2018-12-04 15:37:36,0.840792020219715
2018-12-05 08:52:40,0.796273226859782
2018-12-06 05:10:20,0.785986234224275
2018-12-06 23:47:37,0.764142034605432
2018-12-07 22:18:36,0.725049122524144
2018-12-08 19:00:12,0.724735921477038
2018-12-09 16:25:31,0.761452475078167
2018-12-10 11:49:51,0.74783015119931
2018-12-11 07:23:29,0.733137162913748
2018-12-12 04:06:32,0.720813109308776
2018-12-13 01:35:32,0.738675483667436
2018-12-13 22:12:12,0.702908469373387
2018-12-14 16:09:42,0.699070829758507
2018-12-15 09:01:35,0.693384230353565
2018-12-16 02:59:18,0.691638440480966
2018-12-17 01:45:11,0.698151675528846
2018-12-17 18:25:01,0.744152388139424
2018-12-18 10:56:08,0.751676682074904
2018-12-19 06:04:21,0.815165614341434
2018-12-20 00:31:07,0.803620686473932
2018-12-20 19:09:46,0.88327597843352
2018-12-21 14:42:08,0.881577517355266
2018-12-22 06:17:25,0.834904128685651
2018-12-22 21:42:13,0.849926731422524
2018-12-23 12:20:19,0.877985509102521
2018-12-24 03:44:38,0.911502741908
2018-12-24 19:46:45,0.886723321035113
2018-12-25 13:22:14,0.826614099306248
2018-12-26 05:53:06,0.837307539297721
2018-12-26 21:18:44,0.825860595909731
2018-12-27 12:19:04,0.821309447809924
2018-12-28 04:03:26,0.7896849362868
2018-12-28 19:56:57,0.849219681819508
2018-12-29 11:52:50,0.84811160469221
2018-12-30 07:22:21,0.826507806489777
2018-12-30 20:09:11,0.839152919171065
2018-12-31 13:14:35,0.82800740533454
2019-01-01 06:14:38,0.814222445526332
2019-01-01 23:23:19,0.821040440491549
2019-01-02 17:00:38,0.849513538542975
2019-01-03 10:46:50,0.846662187556721
2019-01-04 02:01:16,0.836374617202266
2019-01-04 20:03:52,0.831556727945819
2019-01-05 10:42:57,0.847088713760088
2019-01-06 05:05:43,0.839628049620133
2019-01-06 22:59:51,0.89295700534455
2019-01-07 17:00:52,0.889319285616988
2019-01-08 09:36:27,0.884605166786521
2019-01-09 02:39:22,0.890156590807145
2019-01-09 18:46:24,0.886379093671376
2019-01-10 10:53:40,0.836961663850662
2019-01-11 02:34:43,0.811996550566665
2019-01-11 20:51:21,0.815800966611203
2019-01-12 13:37:29,0.810994203158552
2019-01-13 09:26:03,0.808277101278308
2019-01-14 03:50:06,0.788551869207193
2019-01-14 20:55:56,0.824935679924865
2019-01-15 15:32:04,0.82022767609844
2019-01-16 11:24:58,0.809974027723265
2019-01-17 08:20:45,0.804910954319411
2019-01-18 04:01:01,0.812852788627754
2019-01-18 22:49:36,0.810067100553161
2019-01-19 19:07:05,0.83094065173915
2019-01-20 10:26:26,0.828467037841166
2019-01-21 04:36:07,0.794149302077757
2019-01-21 20:30:22,0.794353904914669
2019-01-22 17:44:21,0.804191036479504
2019-01-23 08:59:57,0.802567680527677
2019-01-24 06:10:36,0.795064185743009
2019-01-24 21:12:10,0.804046888680329
2019-01-25 14:17:15,0.798093860395987
2019-01-26 09:26:48,0.812861095336183
2019-01-27 02:32:23,0.801923977989148
2019-01-27 21:12:06,0.801262542052463
2019-01-28 15:28:52,0.771591419945744
2019-01-29 10:51:59,0.765600335368528
2019-01-30 02:41:48,0.765736146508365
2019-01-30 20:49:13,0.777973243446393
2019-01-31 14:54:23,0.774290495939611
2019-02-01 08:40:40,0.766819265941121
2019-02-01 23:07:49,0.78118633683675
2019-02-02 17:10:48,0.777744489395373
2019-02-03 12:13:09,0.776688545014798
2019-02-04 06:16:24,0.775079529701889
2019-02-04 23:02:53,0.774944628841689
2019-02-05 17:47:41,0.776863995533025
2019-02-06 10:01:31,0.765791695645515
2019-02-07 01:33:30,0.765946800275382
2019-02-07 16:01:21,0.76585565877217
2019-02-08 06:16:01,0.766551717323435
2019-02-08 22:40:14,0.81989666102959
2019-02-09 15:41:08,0.825554359897284
2019-02-10 10:40:15,0.821179762879234
2019-02-11 03:57:12,0.820810437493332
2019-02-11 22:32:47,0.818887115285211
2019-02-12 17:58:22,0.816014542102761
2019-02-13 14:49:55,0.816623234202014
2019-02-14 04:59:06,0.817859179766041
2019-02-14 23:31:09,0.815420355057338
2019-02-15 21:07:11,0.815649135102748
2019-02-16 15:48:50,0.823756607998464
2019-02-17 06:34:58,0.823836389900447
2019-02-17 22:24:13,0.821391153673686
2019-02-18 15:35:00,0.870597292551336
2019-02-19 06:44:46,0.887217470152485
2019-02-20 01:41:44,0.890189444254061
2019-02-20 20:39:13,0.898693055189807
2019-02-21 16:59:30,0.892090563035951
2019-02-22 11:28:10,0.899920943668482
2019-02-23 02:44:00,0.904548213707008
2019-02-23 21:33:21,0.949274644098555
2019-02-24 14:53:21,0.936487287214607
2019-02-25 10:02:02,0.865435981961353
2019-02-26 04:59:22,0.877449865623361
2019-02-26 21:10:11,0.871756788617028
2019-02-27 15:55:43,0.874036872490351
2019-02-28 09:06:21,0.878759259501799
2019-03-01 00:52:55,0.870883087266836
2019-03-01 17:40:27,0.879602627621416
2019-03-02 11:49:12,0.8739245115836
2019-03-03 05:02:34,0.875615676695371
2019-03-03 23:52:19,0.870302476809916
2019-03-04 18:06:49,0.853880621118162
2019-03-05 11:51:51,0.856365820057142
2019-03-06 06:41:09,0.880736913068404
2019-03-07 01:41:03,0.889478722853993
2019-03-07 20:26:04,0.889444330725594
2019-03-08 14:39:28,0.895429738926208
2019-03-09 08:57:21,0.896624835427766
2019-03-10 03:17:40,0.899911734733703
2019-03-10 22:37:05,0.89708633287834
2019-03-11 17:27:57,0.884830213399591
2019-03-12 09:50:54,0.889712063816128
2019-03-13 04:34:09,0.89287497478751
2019-03-14 00:52:30,0.888643037354162
2019-03-14 18:11:43,0.889189106695719
2019-03-15 09:14:51,0.889766496285708
2019-03-16 03:51:28,0.907489650903742
2019-03-16 19:12:32,0.919502285883692
2019-03-17 10:47:18,0.912822217658838
2019-03-18 05:09:40,0.919735593551037
2019-03-18 21:45:57,0.917526635573872
2019-03-19 12:31:17,0.916748788072279
2019-03-20 03:58:29,0.918672108116969
2019-03-20 20:39:15,0.926401610562378
2019-03-21 15:27:37,0.911111529576862
2019-03-22 06:03:58,0.918680963710934
2019-03-22 23:00:34,0.921104789504929
2019-03-23 16:08:52,0.919437042526118
2019-03-24 07:45:52,0.917448305563892
2019-03-25 02:36:03,0.918229166222252
2019-03-25 21:13:52,0.89890788971008
2019-03-26 13:26:21,0.8997555122932
2019-03-27 08:40:01,0.921759978158628
2019-03-28 02:43:50,0.929382510128571
2019-03-28 21:11:54,0.928032810103652
2019-03-29 13:39:30,0.943892003566237
2019-03-30 06:31:09,0.946568321440761
2019-03-31 03:57:12,0.943228839363828
2019-03-31 20:37:16,0.948179049606607
2019-04-01 14:42:21,0.957006331652085
2019-04-02 08:55:22,1.08767295303552
2019-04-03 01:44:42,1.14876861406339
2019-04-03 19:49:25,1.18444587175557
2019-04-04 15:24:41,1.15231728119707
2019-04-05 07:42:34,1.13626670282127
2019-04-06 01:01:39,1.15347879614251
2019-04-06 19:30:21,1.1894483001331
2019-04-07 15:44:46,1.180597391654
2019-04-08 07:49:16,1.21234627768609
2019-04-09 01:13:45,1.20629339807944
2019-04-09 20:42:37,1.19806097678615
2019-04-10 14:46:26,1.20952975592502
2019-04-11 07:04:37,1.19694361400551
2019-04-11 23:41:59,1.15793986262937
2019-04-12 16:13:51,1.16390724729598
2019-04-13 12:19:23,1.16129097520094
2019-04-14 06:18:36,1.15721792332918
2019-04-15 04:12:07,1.18573137233931
2019-04-15 20:18:09,1.15097302384237
2019-04-16 14:22:07,1.15608461104885
2019-04-17 08:54:00,1.19725809294459
2019-04-18 04:10:51,1.20998236316545
2019-04-18 22:06:51,1.21417043320374
2019-04-19 15:12:57,1.20184588353809
2019-04-20 07:08:42,1.21753034835046
2019-04-21 02:05:34,1.2185073626412
2019-04-21 20:06:47,1.20216245287801
2019-04-22 14:32:33,1.21198257563107
2019-04-23 10:10:50,1.26344102130429
2019-04-24 06:45:31,1.27838758308304
2019-04-24 21:58:03,1.24190119653846
2019-04-25 15:23:10,1.24540840144384
2019-04-26 08:57:52,1.18084188984652
2019-04-27 02:07:28,1.17775227407564
2019-04-27 20:03:01,1.18913006238116
2019-04-28 14:32:10,1.18007451929557
2019-04-29 06:20:07,1.18399298384825
2019-04-29 21:47:22,1.17324605833547
2019-04-30 15:29:48,1.20209838493508
2019-05-01 07:13:31,1.21712574203742
2019-05-01 22:39:16,1.21500860870457
2019-05-02 13:15:37,1.23112837629797
2019-05-03 03:43:58,1.25640011369526
2019-05-03 21:11:02,1.30344729522379
2019-05-04 15:16:56,1.27679854877699
2019-05-05 12:20:13,1.30827850727076
2019-05-06 07:02:40,1.28608610264833
2019-05-06 23:53:25,1.3049577010902
2019-05-07 19:45:40,1.34253591531954
2019-05-08 13:11:15,1.3345418167176
2019-05-09 07:01:17,1.38296205655745
2019-05-10 00:16:40,1.40025338608221
2019-05-10 21:19:17,1.43232721366455
2019-05-11 16:29:56,1.57893598676759
2019-05-12 11:09:09,1.64393578033315
2019-05-13 04:00:23,1.58459499899245
2019-05-13 17:58:12,1.78813715939992
2019-05-14 10:15:26,1.80609938455494
2019-05-15 03:13:00,1.80145632662161
2019-05-15 21:53:56,1.81518014668641
2019-05-16 14:47:04,1.73936882329533
2019-05-17 08:44:55,1.60554269204536
2019-05-18 01:24:10,1.60843349696289
2019-05-18 19:16:42,1.60061137136158
2019-05-19 10:36:39,1.7857490848219
2019-05-20 01:27:36,1.74825059603834
2019-05-20 17:35:29,1.72177990491217
2019-05-21 11:25:12,1.74238351566153
2019-05-22 04:45:54,1.74147738390709
2019-05-22 19:12:06,1.73870734423104
2019-05-23 10:57:16,1.66115245147638
2019-05-24 03:48:41,1.72028456619645
2019-05-24 20:50:54,1.76490183073577
2019-05-25 13:11:54,1.77176599328394
2019-05-26 07:02:37,1.74550876903038
2019-05-26 22:59:01,1.89198624193475
2019-05-27 14:29:53,1.91480569443103
2019-05-28 06:22:41,1.90167286874104
2019-05-28 22:32:06,1.88953063244166
2019-05-29 13:32:12,1.84841279191383
2019-05-30 04:29:17,1.85737813390578
2019-05-30 21:26:19,1.80711243947589
2019-05-31 18:07:07,1.78993739614088
2019-06-01 10:47:11,1.82499788288174
2019-06-02 07:05:12,1.82608815706461
2019-06-03 01:25:41,1.8434776018946
2019-06-03 22:42:19,1.78669053671938
2019-06-04 17:31:18,1.6805372846326
2019-06-05 09:07:52,1.6613399948935
2019-06-06 01:07:52,1.65850713450642
2019-06-06 17:05:38,1.64184835837461
2019-06-07 10:09:13,1.6927796180051
2019-06-08 03:14:00,1.69577838045608
2019-06-08 23:50:17,1.68847399343456
2019-06-09 17:08:45,1.62220506658206
2019-06-10 10:30:53,1.63758087945141
2019-06-11 03:13:17,1.68842250913154
2019-06-11 21:36:01,1.68036903571632
2019-06-12 16:40:43,1.73662361928556
2019-06-13 10:38:57,1.71697294591714
2019-06-14 04:07:11,1.73575672761202
2019-06-14 19:26:46,1.77546855295428
2019-06-15 10:41:26,1.82859785751105
2019-06-16 05:17:37,1.92429811755065
2019-06-17 01:13:19,1.92759932570726
2019-06-17 20:53:14,1.95250821577205
2019-06-18 13:43:58,1.9207073635276
2019-06-19 04:22:36,1.91201353035492
2019-06-19 19:46:29,1.90325611805418
2019-06-20 11:22:04,1.92882830765234
2019-06-21 06:27:40,2.03207324635851
2019-06-22 01:38:40,2.11463834064969
2019-06-22 19:49:14,2.19211310410896
2019-06-23 10:16:48,2.19309418989851
2019-06-24 00:41:50,2.22968589880523
2019-06-24 16:12:24,2.23925836553121
2019-06-25 06:55:58,2.31349145660129
2019-06-26 00:27:56,2.39624717421332
2019-06-26 17:10:09,2.74028263191782
2019-06-27 09:14:14,2.38974189980491
2019-06-28 01:50:24,2.2873461419707
2019-06-28 19:57:49,2.36771117211291
2019-06-29 09:07:59,2.30592334409229
2019-06-30 01:16:44,2.3997764952598
2019-06-30 17:24:18,2.20421289041382
2019-07-01 11:19:45,2.15376567396636
2019-07-02 06:29:00,1.92760673280509
2019-07-02 22:38:34,2.09968197615292
2019-07-03 12:38:08,2.20028774613384
2019-07-04 03:25:31,2.33631210803427
2019-07-04 18:37:16,2.31912261731497
2019-07-05 08:23:37,2.13720604472265
2019-07-05 23:06:38,2.13240635005352
2019-07-06 12:28:08,2.22642032219823
2019-07-07 03:56:09,2.17537300741486
2019-07-07 21:04:43,2.24093005912147
2019-07-08 12:20:18,2.32287650212029
2019-07-09 02:59:26,2.43131213463078
2019-07-09 19:12:28,2.4307676078767
2019-07-10 15:32:02,2.38900813070458
2019-07-11 11:27:42,2.1916331148452
2019-07-12 05:35:13,2.16033555451855
2019-07-12 21:27:01,2.27115629310482
2019-07-13 15:26:06,2.15838547374851
2019-07-14 08:26:56,2.12046134378005
2019-07-15 02:42:38,1.91539849072985
2019-07-15 20:46:30,2.06726770249276
2019-07-16 13:44:48,2.00002665929742
2019-07-17 04:19:25,1.79288002180132
2019-07-18 01:53:27,1.83318445575169
2019-07-18 23:21:46,2.01590084482191
2019-07-19 22:04:35,2.00199695183007
2019-07-20 12:24:02,2.00572551827235
2019-07-21 02:56:25,2.04534027872739
2019-07-21 19:58:45,1.98620865465722
2019-07-22 10:53:44,1.97609758830331
2019-07-23 08:53:55,1.89381622029482
2019-07-24 00:23:37,1.86135940394379
2019-07-24 18:57:14,1.81095830591601
2019-07-25 13:55:21,1.91230131547799
2019-07-26 06:26:28,1.83086453388242
2019-07-26 20:07:51,1.85745968995437
2019-07-27 14:19:08,1.77165456423244
2019-07-28 05:11:00,1.7868864310255
2019-07-28 20:44:06,1.7943372868962
2019-07-29 12:31:58,1.77237337598991
2019-07-30 03:24:52,1.73935192372797
2019-07-30 22:30:23,1.77077948452329
2019-07-31 16:11:00,1.85699447926168
2019-08-01 05:04:38,1.84533158216147
2019-08-01 23:21:23,1.91982734680897
2019-08-02 15:38:12,1.95263079996792
2019-08-03 06:50:41,1.98573071458084
2019-08-03 21:46:19,2.00544974273966
2019-08-04 13:19:31,1.96494736292509
2019-08-05 05:01:19,2.13198481538535
2019-08-05 22:25:44,2.15032600850978
2019-08-06 14:49:44,2.14648643039119
2019-08-07 07:03:40,2.11290764603307
2019-08-08 00:51:02,2.176780356417
2019-08-08 18:49:12,2.09416400011971
2019-08-09 13:04:14,2.12738164827997
2019-08-10 08:22:49,2.13908659758757
2019-08-10 22:31:51,2.04285136086307
2019-08-11 16:25:02,2.05389051583556
2019-08-12 09:56:22,2.05005807507451
2019-08-13 04:14:53,2.05434561721097
2019-08-13 21:39:34,1.95911256141695
2019-08-14 15:22:03,1.88444399566
2019-08-15 07:10:24,1.72406553449239
2019-08-15 23:53:56,1.86846537673076
2019-08-16 18:49:21,1.87057961695634
2019-08-17 12:50:14,1.85772973934062
2019-08-18 08:19:08,1.82248098947923
2019-08-19 02:49:27,1.86175139988179
2019-08-19 19:26:07,1.92840687580151
2019-08-20 11:25:29,1.91354995160789
2019-08-21 06:37:12,1.83313047249172
2019-08-22 01:04:27,1.80866820695021
2019-08-22 20:11:33,1.82510953264744
2019-08-23 13:10:39,1.82717185128482
2019-08-24 05:39:08,1.85115378556743
2019-08-24 22:31:00,1.80066539078219
2019-08-25 15:35:58,1.79650171192295
2019-08-26 07:48:34,1.85598612734501
2019-08-27 02:42:59,1.84086964107461
2019-08-27 22:08:47,1.80798979484047
2019-08-28 14:59:41,1.81584421036075
2019-08-29 06:58:59,1.71154297170373
2019-08-29 23:22:21,1.69315444940594
2019-08-30 15:54:06,1.70945643491043
2019-08-31 07:40:47,1.7134902872104
2019-08-31 23:04:04,1.71947352365039
2019-09-01 16:20:25,1.7171227141761
2019-09-02 10:14:36,1.74654251306372
2019-09-03 03:55:38,1.85605103974882
2019-09-03 19:23:32,1.89628707754864
2019-09-04 14:11:08,1.85636833641404
2019-09-05 06:28:37,1.88825801560772
2019-09-05 21:11:02,1.87192305622452
2019-09-06 13:09:32,1.91796272109781
2019-09-07 08:15:57,1.83061091923319
2019-09-08 00:14:08,1.84872406206227
2019-09-08 16:06:36,1.83527779590059
2019-09-09 05:56:07,1.82036357298661
2019-09-10 00:01:43,1.81625859067676
2019-09-10 14:40:25,1.80319309883298
2019-09-11 05:01:58,1.76843214003384
2019-09-11 19:45:25,1.76740200873702
2019-09-12 09:41:30,1.78138372824931
2019-09-13 02:01:02,1.81834415758687
2019-09-13 18:41:59,1.79613783770342
2019-09-14 11:57:09,1.8095756253837
2019-09-15 07:00:09,1.81193040766196
2019-09-15 22:35:22,1.80591413699434
2019-09-16 14:19:26,1.77883392377694
2019-09-17 06:48:17,1.78982965079421
2019-09-18 00:43:37,1.78325408386266
2019-09-18 15:53:38,1.78123605561002
2019-09-19 08:02:38,1.72624770024674
2019-09-20 00:37:18,1.79836009946093
2019-09-20 17:27:30,1.76576666518244
2019-09-21 09:32:33,1.75289542445526
2019-09-22 01:11:50,1.7385395275111
2019-09-22 17:46:38,1.74975675332999
2019-09-23 13:13:55,1.73371955054242
2019-09-24 09:40:33,1.69777327158712
2019-09-25 01:31:01,1.5220906880297
2019-09-25 17:31:39,1.46251539228406
2019-09-26 08:27:51,1.46894291550747
2019-09-27 00:20:42,1.41885204361006
2019-09-27 19:55:49,1.41472149186192
2019-09-28 12:37:51,1.43576610491812
2019-09-29 06:06:28,1.43469824144504
2019-09-30 01:18:33,1.41433182880166
2019-09-30 21:01:33,1.45387229840919
2019-10-01 15:48:47,1.47450085030001
2019-10-02 07:42:33,1.45257490833321
2019-10-03 02:18:59,1.47367644740098
2019-10-03 19:33:33,1.43829913954548
2019-10-04 14:40:37,1.44453978225616
2019-10-05 05:35:18,1.43870732860071
2019-10-05 22:26:42,1.4427496933551
2019-10-06 15:56:24,1.40109272419993
2019-10-07 09:03:57,1.3961122458398
2019-10-08 01:32:50,1.45760022611979
2019-10-08 17:02:24,1.44635286667033
2019-10-09 09:46:22,1.44958332674475
2019-10-10 06:19:11,1.51684430218613
2019-10-10 21:07:15,1.51684288699365
2019-10-11 12:57:04,1.46973517142737
2019-10-12 06:43:15,1.47529398499281
2019-10-13 01:16:53,1.4753815928875
2019-10-13 18:33:55,1.49128866239334
2019-10-14 15:14:25,1.45593974171882
2019-10-15 09:20:18,1.46074112668686
2019-10-16 02:52:32,1.43976757174579
2019-10-16 22:11:46,1.40736525159213
2019-10-17 15:17:05,1.42070802491479
2019-10-18 06:33:37,1.39425131388015
2019-10-18 23:09:37,1.4068304108859
2019-10-19 17:40:26,1.40896885787627
2019-10-20 13:40:09,1.40488612251312
2019-10-21 06:45:55,1.45444363034121
2019-10-21 21:53:03,1.44791819268553
2019-10-22 13:15:58,1.45688621470107
2019-10-23 04:44:30,1.40425191577589
2019-10-23 19:25:12,1.3269733028186
2019-10-24 12:03:14,1.31924218739105
2019-10-25 09:53:15,1.32251905828395
2019-10-26 03:24:52,1.71708542322946
2019-10-26 21:18:13,1.61209984739463
2019-10-27 19:37:53,1.70567393593326
2019-10-28 15:16:16,1.6477598371781
2019-10-29 10:07:06,1.65415334512458
2019-10-30 06:15:45,1.61853521028472
2019-10-31 00:43:41,1.61050157343933
2019-10-31 18:40:28,1.62848662542713
2019-11-01 16:49:48,1.5979886192004
2019-11-02 12:07:11,1.62511645297592
2019-11-03 06:29:13,1.62745775297868
2019-11-04 02:49:08,1.60643200238657
2019-11-04 21:44:09,1.6625351826807
2019-11-05 16:38:56,1.64960824975497
2019-11-06 11:01:48,1.64790450432209
2019-11-07 05:08:03,1.63559908447493
2019-11-08 01:03:36,1.61747995183647
2019-11-08 19:38:30,1.5480687772724
2019-11-09 15:33:00,1.55138095614248
2019-11-10 08:16:04,1.55622694843808
2019-11-10 23:10:18,1.59763051528221
2019-11-11 17:12:33,1.53393410302565
2019-11-12 09:00:41,1.5374546129394
2019-11-13 06:51:12,1.53400543174315
2019-11-14 00:17:41,1.53845856290182
2019-11-14 14:55:53,1.51986856559826
2019-11-15 05:56:56,1.50122845558614
2019-11-15 23:34:10,1.49397683283598
2019-11-16 16:51:55,1.49109242805175
2019-11-17 10:49:03,1.50006683877364
2019-11-18 02:25:27,1.48985726023216
2019-11-18 20:27:23,1.44057459843647
2019-11-19 16:46:46,1.42239496579027
2019-11-20 08:27:21,1.42682501636489
2019-11-21 03:38:27,1.42522681743151
2019-11-21 21:39:51,1.33479054740213
2019-11-22 18:44:11,1.26131244199522
2019-11-23 10:12:14,1.26826047322324
2019-11-24 01:50:00,1.28393348463609
2019-11-24 22:02:54,1.24587887198003
2019-11-25 16:58:24,1.28486183741263
2019-11-26 15:47:10,1.2510883344663
2019-11-27 11:21:42,1.22693479764344
2019-11-28 02:43:21,1.33451475167095
2019-11-28 20:26:28,1.35302614073274
2019-11-29 15:14:36,1.37804238291072
2019-11-30 11:17:22,1.37033839260373
2019-12-01 07:05:31,1.29876290998361
2019-12-02 00:59:29,1.31525315574869
2019-12-02 17:50:11,1.29529311627662
2019-12-03 12:22:20,1.29361490763252
2019-12-04 04:03:12,1.272756910426
2019-12-04 19:57:25,1.33153735499043
2019-12-05 12:58:08,1.31262493536332
2019-12-06 07:23:54,1.31121380036374
2019-12-06 23:56:24,1.34082146919245
2019-12-07 17:42:26,1.34043053493651
2019-12-08 09:27:37,1.32788000672042
2019-12-09 03:15:41,1.33844638825811
2019-12-09 20:09:29,1.31443857224007
2019-12-10 16:09:47,1.29007251537088
2019-12-11 10:12:06,1.28951622727863
2019-12-12 03:34:05,1.27547667055224
2019-12-12 23:02:50,1.28448963868419
2019-12-13 15:44:36,1.28972473516127
2019-12-14 08:45:34,1.29613225756507
2019-12-15 03:18:40,1.25990235180006
2019-12-15 23:44:54,1.27093570498252
2019-12-16 16:23:04,1.26497669049832
2019-12-17 09:30:23,1.22863051633462
2019-12-18 04:49:10,1.19562801609404
2019-12-18 23:37:44,1.34228926595438
2019-12-19 15:32:42,1.27538099638479
2019-12-20 09:18:46,1.27813752834143
2019-12-21 00:42:56,1.28836035468457
2019-12-21 15:35:10,1.27848920098863
2019-12-22 06:12:19,1.27831530483009
2019-12-22 21:37:23,1.32979674404055
2019-12-23 14:25:32,1.34786335724958
2019-12-24 11:47:19,1.32351673191787
2019-12-25 07:05:52,1.29417904775345
2019-12-26 02:04:14,1.29145016356809
2019-12-26 17:10:09,1.31755151667375
2019-12-27 11:39:08,1.28779701631146
2019-12-28 06:14:19,1.3130841535552
2019-12-28 21:59:09,1.31585657511935
2019-12-29 14:49:50,1.32655264504723
2019-12-30 07:48:43,1.324793294207
2019-12-30 21:46:34,1.30326333853879
2019-12-31 17:13:06,1.2932122482432
2020-01-01 09:52:28,1.2909126809415
2020-01-01 23:11:56,1.29058537179016
2020-01-02 16:31:05,1.27835549238008
2020-01-03 09:22:52,1.3049849802745
2020-01-04 01:18:30,1.31353972767374
2020-01-04 17:32:40,1.31297691267192
2020-01-05 09:08:23,1.33582718978151
2020-01-05 23:53:39,1.32084879301632
2020-01-06 19:02:50,1.35325873362741
2020-01-07 11:56:58,1.417561090605
2020-01-08 01:32:46,1.51697671802124
2020-01-08 20:23:20,1.43010088044685
2020-01-09 13:30:23,1.41750070391233
2020-01-10 04:58:22,1.40125161069761
2020-01-10 22:46:42,1.44516186754238
2020-01-11 15:11:46,1.44487508115909
2020-01-12 06:55:13,1.45389789106458
2020-01-13 00:12:32,1.46852893533532
2020-01-13 16:08:40,1.44812632635592
2020-01-14 13:11:12,1.52191411429725
2020-01-15 05:41:46,1.53676455649138
2020-01-15 23:06:11,1.58045109492203
2020-01-16 16:17:57,1.55335604402935
2020-01-17 05:38:48,1.57051683662011
2020-01-17 23:30:06,1.59135901698868
2020-01-18 17:12:06,1.58160352781359
2020-01-19 13:02:48,1.53518136003875
2020-01-20 08:04:05,1.54015816892116
2020-01-20 23:42:30,1.53951797700672
2020-01-21 13:54:24,1.54074483053164
2020-01-22 10:27:02,1.5414447850021
2020-01-23 01:21:31,1.53760883249991
2020-01-23 17:50:56,1.48238816069422
2020-01-24 10:55:45,1.46759988288395
2020-01-25 04:45:50,1.47300672721488
2020-01-25 19:00:38,1.48102533976544
2020-01-26 12:10:46,1.50512675654273
2020-01-27 05:46:36,1.53386906117046
2020-01-28 03:10:49,1.62004905664333
2020-01-28 20:58:23,1.5973819166737
2020-01-29 13:19:58,1.64631906142014
2020-01-30 04:33:46,1.64012705066256
2020-01-30 22:42:47,1.69021530757637
2020-01-31 16:42:01,1.64601698756292
2020-02-01 08:22:44,1.66354044217385
2020-02-02 03:01:40,1.63543400220469
2020-02-02 20:53:09,1.66717683072291
2020-02-03 15:20:38,1.64749381711644
2020-02-04 08:19:09,1.63466156445798
2020-02-05 03:27:58,1.62082465574233
2020-02-05 19:07:36,1.70780805355856
2020-02-06 12:50:57,1.70537071317503
2020-02-07 08:04:37,1.71451412491842
2020-02-08 03:38:31,1.69988868439956
2020-02-08 21:35:26,1.72439192333462
2020-02-09 16:07:23,1.76633469677731
2020-02-10 09:16:50,1.72933686233667
2020-02-11 06:03:19,1.69789904478394
2020-02-11 23:40:46,1.78161834576699
2020-02-12 19:36:06,1.79889052142089
2020-02-13 13:23:43,1.77075578279535
2020-02-14 05:02:34,1.77303989111813
2020-02-15 00:56:49,1.79541647096406
2020-02-15 18:55:23,1.70525037594767
2020-02-16 13:17:29,1.71774671705824
2020-02-17 07:45:37,1.69557655931664
2020-02-17 23:30:54,1.66783817021943
2020-02-18 17:12:28,1.71944663988522
2020-02-19 11:09:23,1.75256874935269
2020-02-20 07:22:27,1.65966467704968
2020-02-21 01:42:35,1.65833852795899
2020-02-21 16:36:02,1.68019283604228
2020-02-22 11:00:51,1.66412975798669
2020-02-23 05:52:27,1.70511833612928
2020-02-23 23:20:08,1.7139136367374
2020-02-24 18:43:49,1.65559256071403
2020-02-25 11:26:18,1.64852559255688
2020-02-26 05:30:16,1.5794368348502
2020-02-27 01:38:31,1.48861885505594
2020-02-27 18:03:18,1.5372562915681
2020-02-28 11:13:14,1.48124988550602
2020-02-29 03:52:59,1.50543195712101
2020-02-29 20:34:19,1.49791929699079
2020-03-01 13:08:41,1.47915488853383
2020-03-02 04:46:35,1.48595330448661
2020-03-02 21:42:38,1.53402950094739
2020-03-03 14:26:01,1.51891385443701
2020-03-04 06:42:08,1.52480039964753
2020-03-04 23:01:35,1.51107806756098
2020-03-05 12:39:01,1.57313099396047
2020-03-06 05:01:28,1.56433017491996
2020-03-06 23:46:43,1.57569872498017
2020-03-07 14:46:27,1.5712036669289
2020-03-08 08:17:52,1.51090312524619
2020-03-09 00:38:56,1.38780683915738
2020-03-09 17:17:10,1.34758238277068
2020-03-10 11:51:03,1.39085470054361
2020-03-11 06:33:29,1.35959808477144
2020-03-12 05:15:12,1.32443919300786
2020-03-12 22:18:35,1.02063813464143
2020-03-13 19:09:13,0.878408493230051
2020-03-14 13:19:47,0.973685543500249
2020-03-15 12:18:55,0.972005640135048
2020-03-16 09:11:06,0.876717620626607
2020-03-17 09:15:52,0.954242437447855
2020-03-18 04:48:15,0.975449861469762
2020-03-19 06:09:08,0.970961143347582
2020-03-20 07:44:20,1.1289190736823
2020-03-21 04:00:25,1.12963808501815
2020-03-22 01:09:27,1.11896658532172
2020-03-22 21:18:38,1.07037033068086
2020-03-23 21:44:13,1.15664127032317
2020-03-24 17:22:06,1.19413094816128
2020-03-25 20:19:04,1.19422710612876
2020-03-26 12:01:36,1.19207162015423
2020-03-27 05:46:35,1.2184783111722
2020-03-27 21:17:26,1.20563877739614
2020-03-28 16:24:33,1.12357139719416
2020-03-29 10:57:20,1.09790891720625
2020-03-30 03:39:23,1.08253576152571
2020-03-30 21:26:19,1.17109288007273
2020-03-31 14:01:45,1.16194525489885
2020-04-01 06:18:01,1.1395286739044
2020-04-01 23:32:20,1.18794239745986
2020-04-02 15:11:42,1.23195167536877
2020-04-03 10:01:49,1.26469786886732
2020-04-04 06:16:08,1.22221580493328
2020-04-04 20:57:11,1.22572735974258
2020-04-05 12:55:43,1.23045735681663
2020-04-06 04:35:28,1.24298417079966
2020-04-07 00:05:07,1.33001246990763
2020-04-07 15:21:20,1.31993858161539
2020-04-08 07:20:47,1.32618293534401
2020-04-09 01:36:42,1.33138614687536
2020-04-09 18:16:18,1.32077389369951
2020-04-10 10:14:04,1.25487242858731
2020-04-11 01:27:23,1.25658934986587
2020-04-11 19:07:30,1.24064289989807
2020-04-12 10:03:56,1.24541852415349
2020-04-13 03:43:13,1.22016964379374
2020-04-13 19:03:59,1.22952341394179
2020-04-14 08:20:31,1.24215206420538
2020-04-15 01:37:50,1.24361649500531
2020-04-15 18:00:24,1.22846854171504
2020-04-16 08:47:10,1.25605525291226
2020-04-17 01:22:22,1.28612270917421
2020-04-17 22:32:48,1.28196698064881
2020-04-18 15:26:30,1.31595618771649
2020-04-19 07:35:27,1.30152514388382
2020-04-20 00:04:59,1.29593356275503
2020-04-20 16:39:46,1.28749216898027
2020-04-21 09:47:10,1.25078009281108
2020-04-22 02:02:52,1.24839000620855
2020-04-22 22:02:37,1.29154073489596
2020-04-23 16:06:26,1.37159925825249
2020-04-24 10:37:02,1.37782581216629
2020-04-25 05:11:06,1.36739570643261
2020-04-25 23:50:01,1.3694641019882
2020-04-26 19:11:01,1.38521375189632
2020-04-27 13:32:57,1.39796898258521
2020-04-28 07:32:29,1.39932001137212
2020-04-28 23:22:10,1.40625407933942
2020-04-29 16:38:16,1.51578028642568
2020-04-30 14:51:54,1.59230087862148
2020-05-01 08:49:46,1.57459252468847
2020-05-02 01:53:57,1.58339942799218
2020-05-02 19:22:12,1.58873813873648
2020-05-03 10:30:59,1.63002314869344
2020-05-04 02:57:23,1.55371213766391
2020-05-04 19:29:33,1.58353939320332
2020-05-05 12:39:24,1.58169935088807
2020-05-06 04:47:35,1.60368180436546
2020-05-06 20:35:06,1.64965978922122
2020-05-07 15:21:01,1.68943187827512
2020-05-08 09:20:27,1.74816943191903
2020-05-09 03:35:35,1.74209282049559
2020-05-09 23:17:19,1.69638980115133
2020-05-10 14:36:41,1.5503070425398
2020-05-11 04:58:44,1.53746867204996
2020-05-11 22:11:00,1.51682319792392
2020-05-12 15:19:58,1.57135542710352
2020-05-13 11:37:28,1.58364830472379
2020-05-14 11:15:43,1.70427205624137
2020-05-15 07:27:25,1.68370926622657
2020-05-16 04:09:43,1.65924041779284
2020-05-17 00:37:18,1.65352616489672
2020-05-18 01:02:06,1.72138990439954
2020-05-18 21:40:34,1.70239463760663
2020-05-19 21:08:38,1.70248487941374
2020-05-20 19:45:48,1.67116031842022
2020-05-21 16:16:33,1.59147186985148
2020-05-22 13:31:00,1.60792005730783
2020-05-23 12:37:27,1.6095984242231
2020-05-24 08:44:40,1.62549501642925
2020-05-25 06:13:51,1.53939970255238
2020-05-26 03:01:58,1.55793104422916
2020-05-27 00:11:41,1.5521616221635
2020-05-27 19:07:33,1.60933696906199
2020-05-28 16:18:15,1.66677008437077
2020-05-29 10:17:52,1.6567451210248
2020-05-30 05:18:08,1.66787536056992
2020-05-30 22:20:30,1.66275473873425
2020-05-31 15:42:02,1.65853071577527
2020-06-01 11:13:31,1.67174612895632
2020-06-02 05:36:13,1.76487168269984
2020-06-03 01:26:00,1.66327620820459
2020-06-03 20:37:06,1.67170600759206
2020-06-04 12:50:38,1.67960830001618
2020-06-05 05:28:05,1.70781231796412
2020-06-05 19:09:19,1.69801029673618
2020-06-06 09:43:12,1.67356627116706
2020-06-06 22:42:59,1.69011868161367
2020-06-07 13:17:59,1.65684166150029
2020-06-08 07:14:51,1.69718460906013
2020-06-08 23:06:33,1.68816695875204
2020-06-09 15:24:53,1.69014908262181
2020-06-10 05:32:58,1.69504235159936
2020-06-10 21:35:14,1.71510903614223
2020-06-11 14:24:38,1.67214521251049
2020-06-12 03:46:25,1.62264935546671
2020-06-12 19:33:16,1.6305275080157
2020-06-13 08:42:59,1.63937300333715
2020-06-14 02:22:48,1.64143103086173
2020-06-14 18:36:47,1.63007402681135
2020-06-15 11:33:46,1.57686024815544
2020-06-16 05:12:29,1.65909569949847
2020-06-16 21:44:44,1.64742744087518
2020-06-17 18:22:59,1.63097784942217
2020-06-18 13:16:19,1.63233447769303
2020-06-19 08:52:22,1.60775334903702
2020-06-20 04:20:05,1.61368597424051
2020-06-20 21:51:58,1.61298622648423
2020-06-21 16:24:23,1.62087958415311
2020-06-22 09:03:50,1.63178147399693
2020-06-23 04:27:17,1.66991314088419
2020-06-23 19:40:59,1.66861506532284
2020-06-24 14:06:33,1.61277736323644
2020-06-25 07:32:27,1.58635103721946
2020-06-26 03:31:21,1.59876772447974
2020-06-26 19:18:30,1.57898950573748
2020-06-27 12:51:10,1.57836483763999
2020-06-28 04:24:19,1.54463744644442
2020-06-28 22:21:14,1.57174606722988
2020-06-29 17:02:38,1.56998754660394
2020-06-30 08:22:09,1.57484642398546
2020-07-01 04:13:04,1.57323651314883
2020-07-01 20:39:25,1.59210951699351
2020-07-02 10:14:30,1.58591217696687
2020-07-03 02:22:22,1.56856390823776
2020-07-03 20:10:08,1.56357960361015
2020-07-04 11:01:54,1.56013215846688
2020-07-05 03:06:06,1.57053470687346
2020-07-05 18:20:10,1.55540912464374
2020-07-06 12:45:00,1.58882094881451
2020-07-07 03:08:25,1.59739007183813
2020-07-07 19:48:13,1.59463374649759
2020-07-08 13:27:24,1.59975886462833
2020-07-09 05:42:51,1.61313542297146
2020-07-09 21:27:12,1.5865823862464
2020-07-10 14:03:20,1.57577776964702
2020-07-11 05:59:28,1.59025984271785
2020-07-11 22:23:15,1.58284223733955
2020-07-12 16:33:04,1.58325416558829
2020-07-13 06:59:08,1.59452542123718
2020-07-14 02:27:40,1.58491922305271
2020-07-14 19:06:04,1.58783135603663
2020-07-15 12:27:48,1.58118604114924
2020-07-16 08:24:24,1.56306892370477
2020-07-17 03:17:14,1.56568187720376
2020-07-18 02:25:02,1.56798466919385
2020-07-18 22:32:53,1.5729067178966
2020-07-19 16:56:07,1.56438326382084
2020-07-20 11:48:31,1.56965356405282
2020-07-21 07:35:41,1.5769821561771
2020-07-22 04:09:21,1.6052914772555
2020-07-22 21:50:59,1.60623804684281
2020-07-23 16:33:43,1.63310936014768
2020-07-24 10:05:59,1.63182643368785
2020-07-25 01:55:47,1.63378260053087
2020-07-25 19:42:00,1.65601303276728
2020-07-26 12:48:42,1.70835179053937
2020-07-27 04:48:51,1.75735657528241
2020-07-27 22:26:05,1.89548209693608
2020-07-28 16:58:16,1.89809624363047
2020-07-29 08:19:30,1.87127362168597
2020-07-30 02:50:07,1.8730764392531
2020-07-30 22:40:10,1.87834429335945
2020-07-31 15:45:08,1.9027593113135
2020-08-01 09:36:15,1.97224184152546
2020-08-02 03:50:32,2.01256129118659
2020-08-02 22:50:09,1.87556358750849
2020-08-03 16:06:37,1.91231073937303
2020-08-04 07:40:26,1.88782723080501
2020-08-05 01:39:35,1.87193819106061
2020-08-05 21:05:50,1.95636604013519
2020-08-06 14:40:53,1.98323432997179
2020-08-07 07:36:59,1.96575390522579
2020-08-07 23:51:50,1.9229369388617
2020-08-08 18:32:16,1.94091837879449
2020-08-09 12:35:01,1.93504744960889
2020-08-10 04:08:51,1.99475305619859
2020-08-10 23:18:29,1.95403989008427
2020-08-11 16:41:44,1.89475941653412
2020-08-12 08:47:17,1.88742711079385
2020-08-13 00:32:45,1.90554109246837
2020-08-13 17:25:36,1.8989820427216
2020-08-14 09:58:40,1.92489032266907
2020-08-15 02:47:28,1.96174389584458
2020-08-15 18:54:04,1.94758344162416
2020-08-16 11:26:25,1.93640053662476
2020-08-17 06:45:56,1.93632515376939
2020-08-18 01:34:59,2.01766823538317
2020-08-18 21:24:16,1.96206458380214
2020-08-19 17:02:14,1.9176848219792606
2020-08-20 08:50:36,1.9092882687995154
2020-08-21 02:25:15,1.9251282202243314
2020-08-21 18:26:36,1.9055042615954711
2020-08-22 13:54:54,1.8869029765237355
2020-08-23 07:12:40,1.8895136709278901
2020-08-23 23:44:42,1.8956643257058587
2020-08-24 17:45:54,1.9115945079368926
2020-08-25 12:02:53,1.8871982551262088
2020-08-26 07:01:38,1.8393056314491802
2020-08-27 01:09:04,1.859505897232071
2020-08-27 22:17:18,1.8308715191963558
2020-08-28 14:37:58,1.8591949350582933
2020-08-29 05:36:23,1.8644881890324572
2020-08-29 23:46:22,1.8616905140982416
2020-08-30 20:17:54,1.8859433075480918
2020-08-31 12:08:22,1.8920675724055787
2020-09-01 07:15:00,1.9199879223004834
2020-09-01 23:44:07,1.9333460129235176
2020-09-02 18:31:16,1.8322302779677981
2020-09-03 13:18:03,1.7433895037473617
2020-09-04 08:30:20,1.6627501649697674
2020-09-05 04:17:37,1.6792862391622905
2020-09-05 22:10:01,1.626717825114762
2020-09-06 13:53:09,1.6536521081525708
2020-09-07 09:35:39,1.6373922403556356
2020-09-07 21:59:58,1.639067088316348
2020-09-08 15:25:31,1.6299325744414097
2020-09-09 07:04:19,1.631211533448589
2020-09-10 01:41:34,1.6605306690694612
2020-09-10 18:15:47,1.6710095074991922
2020-09-11 11:56:18,1.6619477625328305
2020-09-12 04:32:32,1.6720101703197878
2020-09-12 19:25:57,1.6902545151951494
2020-09-13 09:48:41,1.7033390287691825
2020-09-14 02:04:51,1.6674179595509966
2020-09-14 17:04:43,1.7327534104025768
2020-09-15 10:11:09,1.7266042145433376
2020-09-16 01:53:12,1.7290294994065005
2020-09-16 18:06:51,1.779453317561001
2020-09-17 09:40:25,1.7509894794082377
2020-09-18 00:18:39,1.762674305590565
2020-09-18 14:55:40,1.757231145220408
2020-09-19 08:37:20,1.7547101951104194
2020-09-20 02:09:46,1.7583846357769883
2020-09-20 19:41:16,1.7502586220149825
2020-09-21 11:05:45,1.7126358973931428
2020-09-22 07:51:49,1.6736848538897773
2020-09-23 03:33:44,1.6892245435354791
2020-09-23 22:36:44,1.6461289646769404
2020-09-24 15:55:06,1.6723122128430723
2020-09-25 09:30:43,1.7027887888455329
2020-09-26 00:28:24,1.7169854029075662
2020-09-26 19:07:19,1.7226944592942919
2020-09-27 11:46:45,1.7108748298804823
2020-09-28 05:23:04,1.7499427928353164
2020-09-29 00:59:16,1.7139483531162907
2020-09-29 19:44:11,1.7187594117047813
2020-09-30 12:48:18,1.7094038850993338
2020-10-01 06:41:20,1.7333901484958592
2020-10-02 02:15:45,1.6953536854117983
2020-10-02 21:15:50,1.687363737271131
2020-10-03 13:37:37,1.6862205188254413
2020-10-04 07:35:49,1.6999408695994405
2020-10-04 23:27:38,1.7063814211247426
2020-10-05 19:36:51,1.7136328096002758
2020-10-06 12:36:43,1.7107647641099806
2020-10-07 09:03:25,1.69538143019323
2020-10-08 00:51:56,1.7059907977068518
2020-10-08 16:11:32,1.7415601720760956
2020-10-09 11:00:51,1.75535664885995
2020-10-10 04:29:26,1.8211695830094747
2020-10-10 23:04:00,1.8105947891055314
2020-10-11 16:57:24,1.818954454643373
2020-10-12 10:39:43,1.8088668244133381
2020-10-13 03:51:17,1.829546187346406
2020-10-13 19:24:18,1.8113346212378358
2020-10-14 12:11:35,1.808095145719798
2020-10-15 04:56:18,1.8088512606431968
2020-10-15 22:28:43,1.826015541615787
2020-10-16 15:06:37,1.797500236361315
2020-10-17 06:20:51,1.801845998053496
2020-10-18 00:16:42,1.802998322349077
2020-10-18 20:29:56,1.814191412591551
2020-10-19 18:33:30,1.8564873797228756
2020-10-20 10:55:08,1.8645714900502592
2020-10-21 07:31:29,1.9322601056064859
2020-10-22 02:34:30,2.0231487164437163
2020-10-22 21:46:47,2.053774808431877
2020-10-23 18:25:22,1.9920312284943478
2020-10-24 10:52:30,2.0158635989447116
2020-10-25 06:18:50,2.012388990775873
2020-10-26 02:58:52,2.0276991944659595
2020-10-27 03:31:59,2.025598081154022
2020-10-28 05:50:44,2.1205128365378907
2020-10-29 05:43:26,2.038632003836642
2020-10-30 06:49:42,2.0258321418627894
2020-10-31 07:50:18,2.087515413529701
2020-11-01 04:24:51,2.0976505253064115
2020-11-02 01:40:17,2.111624110756461
2020-11-03 03:59:48,2.0419100500236493
2020-11-03 21:01:20,2.08105757181373
2020-11-04 13:22:10,2.0712927645264596
2020-11-05 06:53:04,2.1449283346125014
2020-11-06 01:29:48,2.361141627321323
2020-11-06 18:06:41,2.2935779472642426
2020-11-07 11:13:39,2.3032183529627717
2020-11-08 04:34:46,2.212171325457023
2020-11-08 23:31:42,2.2835423514532134
2020-11-09 13:44:42,2.2897678541551287
2020-11-10 03:16:11,2.2526513423256893
2020-11-10 22:40:26,2.2513091386912905
2020-11-11 17:03:43,2.3055513371267504
2020-11-12 10:26:19,2.3435996709440863
2020-11-13 00:41:10,2.3712259666246016
2020-11-13 18:54:18,2.3565284662342787
2020-11-14 12:45:24,2.305749846881718
2020-11-15 07:33:29,2.3218743639416095
2020-11-16 00:22:33,2.306981295502839
2020-11-16 17:01:59,2.3915805976865867
2020-11-17 08:38:39,2.411417099418099
2020-11-18 00:56:15,2.529518045396362
2020-11-18 15:41:44,2.519930794884656
2020-11-19 11:53:45,2.4946018301015367
2020-11-20 03:51:42,2.53442697616661
2020-11-20 18:22:48,2.630423659880703
2020-11-21 10:35:23,2.5966724058064083
2020-11-22 02:14:14,2.570071235518547
2020-11-22 15:16:45,2.5302988427585107
2020-11-23 09:00:08,2.579931811531896
2020-11-24 02:57:38,2.554835646898242
2020-11-24 21:56:20,2.6225879940786188
2020-11-25 14:34:42,2.6334842610970233
2020-11-26 07:21:24,2.4550502442785143
2020-11-27 00:27:59,2.3423233143871762
2020-11-27 18:52:49,2.2819873633172914
2020-11-28 08:39:58,2.3195408425992374
2020-11-29 02:33:02,2.3932548350398104
2020-11-29 19:39:52,2.4628176355340403
2020-11-30 18:21:24,2.626163847019437
2020-12-01 09:57:01,2.616602294463828
2020-12-02 08:11:57,2.562288831792513
2020-12-03 01:21:19,2.5597629498952745
2020-12-03 17:37:41,2.5778418871935194
2020-12-04 11:14:38,2.5172436068311437
2020-12-05 03:55:11,2.4882583275151333
2020-12-05 23:00:10,2.5153901523030595
2020-12-06 19:39:12,2.526886967505519
2020-12-07 09:53:43,2.5421312171520953
2020-12-08 03:27:22,2.5263981959041617
2020-12-08 23:25:34,2.4050811338806266
2020-12-09 18:12:54,2.40162302796133
2020-12-10 15:02:01,2.3638300377537687
2020-12-11 07:27:41,2.3391285589288593
2020-12-12 03:57:21,2.3879237719640125
2020-12-12 22:44:45,2.443656881383258
2020-12-13 15:34:54,2.4945756544334334
2020-12-14 08:21:55,2.4695945966960733
2020-12-15 01:54:33,2.4981077574789348
2020-12-15 21:14:11,2.50222725837619
2020-12-16 14:19:59,2.6079609048917365
2020-12-17 10:54:53,2.863456492922593
2020-12-18 05:30:00,2.849749346173076
2020-12-18 21:36:44,2.8155132315677975
2020-12-19 14:47:53,2.851212414266314
2020-12-20 05:30:04,2.869791314647155
2020-12-20 23:43:42,2.8623166674693974
2020-12-21 17:14:43,2.8178862977886188
2020-12-22 12:25:37,2.7942787015002652
2020-12-23 06:47:04,2.8156285176944995
2020-12-23 23:11:54,2.761682360737474
2020-12-24 18:35:57,2.765689134306091
2020-12-25 13:12:00,2.861468099359815
2020-12-26 10:09:18,2.9122687521365807
2020-12-27 02:34:08,3.102931841424049
2020-12-27 20:07:58,3.1200355605820285
2020-12-28 11:53:31,3.0665025313070666
2020-12-29 06:34:15,2.9722509852468373
2020-12-29 22:51:14,2.9890530058807423
2020-12-30 12:09:32,3.074678594868376
2020-12-31 04:55:33,3.1823348611117845
2020-12-31 20:51:25,3.149190662358382
2021-01-01 12:28:24,3.1869444492130676
2021-01-02 06:50:15,3.1894668096495713
2021-01-02 23:28:55,3.4057567720479627
2021-01-03 16:27:43,3.5213338989375558
2021-01-04 07:53:37,3.441624741723786
2021-01-04 22:28:59,3.1813432960375065
2021-01-05 15:44:51,3.2999066595296376
2021-01-06 06:35:27,3.524249404595552
2021-01-06 21:00:51,3.5987511453622885
2021-01-07 12:41:26,3.7303763752759376
2021-01-08 03:56:39,3.5611876807740432
2021-01-08 21:59:37,3.675761935298536
2021-01-09 15:47:57,3.78102648658417
2021-01-10 09:12:33,3.7625728612202267
2021-01-11 02:09:17,3.4088315935445603
2021-01-11 19:00:10,2.9721199431902674
2021-01-12 10:12:34,3.263867301127968
2021-01-13 04:43:15,3.0529743377270737
2021-01-13 20:29:04,3.2418820076316592
2021-01-14 14:13:21,3.4903116705832784
2021-01-15 07:47:29,3.3725542176885597
2021-01-16 00:41:45,3.246970184507441
2021-01-16 18:19:56,3.2526750001602087
2021-01-17 14:45:05,3.0668353032431193
2021-01-18 07:33:31,3.0879348172162198
2021-01-19 01:51:35,3.2064342030014856
2021-01-19 18:42:07,3.235261868903844
2021-01-20 12:37:15,2.985557721268918
2021-01-21 10:39:44,2.847493672304509
2021-01-22 03:38:55,2.6597954553712695
2021-01-22 21:16:46,2.9056488021306066
2021-01-23 16:44:41,2.759445977575101
2021-01-24 08:01:46,2.83920088269767
2021-01-25 03:19:03,2.835658239438006
2021-01-25 21:23:45,2.883375290180169
2021-01-26 13:29:38,2.7000352006508566
2021-01-27 08:04:25,2.726773024381166
2021-01-28 01:01:26,2.6301253939596316
2021-01-28 17:31:41,2.7723496798472027
2021-01-29 12:10:53,3.1570625046328527
2021-01-30 03:57:18,2.857290559679293
2021-01-30 23:43:56,2.912953404014251
2021-01-31 17:48:42,2.770085164376347
2021-02-01 13:56:50,2.8367086251645883
2021-02-02 09:47:18,2.9068961775251627
2021-02-03 02:05:12,3.0000069070947717
2021-02-03 18:59:20,3.0967892030246214
2021-02-04 11:22:03,3.123526352820096
2021-02-05 03:21:53,3.053011594930969
2021-02-05 18:58:00,3.1108713514797715
2021-02-06 11:26:13,3.278198517632526
2021-02-07 02:12:37,3.146951919315201
2021-02-07 19:29:53,3.1131866339093013
2021-02-08 11:56:43,3.195817576001856
2021-02-09 04:39:12,3.7138214570975046
2021-02-09 22:58:27,3.7158160741837287
2021-02-10 15:55:24,3.501811615143384