,ModelPred_series,RandomPred_series,NaivePred_series,btc_LogReturn_binary,btc_LogReturn,model,feature_selection,DV_shifts,IV_lags,metric
2019-03-03,0.0,1.0,1.0,0,-0.0048519523779955165,LGBMC,True,2,2,f1
2019-03-04,1.0,0.0,1.0,0,-0.005238405956262682,LGBMC,True,2,2,f1
2019-03-05,1.0,0.0,0.0,0,-0.026562752150050883,LGBMC,True,2,2,f1
2019-03-06,0.0,1.0,0.0,1,0.015001263258671571,LGBMC,True,2,2,f1
2019-03-07,1.0,0.0,0.0,1,0.0383419524266273,LGBMC,True,2,2,f1
2019-03-08,1.0,0.0,1.0,1,0.0037546413359255126,LGBMC,True,2,2,f1
2019-03-09,1.0,0.0,1.0,0,-0.0002295349606011854,LGBMC,True,2,2,f1
2019-03-10,0.0,1.0,1.0,1,0.01626184842472611,LGBMC,True,2,2,f1
2019-03-11,1.0,1.0,0.0,1,0.013376866267456933,LGBMC,True,2,2,f1
2019-03-12,0.0,0.0,1.0,0,-0.017736769251030182,LGBMC,True,2,2,f1
2019-03-13,0.0,0.0,1.0,0,-0.009117143232607816,LGBMC,True,2,2,f1
2019-03-14,0.0,1.0,0.0,0,-0.0008555753363719276,LGBMC,True,2,2,f1
2019-03-15,1.0,0.0,0.0,0,-0.0018766747755680768,LGBMC,True,2,2,f1
2019-03-16,0.0,1.0,0.0,1,0.015027911084237289,LGBMC,True,2,2,f1
2019-03-17,1.0,0.0,0.0,1,0.03308851856061423,LGBMC,True,2,2,f1
2019-03-18,1.0,0.0,1.0,1,0.014727836414131446,LGBMC,True,2,2,f1
2019-03-19,1.0,1.0,1.0,0,-0.004286048733151304,LGBMC,True,2,2,f1
2019-03-20,1.0,1.0,1.0,1,0.00851983030555914,LGBMC,True,2,2,f1
2019-03-21,1.0,0.0,0.0,1,0.01430551491838905,LGBMC,True,2,2,f1
2019-03-22,1.0,1.0,1.0,0,-0.009165697404560191,LGBMC,True,2,2,f1
2019-03-23,0.0,0.0,1.0,0,-0.014233013377699777,LGBMC,True,2,2,f1
2019-03-24,1.0,1.0,0.0,1,0.0048911824086221856,LGBMC,True,2,2,f1
2019-03-25,1.0,0.0,0.0,0,-0.0012382477501962086,LGBMC,True,2,2,f1
2019-03-26,0.0,1.0,1.0,0,-0.019128084360113817,LGBMC,True,2,2,f1
2019-03-27,1.0,1.0,0.0,0,-0.011674572573221909,LGBMC,True,2,2,f1
2019-03-28,0.0,0.0,0.0,1,0.02820481462913982,LGBMC,True,2,2,f1
2019-03-29,1.0,1.0,0.0,1,0.02244460452850916,LGBMC,True,2,2,f1
2019-03-30,0.0,0.0,1.0,1,0.016419547778786736,LGBMC,True,2,2,f1
2019-03-31,0.0,0.0,1.0,1,0.018904609081308976,LGBMC,True,2,2,f1
2019-04-01,0.0,1.0,1.0,0,-0.0003377184116573062,LGBMC,True,2,2,f1
2019-04-02,1.0,0.0,1.0,1,0.009212820801236532,LGBMC,True,2,2,f1
2019-04-03,1.0,0.0,0.0,1,0.17126227041038078,LGBMC,True,2,2,f1
2019-04-04,1.0,0.0,1.0,1,0.1776104587603733,LGBMC,True,2,2,f1
2019-04-05,0.0,0.0,1.0,1,0.005790063664045775,LGBMC,True,2,2,f1
2019-04-06,1.0,1.0,1.0,1,0.013805223564673952,LGBMC,True,2,2,f1
2019-04-07,1.0,1.0,1.0,1,0.0285528428881765,LGBMC,True,2,2,f1
2019-04-08,1.0,0.0,1.0,1,0.031434581443186005,LGBMC,True,2,2,f1
2019-04-09,1.0,0.0,1.0,1,0.04169244010188855,LGBMC,True,2,2,f1
2019-04-10,0.0,1.0,1.0,0,-0.002619802408952765,LGBMC,True,2,2,f1
2019-04-11,0.0,1.0,1.0,1,0.007838700212218441,LGBMC,True,2,2,f1
2019-04-12,0.0,0.0,0.0,0,-0.027572948874215797,LGBMC,True,2,2,f1
2019-04-13,0.0,0.0,1.0,0,-0.04571413452362272,LGBMC,True,2,2,f1
2019-04-14,1.0,1.0,0.0,1,0.005860451316289428,LGBMC,True,2,2,f1
2019-04-15,1.0,0.0,0.0,1,0.015578137656914848,LGBMC,True,2,2,f1
2019-04-16,0.0,1.0,1.0,0,-0.005630137214488684,LGBMC,True,2,2,f1
2019-04-17,1.0,1.0,1.0,1,0.008528564440785757,LGBMC,True,2,2,f1
2019-04-18,0.0,1.0,0.0,1,0.035913417885403476,LGBMC,True,2,2,f1
2019-04-19,1.0,1.0,1.0,1,0.015209897834971287,LGBMC,True,2,2,f1
2019-04-20,0.0,1.0,1.0,1,0.010794997113386273,LGBMC,True,2,2,f1
2019-04-21,0.0,0.0,1.0,1,0.006228066363012985,LGBMC,True,2,2,f1
2019-04-22,0.0,1.0,1.0,1,0.0009071222973986437,LGBMC,True,2,2,f1
2019-04-23,1.0,0.0,1.0,1,0.01270732178081424,LGBMC,True,2,2,f1
2019-04-24,0.0,1.0,1.0,1,0.043763735818254546,LGBMC,True,2,2,f1
2019-04-25,0.0,0.0,1.0,1,0.010542592222543945,LGBMC,True,2,2,f1
2019-04-26,0.0,0.0,1.0,0,-0.060219184880129006,LGBMC,True,2,2,f1
2019-04-27,1.0,0.0,1.0,0,-0.026352487099183364,LGBMC,True,2,2,f1
2019-04-28,0.0,1.0,0.0,1,0.016144961195857732,LGBMC,True,2,2,f1
2019-04-29,0.0,1.0,0.0,1,0.0015968112474400442,LGBMC,True,2,2,f1
2019-04-30,0.0,0.0,1.0,0,-0.003706785339380403,LGBMC,True,2,2,f1
2019-05-01,1.0,1.0,1.0,0,-0.005958546270086629,LGBMC,True,2,2,f1
2019-05-02,1.0,1.0,0.0,1,0.012469328610295705,LGBMC,True,2,2,f1
2019-05-03,1.0,1.0,0.0,1,0.022580318681942657,LGBMC,True,2,2,f1
2019-05-04,1.0,1.0,1.0,1,0.06018122191597186,LGBMC,True,2,2,f1
2019-05-05,1.0,0.0,1.0,1,0.06827192570553287,LGBMC,True,2,2,f1
2019-05-06,0.0,1.0,1.0,1,0.01063929591398427,LGBMC,True,2,2,f1
2019-05-07,0.0,0.0,1.0,0,-0.01511870334149279,LGBMC,True,2,2,f1
2019-05-08,0.0,1.0,1.0,1,0.00663335585535485,LGBMC,True,2,2,f1
2019-05-09,1.0,0.0,0.0,1,0.04341142381796459,LGBMC,True,2,2,f1
2019-05-10,0.0,1.0,1.0,1,0.06574431859394636,LGBMC,True,2,2,f1
2019-05-11,1.0,0.0,1.0,1,0.06697524897982277,LGBMC,True,2,2,f1
2019-05-12,1.0,0.0,1.0,1,0.16479410526137173,LGBMC,True,2,2,f1
2019-05-13,1.0,0.0,1.0,1,0.09469543648755696,LGBMC,True,2,2,f1
2019-05-14,1.0,1.0,1.0,1,0.07630370001477971,LGBMC,True,2,2,f1
2019-05-15,1.0,1.0,1.0,1,0.1356565736796025,LGBMC,True,2,2,f1
2019-05-16,1.0,1.0,1.0,1,0.04788711317994121,LGBMC,True,2,2,f1
2019-05-17,0.0,0.0,1.0,0,-0.013441717686767163,LGBMC,True,2,2,f1
2019-05-18,0.0,1.0,1.0,0,-0.10859976805276617,LGBMC,True,2,2,f1
2019-05-19,0.0,1.0,0.0,0,-0.08199794762552592,LGBMC,True,2,2,f1
2019-05-20,1.0,1.0,0.0,1,0.1069902667725362,LGBMC,True,2,2,f1
2019-05-21,1.0,0.0,0.0,1,0.09723197311905274,LGBMC,True,2,2,f1
2019-05-22,0.0,1.0,1.0,0,-0.029875520481821738,LGBMC,True,2,2,f1
2019-05-23,0.0,1.0,1.0,0,-0.04875938304020977,LGBMC,True,2,2,f1
2019-05-24,1.0,0.0,0.0,0,-0.009120487301030877,LGBMC,True,2,2,f1
2019-05-25,1.0,0.0,0.0,1,0.04828849473258323,LGBMC,True,2,2,f1
2019-05-26,1.0,0.0,0.0,1,0.023965433707791917,LGBMC,True,2,2,f1
2019-05-27,1.0,0.0,1.0,1,0.08855623480951635,LGBMC,True,2,2,f1
2019-05-28,1.0,0.0,1.0,1,0.08300063590792384,LGBMC,True,2,2,f1
2019-05-29,1.0,1.0,1.0,0,-0.002809984501279672,LGBMC,True,2,2,f1
2019-05-30,1.0,0.0,1.0,0,-0.012283464377523146,LGBMC,True,2,2,f1
2019-05-31,0.0,1.0,0.0,0,-0.052667349035425914,LGBMC,True,2,2,f1
2019-06-01,1.0,0.0,0.0,0,-0.012680503430278378,LGBMC,True,2,2,f1
2019-06-02,1.0,1.0,0.0,1,0.03355661431304746,LGBMC,True,2,2,f1
2019-06-03,1.0,0.0,0.0,1,0.0214199242926707,LGBMC,True,2,2,f1
2019-06-04,0.0,1.0,1.0,0,-0.05032058968165565,LGBMC,True,2,2,f1
2019-06-05,0.0,1.0,1.0,0,-0.12971082849259474,LGBMC,True,2,2,f1
2019-06-06,0.0,0.0,0.0,0,-0.043828012508164704,LGBMC,True,2,2,f1
2019-06-07,1.0,1.0,0.0,1,0.016463100728941527,LGBMC,True,2,2,f1
2019-06-08,1.0,1.0,0.0,1,0.0268919743932603,LGBMC,True,2,2,f1
2019-06-09,1.0,1.0,1.0,1,0.016282179693668297,LGBMC,True,2,2,f1
2019-06-10,0.0,1.0,1.0,0,-0.045744473779674166,LGBMC,True,2,2,f1
2019-06-11,1.0,1.0,1.0,1,0.011162402815697803,LGBMC,True,2,2,f1
2019-06-12,1.0,1.0,0.0,1,0.03560358286049592,LGBMC,True,2,2,f1
2019-06-13,1.0,1.0,1.0,1,0.01885524856104226,LGBMC,True,2,2,f1
2019-06-14,1.0,1.0,1.0,1,0.039652515530862686,LGBMC,True,2,2,f1
2019-06-15,0.0,1.0,1.0,1,0.061736417835208,LGBMC,True,2,2,f1
2019-06-16,1.0,0.0,1.0,1,0.07273539826108433,LGBMC,True,2,2,f1
2019-06-17,1.0,1.0,1.0,1,0.0322966254299466,LGBMC,True,2,2,f1
2019-06-18,1.0,0.0,1.0,1,0.05147227564611612,LGBMC,True,2,2,f1
2019-06-19,1.0,1.0,1.0,1,0.010764802960549602,LGBMC,True,2,2,f1
2019-06-20,0.0,1.0,1.0,0,-0.0049196335034764616,LGBMC,True,2,2,f1
2019-06-21,1.0,1.0,1.0,1,0.04892770529625601,LGBMC,True,2,2,f1
2019-06-22,1.0,1.0,0.0,1,0.09525239714057676,LGBMC,True,2,2,f1
2019-06-23,1.0,1.0,1.0,1,0.11271011106432205,LGBMC,True,2,2,f1
2019-06-24,1.0,1.0,1.0,1,0.05757359132449302,LGBMC,True,2,2,f1
2019-06-25,1.0,0.0,1.0,1,0.03217429025880314,LGBMC,True,2,2,f1
2019-06-26,0.0,1.0,1.0,1,0.0843545550535243,LGBMC,True,2,2,f1
2019-06-27,0.0,1.0,1.0,1,0.16024903209044083,LGBMC,True,2,2,f1
2019-06-28,0.0,0.0,1.0,0,-0.055342978851930624,LGBMC,True,2,2,f1
2019-06-29,0.0,0.0,1.0,0,-0.0441181195150282,LGBMC,True,2,2,f1
2019-06-30,1.0,0.0,0.0,1,0.06582375046366273,LGBMC,True,2,2,f1
2019-07-01,0.0,1.0,0.0,0,-0.1418497583288456,LGBMC,True,2,2,f1
2019-07-02,0.0,1.0,1.0,0,-0.11687480683546347,LGBMC,True,2,2,f1
2019-07-03,1.0,0.0,0.0,1,0.006281718654870261,LGBMC,True,2,2,f1
2019-07-04,1.0,1.0,0.0,1,0.12478031742334394,LGBMC,True,2,2,f1
2019-07-05,1.0,0.0,1.0,1,0.032330909376851125,LGBMC,True,2,2,f1
2019-07-06,1.0,1.0,1.0,0,-0.08981742331071452,LGBMC,True,2,2,f1
2019-07-07,1.0,0.0,1.0,1,0.0063899750036569,LGBMC,True,2,2,f1
2019-07-08,1.0,0.0,0.0,1,0.04653117575349164,LGBMC,True,2,2,f1
2019-07-09,1.0,0.0,1.0,1,0.09188388754875199,LGBMC,True,2,2,f1
2019-07-10,1.0,1.0,1.0,1,0.0922934711695369,LGBMC,True,2,2,f1
2019-07-11,0.0,1.0,1.0,0,-0.01746349313645368,LGBMC,True,2,2,f1
2019-07-12,0.0,1.0,1.0,0,-0.10316784711361748,LGBMC,True,2,2,f1
2019-07-13,1.0,1.0,0.0,0,-0.024759200763730504,LGBMC,True,2,2,f1
2019-07-14,1.0,0.0,0.0,1,0.0031859020781723757,LGBMC,True,2,2,f1
2019-07-15,0.0,1.0,0.0,0,-0.1473139983163545,LGBMC,True,2,2,f1
2019-07-16,0.0,0.0,1.0,0,-0.04632395814552659,LGBMC,True,2,2,f1
2019-07-17,0.0,0.0,0.0,0,-0.08063312113064569,LGBMC,True,2,2,f1
2019-07-18,1.0,1.0,0.0,0,-0.11684641984072819,LGBMC,True,2,2,f1
2019-07-19,1.0,0.0,0.0,1,0.12400561988377845,LGBMC,True,2,2,f1
2019-07-20,1.0,0.0,0.0,1,0.08529496735218345,LGBMC,True,2,2,f1
2019-07-21,1.0,0.0,1.0,1,0.011804601919825686,LGBMC,True,2,2,f1
2019-07-22,1.0,0.0,1.0,1,0.004890860280136522,LGBMC,True,2,2,f1
2019-07-23,0.0,1.0,1.0,0,-0.0418523972990652,LGBMC,True,2,2,f1
2019-07-24,0.0,1.0,1.0,0,-0.07276582275007826,LGBMC,True,2,2,f1
2019-07-25,1.0,1.0,0.0,0,-0.054890458226916294,LGBMC,True,2,2,f1
2019-07-26,1.0,1.0,0.0,1,0.0031306008337317337,LGBMC,True,2,2,f1
2019-07-27,1.0,0.0,0.0,1,0.007795045488952823,LGBMC,True,2,2,f1
2019-07-28,0.0,0.0,1.0,0,-0.041469089222561095,LGBMC,True,2,2,f1
2019-07-29,0.0,1.0,1.0,0,-0.03288627760227314,LGBMC,True,2,2,f1
2019-07-30,1.0,0.0,0.0,1,0.0028813361333366316,LGBMC,True,2,2,f1
2019-07-31,1.0,1.0,0.0,1,0.0061848006352569485,LGBMC,True,2,2,f1
2019-08-01,1.0,1.0,1.0,1,0.05958154731998633,LGBMC,True,2,2,f1
2019-08-02,1.0,0.0,1.0,1,0.08185663007561317,LGBMC,True,2,2,f1
2019-08-03,1.0,0.0,1.0,1,0.043161977488468395,LGBMC,True,2,2,f1
2019-08-04,1.0,1.0,1.0,1,0.038395687926803035,LGBMC,True,2,2,f1
2019-08-05,1.0,1.0,1.0,1,0.041906895164574465,LGBMC,True,2,2,f1
2019-08-06,1.0,0.0,1.0,1,0.0861792824681018,LGBMC,True,2,2,f1
2019-08-07,1.0,1.0,1.0,1,0.043257114743546765,LGBMC,True,2,2,f1
2019-08-08,1.0,0.0,1.0,1,0.014553865796990806,LGBMC,True,2,2,f1
2019-08-09,0.0,1.0,1.0,1,0.04524622675042522,LGBMC,True,2,2,f1
2019-08-10,0.0,1.0,1.0,0,-0.008747525285068392,LGBMC,True,2,2,f1
2019-08-11,0.0,0.0,1.0,0,-0.06137412683271748,LGBMC,True,2,2,f1
2019-08-12,1.0,0.0,0.0,0,-0.024743551511074102,LGBMC,True,2,2,f1
2019-08-13,1.0,1.0,0.0,1,0.009178520296453385,LGBMC,True,2,2,f1
2019-08-14,0.0,0.0,0.0,0,-0.06322355414708625,LGBMC,True,2,2,f1
2019-08-15,0.0,1.0,1.0,0,-0.1281157045085184,LGBMC,True,2,2,f1
2019-08-16,1.0,1.0,0.0,0,-0.052553665039688724,LGBMC,True,2,2,f1
2019-08-17,0.0,1.0,0.0,1,0.033615224857420856,LGBMC,True,2,2,f1
2019-08-18,0.0,0.0,0.0,0,-0.008543482370312105,LGBMC,True,2,2,f1
2019-08-19,1.0,0.0,1.0,0,-0.004046615035752765,LGBMC,True,2,2,f1
2019-08-20,1.0,1.0,0.0,1,0.06652848445632209,LGBMC,True,2,2,f1
2019-08-21,1.0,1.0,0.0,1,0.04203243370130316,LGBMC,True,2,2,f1
2019-08-22,0.0,0.0,1.0,0,-0.07489581280708535,LGBMC,True,2,2,f1
2019-08-23,0.0,0.0,1.0,0,-0.06216077837193801,LGBMC,True,2,2,f1
2019-08-24,1.0,0.0,0.0,1,0.026919595392358886,LGBMC,True,2,2,f1
2019-08-25,0.0,0.0,0.0,1,0.0031415116730020287,LGBMC,True,2,2,f1
2019-08-26,0.0,1.0,1.0,0,-0.026361037050433467,LGBMC,True,2,2,f1
2019-08-27,1.0,1.0,1.0,1,0.02111452238440137,LGBMC,True,2,2,f1
2019-08-28,1.0,0.0,0.0,1,0.0036328743323448265,LGBMC,True,2,2,f1
2019-08-29,0.0,0.0,1.0,0,-0.06401156939703867,LGBMC,True,2,2,f1
2019-08-30,0.0,0.0,1.0,0,-0.06996264882854675,LGBMC,True,2,2,f1
2019-08-31,0.0,0.0,0.0,0,-0.014492053476013567,LGBMC,True,2,2,f1
2019-09-01,1.0,0.0,0.0,1,0.01219140755755177,LGBMC,True,2,2,f1
2019-09-02,1.0,0.0,0.0,1,0.019825164110635285,LGBMC,True,2,2,f1
2019-09-03,1.0,0.0,1.0,1,0.07865564227087063,LGBMC,True,2,2,f1
2019-09-04,1.0,0.0,1.0,1,0.08355730089338032,LGBMC,True,2,2,f1
2019-09-05,1.0,0.0,1.0,1,0.018836382373985217,LGBMC,True,2,2,f1
2019-09-06,0.0,1.0,1.0,0,-0.004102625006568772,LGBMC,True,2,2,f1
2019-09-07,0.0,1.0,1.0,0,-0.025517526953908742,LGBMC,True,2,2,f1
2019-09-08,1.0,0.0,0.0,0,-0.008600229303111107,LGBMC,True,2,2,f1
2019-09-09,1.0,1.0,0.0,1,0.00857295060652774,LGBMC,True,2,2,f1
2019-09-10,1.0,1.0,0.0,0,-0.016685584870524295,LGBMC,True,2,2,f1
2019-09-11,0.0,1.0,1.0,0,-0.02977205010459194,LGBMC,True,2,2,f1
2019-09-12,0.0,1.0,0.0,0,-0.01507624655637585,LGBMC,True,2,2,f1
2019-09-13,1.0,1.0,0.0,1,0.03110196075490279,LGBMC,True,2,2,f1
2019-09-14,1.0,1.0,0.0,1,0.019935160270511787,LGBMC,True,2,2,f1
2019-09-15,1.0,0.0,1.0,0,-0.005661239486077108,LGBMC,True,2,2,f1
2019-09-16,1.0,0.0,1.0,0,-0.005172109285997095,LGBMC,True,2,2,f1
2019-09-17,1.0,1.0,0.0,0,-0.009278285142775289,LGBMC,True,2,2,f1
2019-09-18,1.0,0.0,0.0,0,-0.011712686192201005,LGBMC,True,2,2,f1
2019-09-19,1.0,1.0,0.0,0,-0.010579176884462527,LGBMC,True,2,2,f1
2019-09-20,1.0,1.0,0.0,1,0.008356409505806184,LGBMC,True,2,2,f1
2019-09-21,0.0,1.0,0.0,1,0.0015266052235212157,LGBMC,True,2,2,f1
2019-09-22,0.0,1.0,1.0,0,-0.02926452470096841,LGBMC,True,2,2,f1
2019-09-23,0.0,1.0,1.0,0,-0.013861949108278537,LGBMC,True,2,2,f1
2019-09-24,0.0,1.0,0.0,0,-0.03011790902506739,LGBMC,True,2,2,f1
2019-09-25,0.0,1.0,0.0,0,-0.15951399017803247,LGBMC,True,2,2,f1
2019-09-26,0.0,0.0,0.0,0,-0.1383344242635527,LGBMC,True,2,2,f1
2019-09-27,0.0,1.0,0.0,0,-0.05997372277570534,LGBMC,True,2,2,f1
2019-09-28,1.0,0.0,0.0,0,-0.028667844467065606,LGBMC,True,2,2,f1
2019-09-29,1.0,0.0,0.0,1,0.020803273654719234,LGBMC,True,2,2,f1
2019-09-30,1.0,0.0,0.0,0,-0.01687888938119464,LGBMC,True,2,2,f1
2019-10-01,1.0,1.0,1.0,1,0.010008103014223835,LGBMC,True,2,2,f1
2019-10-02,1.0,0.0,0.0,1,0.03250017754353962,LGBMC,True,2,2,f1
2019-10-03,1.0,0.0,1.0,1,0.008901451497981938,LGBMC,True,2,2,f1
2019-10-04,1.0,1.0,1.0,0,-0.010476459393000681,LGBMC,True,2,2,f1
2019-10-05,1.0,1.0,1.0,0,-0.027396720961345267,LGBMC,True,2,2,f1
2019-10-06,1.0,1.0,0.0,0,-0.01079966019114309,LGBMC,True,2,2,f1
2019-10-07,0.0,0.0,0.0,0,-0.035660617395874894,LGBMC,True,2,2,f1
2019-10-08,1.0,0.0,0.0,1,0.007863521781850125,LGBMC,True,2,2,f1
2019-10-09,1.0,0.0,0.0,1,0.03988390457024771,LGBMC,True,2,2,f1
2019-10-10,1.0,0.0,1.0,1,0.04475230058271151,LGBMC,True,2,2,f1
2019-10-11,0.0,0.0,1.0,1,0.04731824526064088,LGBMC,True,2,2,f1
2019-10-12,0.0,1.0,1.0,0,-0.037750224503085406,LGBMC,True,2,2,f1
2019-10-13,0.0,0.0,1.0,0,-0.03301376759772445,LGBMC,True,2,2,f1
2019-10-14,1.0,1.0,0.0,1,0.0016949064459801377,LGBMC,True,2,2,f1
2019-10-15,1.0,0.0,0.0,1,0.005464635483107827,LGBMC,True,2,2,f1
2019-10-16,1.0,1.0,1.0,0,-0.01478633353031178,LGBMC,True,2,2,f1
2019-10-17,0.0,0.0,1.0,0,-0.042924908222291336,LGBMC,True,2,2,f1
2019-10-18,1.0,1.0,0.0,0,-0.01051426660776933,LGBMC,True,2,2,f1
2019-10-19,0.0,1.0,0.0,0,-0.006060677779853307,LGBMC,True,2,2,f1
2019-10-20,0.0,1.0,0.0,0,-0.014557437718151434,LGBMC,True,2,2,f1
2019-10-21,1.0,1.0,0.0,1,0.03421676945757923,LGBMC,True,2,2,f1
2019-10-22,1.0,0.0,0.0,1,0.032438696662477895,LGBMC,True,2,2,f1
2019-10-23,1.0,0.0,1.0,0,-0.025130752013925672,LGBMC,True,2,2,f1
2019-10-24,0.0,1.0,1.0,0,-0.09602837838303202,LGBMC,True,2,2,f1
2019-10-25,0.0,1.0,0.0,0,-0.07699213372987579,LGBMC,True,2,2,f1
2019-10-26,1.0,1.0,0.0,1,0.14864389347096463,LGBMC,True,2,2,f1
2019-10-27,1.0,1.0,0.0,1,0.21987703662385094,LGBMC,True,2,2,f1
2019-10-28,1.0,1.0,1.0,1,0.09719323137701252,LGBMC,True,2,2,f1
2019-10-29,1.0,1.0,1.0,0,-0.004441431154029729,LGBMC,True,2,2,f1
2019-10-30,1.0,1.0,1.0,0,-0.012449803690163463,LGBMC,True,2,2,f1
2019-10-31,1.0,0.0,0.0,0,-0.005889479193950109,LGBMC,True,2,2,f1
2019-11-01,0.0,1.0,0.0,0,-0.030714886361739246,LGBMC,True,2,2,f1
2019-11-02,0.0,1.0,0.0,1,0.009595282203441968,LGBMC,True,2,2,f1
2019-11-03,1.0,0.0,0.0,1,0.016606383628207766,LGBMC,True,2,2,f1
2019-11-04,1.0,0.0,1.0,0,-0.005073367633830372,LGBMC,True,2,2,f1
2019-11-05,1.0,1.0,1.0,1,0.012485452953786336,LGBMC,True,2,2,f1
2019-11-06,1.0,1.0,0.0,1,0.011235460433020705,LGBMC,True,2,2,f1
2019-11-07,1.0,0.0,1.0,0,-0.007963421835560425,LGBMC,True,2,2,f1
2019-11-08,1.0,0.0,1.0,0,-0.011444015537945162,LGBMC,True,2,2,f1
2019-11-09,1.0,1.0,0.0,0,-0.06377157724998206,LGBMC,True,2,2,f1
2019-11-10,0.0,1.0,0.0,0,-0.043838910241481344,LGBMC,True,2,2,f1
2019-11-11,0.0,0.0,0.0,1,0.030451953014479116,LGBMC,True,2,2,f1
2019-11-12,1.0,0.0,0.0,0,-0.010451216171809108,LGBMC,True,2,2,f1
2019-11-13,1.0,0.0,1.0,0,-0.02641314404839612,LGBMC,True,2,2,f1
2019-11-14,1.0,0.0,0.0,1,0.005103478998284672,LGBMC,True,2,2,f1
2019-11-15,1.0,0.0,0.0,0,-0.01940890849163779,LGBMC,True,2,2,f1
2019-11-16,0.0,1.0,1.0,0,-0.035391924424171606,LGBMC,True,2,2,f1
2019-11-17,0.0,1.0,0.0,0,-0.017482460236339037,LGBMC,True,2,2,f1
2019-11-18,0.0,1.0,0.0,1,0.005451680068777165,LGBMC,True,2,2,f1
2019-11-19,1.0,1.0,0.0,0,-0.03682256316161414,LGBMC,True,2,2,f1
2019-11-20,0.0,0.0,1.0,0,-0.04609419087709199,LGBMC,True,2,2,f1
2019-11-21,0.0,0.0,0.0,0,-0.011584527885222684,LGBMC,True,2,2,f1
2019-11-22,0.0,0.0,0.0,0,-0.0640287477065371,LGBMC,True,2,2,f1
2019-11-23,0.0,0.0,0.0,0,-0.10359961607709067,LGBMC,True,2,2,f1
2019-11-24,0.0,0.0,0.0,0,-0.039225806319766576,LGBMC,True,2,2,f1
2019-11-25,1.0,0.0,0.0,0,-0.053401905786751414,LGBMC,True,2,2,f1
2019-11-26,0.0,0.0,0.0,0,-0.026810715829636678,LGBMC,True,2,2,f1
2019-11-27,0.0,1.0,0.0,1,0.03641835754286227,LGBMC,True,2,2,f1
2019-11-28,1.0,0.0,0.0,1,0.053721684389376634,LGBMC,True,2,2,f1
2019-11-29,1.0,0.0,1.0,1,0.03663858148104815,LGBMC,True,2,2,f1
2019-11-30,1.0,0.0,1.0,1,0.030576930789484535,LGBMC,True,2,2,f1
2019-12-01,1.0,0.0,1.0,1,0.01690686217566828,LGBMC,True,2,2,f1
2019-12-02,1.0,1.0,1.0,0,-0.04680662523225898,LGBMC,True,2,2,f1
2019-12-03,0.0,1.0,1.0,0,-0.03337788182819601,LGBMC,True,2,2,f1
2019-12-04,0.0,0.0,0.0,0,-0.01440970254091134,LGBMC,True,2,2,f1
2019-12-05,0.0,0.0,0.0,0,-0.01609748751188178,LGBMC,True,2,2,f1
2019-12-06,0.0,0.0,0.0,1,0.013501634865312084,LGBMC,True,2,2,f1
2019-12-07,1.0,1.0,0.0,1,0.04808130507341346,LGBMC,True,2,2,f1
2019-12-08,1.0,0.0,1.0,1,0.01460959500926684,LGBMC,True,2,2,f1
2019-12-09,1.0,0.0,1.0,0,-0.003290965165287929,LGBMC,True,2,2,f1
2019-12-10,1.0,0.0,1.0,0,-0.02255649130919224,LGBMC,True,2,2,f1
2019-12-11,1.0,1.0,0.0,0,-0.040918143743923,LGBMC,True,2,2,f1
2019-12-12,0.0,1.0,0.0,0,-0.01858291799497991,LGBMC,True,2,2,f1
2019-12-13,0.0,0.0,0.0,0,-0.004385265896626578,LGBMC,True,2,2,f1
2019-12-14,1.0,1.0,0.0,1,0.006856609998486363,LGBMC,True,2,2,f1
2019-12-15,1.0,1.0,0.0,0,-0.01703117841068824,LGBMC,True,2,2,f1
2019-12-16,0.0,0.0,1.0,0,-0.019594069545606274,LGBMC,True,2,2,f1
2019-12-17,1.0,0.0,0.0,0,-0.026985108966721683,LGBMC,True,2,2,f1
2019-12-18,0.0,1.0,0.0,0,-0.07274762845342764,LGBMC,True,2,2,f1
2019-12-19,0.0,0.0,0.0,1,0.057160109441859674,LGBMC,True,2,2,f1
2019-12-20,1.0,0.0,0.0,1,0.07831690813175207,LGBMC,True,2,2,f1
2019-12-21,1.0,1.0,1.0,0,-0.013003362176295497,LGBMC,True,2,2,f1
2019-12-22,1.0,1.0,1.0,0,-0.0010716240325034931,LGBMC,True,2,2,f1
2019-12-23,0.0,1.0,0.0,1,0.04410169476543402,LGBMC,True,2,2,f1
2019-12-24,1.0,0.0,0.0,1,0.024730165800715298,LGBMC,True,2,2,f1
2019-12-25,1.0,0.0,1.0,0,-0.035721034117822015,LGBMC,True,2,2,f1
2019-12-26,1.0,0.0,1.0,0,-0.017822581311108365,LGBMC,True,2,2,f1
2019-12-27,0.0,1.0,0.0,0,-0.007792612193824766,LGBMC,True,2,2,f1
2019-12-28,1.0,0.0,0.0,1,0.007093490697567262,LGBMC,True,2,2,f1
2019-12-29,1.0,1.0,0.0,1,0.014715936645529837,LGBMC,True,2,2,f1
2019-12-30,1.0,1.0,1.0,1,0.0193331422134424,LGBMC,True,2,2,f1
2019-12-31,1.0,1.0,1.0,0,-0.011219817657186937,LGBMC,True,2,2,f1
2020-01-01,1.0,0.0,1.0,0,-0.029825640432575184,LGBMC,True,2,2,f1
2020-01-02,0.0,1.0,0.0,0,-0.006101171365816782,LGBMC,True,2,2,f1
2020-01-03,0.0,0.0,0.0,0,-0.03173992439493567,LGBMC,True,2,2,f1
2020-01-04,0.0,0.0,0.0,1,0.020777041985139633,LGBMC,True,2,2,f1
2020-01-05,1.0,1.0,0.0,1,0.05647979013570037,LGBMC,True,2,2,f1
2020-01-06,1.0,0.0,1.0,1,0.0034359894076150255,LGBMC,True,2,2,f1
2020-01-07,1.0,0.0,1.0,1,0.05446398014007059,LGBMC,True,2,2,f1
2020-01-08,1.0,1.0,1.0,1,0.10498683498802386,LGBMC,True,2,2,f1
2020-01-09,1.0,1.0,1.0,1,0.03586969872066703,LGBMC,True,2,2,f1
2020-01-10,1.0,1.0,1.0,0,-0.04349030935731868,LGBMC,True,2,2,f1
2020-01-11,0.0,0.0,1.0,1,0.01750088260814664,LGBMC,True,2,2,f1
2020-01-12,1.0,0.0,0.0,1,0.02570240990423045,LGBMC,True,2,2,f1
2020-01-13,1.0,0.0,1.0,0,-0.0013067958289241233,LGBMC,True,2,2,f1
2020-01-14,0.0,0.0,1.0,1,0.010385287958955658,LGBMC,True,2,2,f1
2020-01-15,0.0,0.0,0.0,1,0.0785966326078622,LGBMC,True,2,2,f1
2020-01-16,1.0,1.0,1.0,1,0.08380820157671742,LGBMC,True,2,2,f1
2020-01-17,1.0,1.0,1.0,0,-0.013707025030740283,LGBMC,True,2,2,f1
2020-01-18,1.0,1.0,1.0,1,0.009759490160021755,LGBMC,True,2,2,f1
2020-01-19,1.0,1.0,0.0,1,0.021415197175567613,LGBMC,True,2,2,f1
2020-01-20,0.0,0.0,1.0,0,-0.02237777765016702,LGBMC,True,2,2,f1
2020-01-21,0.0,0.0,1.0,0,-0.03243055307349607,LGBMC,True,2,2,f1
2020-01-22,1.0,0.0,0.0,1,0.002168971713807366,LGBMC,True,2,2,f1
2020-01-23,1.0,1.0,0.0,1,0.003756495412869043,LGBMC,True,2,2,f1
2020-01-24,1.0,1.0,1.0,0,-0.03905858507889981,LGBMC,True,2,2,f1
2020-01-25,0.0,0.0,1.0,0,-0.02700948486590171,LGBMC,True,2,2,f1
2020-01-26,1.0,1.0,0.0,0,-0.007267878143212059,LGBMC,True,2,2,f1
2020-01-27,0.0,0.0,0.0,1,0.018832904066060863,LGBMC,True,2,2,f1
2020-01-28,1.0,1.0,0.0,1,0.0660228554766018,LGBMC,True,2,2,f1
2020-01-29,1.0,0.0,1.0,1,0.08876151507006291,LGBMC,True,2,2,f1
2020-01-30,1.0,0.0,1.0,1,0.04225941395111121,LGBMC,True,2,2,f1
2020-01-31,1.0,1.0,1.0,1,0.012353744130265909,LGBMC,True,2,2,f1
2020-02-01,1.0,1.0,1.0,1,0.0057973107609363694,LGBMC,True,2,2,f1
2020-02-02,1.0,0.0,1.0,0,-0.013163729157856352,LGBMC,True,2,2,f1
2020-02-03,1.0,0.0,1.0,0,-0.0020600178970990868,LGBMC,True,2,2,f1
2020-02-04,1.0,0.0,0.0,0,-0.010027622788186363,LGBMC,True,2,2,f1
2020-02-05,0.0,0.0,0.0,0,-0.016497205630471967,LGBMC,True,2,2,f1
2020-02-06,1.0,0.0,0.0,1,0.034962857806014824,LGBMC,True,2,2,f1
2020-02-07,1.0,1.0,0.0,1,0.06276121403681323,LGBMC,True,2,2,f1
2020-02-08,1.0,0.0,1.0,1,0.019835456370181248,LGBMC,True,2,2,f1
2020-02-09,1.0,0.0,1.0,1,0.015404494236904043,LGBMC,True,2,2,f1
2020-02-10,1.0,1.0,1.0,1,0.03554058098595547,LGBMC,True,2,2,f1
2020-02-11,1.0,1.0,1.0,0,-0.005295523232891952,LGBMC,True,2,2,f1
2020-02-12,1.0,0.0,1.0,1,0.011054042172849776,LGBMC,True,2,2,f1
2020-02-13,1.0,1.0,0.0,1,0.049439366193238854,LGBMC,True,2,2,f1
2020-02-14,1.0,1.0,1.0,0,-0.003211533471350947,LGBMC,True,2,2,f1
2020-02-15,1.0,1.0,1.0,1,0.0013732322278361409,LGBMC,True,2,2,f1
2020-02-16,0.0,1.0,0.0,0,-0.03357968140977441,LGBMC,True,2,2,f1
2020-02-17,0.0,0.0,1.0,0,-0.04243848926787841,LGBMC,True,2,2,f1
2020-02-18,0.0,0.0,0.0,0,-0.02042283923415411,LGBMC,True,2,2,f1
2020-02-19,0.0,0.0,0.0,1,0.024153871603973087,LGBMC,True,2,2,f1
2020-02-20,1.0,0.0,0.0,0,-0.010275249449120949,LGBMC,True,2,2,f1
2020-02-21,0.0,1.0,1.0,0,-0.05800556702231141,LGBMC,True,2,2,f1
2020-02-22,0.0,0.0,0.0,1,0.009517615477889763,LGBMC,True,2,2,f1
2020-02-23,1.0,1.0,0.0,1,0.0065119438104837,LGBMC,True,2,2,f1
2020-02-24,1.0,0.0,1.0,1,0.029747261090685484,LGBMC,True,2,2,f1
2020-02-25,1.0,0.0,1.0,0,-0.0006082114942937977,LGBMC,True,2,2,f1
2020-02-26,0.0,1.0,1.0,0,-0.07051842807047315,LGBMC,True,2,2,f1
2020-02-27,0.0,0.0,0.0,0,-0.09526651692766386,LGBMC,True,2,2,f1
2020-02-28,0.0,0.0,0.0,0,-0.05570369254136587,LGBMC,True,2,2,f1
2020-02-29,0.0,0.0,0.0,0,-0.008362396565884112,LGBMC,True,2,2,f1
2020-03-01,0.0,0.0,0.0,0,-0.03152848448650403,LGBMC,True,2,2,f1
2020-03-02,0.0,1.0,0.0,0,-0.020661058270677657,LGBMC,True,2,2,f1
2020-03-03,0.0,0.0,0.0,1,0.043729855526427386,LGBMC,True,2,2,f1
2020-03-04,1.0,0.0,0.0,1,0.02546852590240256,LGBMC,True,2,2,f1
2020-03-05,1.0,0.0,1.0,0,-0.017418392007552796,LGBMC,True,2,2,f1
2020-03-06,0.0,1.0,1.0,1,0.03513094016635421,LGBMC,True,2,2,f1
2020-03-07,1.0,0.0,0.0,1,0.04432211202751013,LGBMC,True,2,2,f1
2020-03-08,1.0,1.0,1.0,0,-0.018785037261364934,LGBMC,True,2,2,f1
2020-03-09,0.0,1.0,1.0,0,-0.13003025562996484,LGBMC,True,2,2,f1
2020-03-10,0.0,1.0,0.0,0,-0.11498599189193826,LGBMC,True,2,2,f1
2020-03-11,0.0,1.0,0.0,0,-0.019328980781454064,LGBMC,True,2,2,f1
2020-03-12,1.0,0.0,0.0,1,0.0005935507297820664,LGBMC,True,2,2,f1
2020-03-13,0.0,1.0,0.0,0,-0.4900504110855888,LGBMC,True,2,2,f1
2020-03-14,0.0,1.0,1.0,0,-0.3470611945641586,LGBMC,True,2,2,f1
2020-03-15,1.0,1.0,0.0,1,0.06724561348477742,LGBMC,True,2,2,f1
2020-03-16,0.0,1.0,0.0,0,-0.04756418458176093,LGBMC,True,2,2,f1
2020-03-17,1.0,1.0,1.0,0,-0.027449561056274163,LGBMC,True,2,2,f1
2020-03-18,0.0,0.0,0.0,1,0.0017127305609605514,LGBMC,True,2,2,f1
2020-03-19,0.0,0.0,0.0,1,0.07358341744649266,LGBMC,True,2,2,f1
2020-03-20,1.0,0.0,1.0,1,0.14523158783018708,LGBMC,True,2,2,f1
2020-03-21,1.0,1.0,1.0,1,0.14048890965939265,LGBMC,True,2,2,f1
2020-03-22,0.0,1.0,1.0,0,-0.0008638053988097028,LGBMC,True,2,2,f1
2020-03-23,0.0,0.0,1.0,0,-0.06704327190997716,LGBMC,True,2,2,f1
2020-03-24,0.0,1.0,0.0,1,0.04921581708878442,LGBMC,True,2,2,f1
2020-03-25,1.0,1.0,0.0,1,0.15050369022502075,LGBMC,True,2,2,f1
2020-03-26,1.0,0.0,1.0,1,0.029738713520631066,LGBMC,True,2,2,f1
2020-03-27,0.0,0.0,1.0,0,-0.0007004457130648234,LGBMC,True,2,2,f1
2020-03-28,1.0,1.0,1.0,0,-0.050413327921205564,LGBMC,True,2,2,f1
2020-03-29,0.0,0.0,0.0,0,-0.07723366782199648,LGBMC,True,2,2,f1
2020-03-30,0.0,1.0,0.0,0,-0.07896729401454294,LGBMC,True,2,2,f1
2020-03-31,0.0,1.0,0.0,1,0.022788682018726192,LGBMC,True,2,2,f1
2020-04-01,1.0,0.0,0.0,1,0.08821625266507205,LGBMC,True,2,2,f1
2020-04-02,1.0,1.0,1.0,1,0.03791832006327667,LGBMC,True,2,2,f1
2020-04-03,1.0,0.0,1.0,1,0.05754571588435553,LGBMC,True,2,2,f1
2020-04-04,1.0,1.0,1.0,1,0.013257348628847865,LGBMC,True,2,2,f1
2020-04-05,1.0,0.0,1.0,1,0.009147314344426505,LGBMC,True,2,2,f1
2020-04-06,1.0,0.0,1.0,1,0.005290998068558039,LGBMC,True,2,2,f1
2020-04-07,1.0,0.0,1.0,1,0.06635529897085668,LGBMC,True,2,2,f1
2020-04-08,1.0,1.0,1.0,1,0.06124334771545037,LGBMC,True,2,2,f1
2020-04-09,1.0,0.0,1.0,1,0.0029680047185021152,LGBMC,True,2,2,f1
2020-04-10,1.0,1.0,1.0,1,0.012156351514562402,LGBMC,True,2,2,f1
2020-04-11,0.0,1.0,1.0,0,-0.06909779879385525,LGBMC,True,2,2,f1
2020-04-12,0.0,1.0,1.0,0,-0.056698313877998174,LGBMC,True,2,2,f1
2020-04-13,0.0,0.0,0.0,1,0.006109973534972113,LGBMC,True,2,2,f1
2020-04-14,0.0,1.0,0.0,0,-0.004936284953918957,LGBMC,True,2,2,f1
2020-04-15,1.0,1.0,1.0,0,-0.006297648253047683,LGBMC,True,2,2,f1
2020-04-16,0.0,0.0,0.0,0,-0.034691904643052496,LGBMC,True,2,2,f1
2020-04-17,1.0,1.0,0.0,1,0.03436863642878052,LGBMC,True,2,2,f1
2020-04-18,1.0,1.0,0.0,1,0.060204010132860475,LGBMC,True,2,2,f1
2020-04-19,1.0,1.0,1.0,1,0.020467360685984204,LGBMC,True,2,2,f1
2020-04-20,0.0,0.0,1.0,1,0.013432893471676977,LGBMC,True,2,2,f1
2020-04-21,0.0,0.0,1.0,0,-0.059460412630434334,LGBMC,True,2,2,f1
2020-04-22,0.0,0.0,1.0,0,-0.039694697439880855,LGBMC,True,2,2,f1
2020-04-23,1.0,0.0,0.0,1,0.0416212961149256,LGBMC,True,2,2,f1
2020-04-24,1.0,1.0,0.0,1,0.08728321979127429,LGBMC,True,2,2,f1
2020-04-25,1.0,0.0,1.0,1,0.05138947609983546,LGBMC,True,2,2,f1
2020-04-26,1.0,1.0,1.0,1,0.009570826368117125,LGBMC,True,2,2,f1
2020-04-27,1.0,0.0,1.0,1,0.025275619211436506,LGBMC,True,2,2,f1
2020-04-28,1.0,0.0,1.0,1,0.031437495829900186,LGBMC,True,2,2,f1
2020-04-29,1.0,0.0,1.0,1,0.00854233014458039,LGBMC,True,2,2,f1
2020-04-30,1.0,0.0,1.0,1,0.119266428134301,LGBMC,True,2,2,f1
2020-05-01,0.0,0.0,1.0,1,0.10542013019897745,LGBMC,True,2,2,f1
2020-05-02,1.0,1.0,1.0,1,0.00534302853272095,LGBMC,True,2,2,f1
2020-05-03,1.0,1.0,1.0,1,0.03920502493941669,LGBMC,True,2,2,f1
2020-05-04,0.0,0.0,1.0,1,0.008943914344405002,LGBMC,True,2,2,f1
2020-05-05,0.0,1.0,1.0,0,-0.009841220411393792,LGBMC,True,2,2,f1
2020-05-06,0.0,1.0,1.0,1,0.014162096236862709,LGBMC,True,2,2,f1
2020-05-07,0.0,0.0,0.0,1,0.03155081091228773,LGBMC,True,2,2,f1
2020-05-08,1.0,0.0,1.0,1,0.10216363431649889,LGBMC,True,2,2,f1
2020-05-09,1.0,0.0,1.0,1,0.06857374514294179,LGBMC,True,2,2,f1
2020-05-10,1.0,1.0,1.0,0,-0.04865726925085845,LGBMC,True,2,2,f1
2020-05-11,0.0,1.0,1.0,0,-0.11502870834427803,LGBMC,True,2,2,f1
2020-05-12,0.0,1.0,0.0,0,-0.1003937153815162,LGBMC,True,2,2,f1
2020-05-13,0.0,0.0,0.0,1,0.006837433067230947,LGBMC,True,2,2,f1
2020-05-14,1.0,0.0,0.0,1,0.0768772361309864,LGBMC,True,2,2,f1
2020-05-15,1.0,0.0,1.0,1,0.10498031877116709,LGBMC,True,2,2,f1
2020-05-16,1.0,1.0,1.0,0,-0.00025145716334051826,LGBMC,True,2,2,f1
2020-05-17,1.0,0.0,1.0,0,-0.04220146384908219,LGBMC,True,2,2,f1
2020-05-18,1.0,0.0,0.0,1,0.03856184686486763,LGBMC,True,2,2,f1
2020-05-19,1.0,1.0,0.0,1,0.0349298898396917,LGBMC,True,2,2,f1
2020-05-20,0.0,1.0,1.0,1,0.011958734581913433,LGBMC,True,2,2,f1
2020-05-21,0.0,0.0,1.0,0,-0.021704217824161987,LGBMC,True,2,2,f1
2020-05-22,0.0,0.0,1.0,0,-0.07731713728536072,LGBMC,True,2,2,f1
2020-05-23,0.0,1.0,0.0,0,-0.03677194668571637,LGBMC,True,2,2,f1
2020-05-24,1.0,1.0,0.0,1,0.013241856861922585,LGBMC,True,2,2,f1
2020-05-25,0.0,0.0,0.0,0,-0.048784001623223716,LGBMC,True,2,2,f1
2020-05-26,0.0,1.0,1.0,0,-0.030827696522756298,LGBMC,True,2,2,f1
2020-05-27,1.0,1.0,0.0,1,0.012758784741697227,LGBMC,True,2,2,f1
2020-05-28,1.0,0.0,0.0,1,0.032919344517384985,LGBMC,True,2,2,f1
2020-05-29,1.0,1.0,1.0,1,0.07893284659769506,LGBMC,True,2,2,f1
2020-05-30,1.0,0.0,1.0,1,0.02453101503671462,LGBMC,True,2,2,f1
2020-05-31,1.0,0.0,1.0,1,0.013377948901753811,LGBMC,True,2,2,f1
2020-06-01,0.0,0.0,1.0,1,0.0026336407009761587,LGBMC,True,2,2,f1
2020-06-02,1.0,1.0,1.0,1,0.05086723627988832,LGBMC,True,2,2,f1
2020-06-03,0.0,0.0,1.0,1,0.007875305279194222,LGBMC,True,2,2,f1
2020-06-04,1.0,0.0,1.0,0,-0.05500606957538423,LGBMC,True,2,2,f1
2020-06-05,1.0,1.0,1.0,1,0.027844484962571414,LGBMC,True,2,2,f1
2020-06-06,1.0,0.0,0.0,0,-0.0035563585934887953,LGBMC,True,2,2,f1
2020-06-07,1.0,1.0,1.0,0,-0.012753043215397497,LGBMC,True,2,2,f1
2020-06-08,1.0,1.0,0.0,1,0.013426691416427161,LGBMC,True,2,2,f1
2020-06-09,0.0,0.0,0.0,1,0.011530313782166957,LGBMC,True,2,2,f1
2020-06-10,0.0,1.0,1.0,1,0.0021811487834106913,LGBMC,True,2,2,f1
2020-06-11,1.0,1.0,1.0,1,0.011134084503657604,LGBMC,True,2,2,f1
2020-06-12,0.0,1.0,1.0,0,-0.05128494973173048,LGBMC,True,2,2,f1
2020-06-13,0.0,1.0,1.0,0,-0.044665662054102384,LGBMC,True,2,2,f1
2020-06-14,1.0,0.0,0.0,1,0.0199431828488823,LGBMC,True,2,2,f1
2020-06-15,0.0,1.0,0.0,0,-0.01382522270589881,LGBMC,True,2,2,f1
2020-06-16,0.0,1.0,1.0,0,-0.00495181467022654,LGBMC,True,2,2,f1
2020-06-17,0.0,1.0,0.0,1,0.02078018062542597,LGBMC,True,2,2,f1
2020-06-18,1.0,0.0,0.0,1,0.0029772029419632418,LGBMC,True,2,2,f1
2020-06-19,1.0,0.0,1.0,0,-0.015440307632630379,LGBMC,True,2,2,f1
2020-06-20,0.0,0.0,1.0,0,-0.016491318970842883,LGBMC,True,2,2,f1
2020-06-21,0.0,1.0,0.0,0,-0.00241202371434035,LGBMC,True,2,2,f1
2020-06-22,1.0,0.0,0.0,0,-0.0016538506900669603,LGBMC,True,2,2,f1
2020-06-23,1.0,0.0,0.0,1,0.03511611735617315,LGBMC,True,2,2,f1
2020-06-24,1.0,0.0,0.0,1,0.035618869205896075,LGBMC,True,2,2,f1
2020-06-25,0.0,0.0,1.0,0,-0.0437929218057409,LGBMC,True,2,2,f1
2020-06-26,0.0,1.0,1.0,0,-0.04036098488108486,LGBMC,True,2,2,f1
2020-06-27,0.0,0.0,0.0,0,-0.013251406541570532,LGBMC,True,2,2,f1
2020-06-28,0.0,1.0,0.0,0,-0.025936562395518337,LGBMC,True,2,2,f1
2020-06-29,0.0,0.0,0.0,0,-0.002951229231197061,LGBMC,True,2,2,f1
2020-06-30,1.0,1.0,0.0,1,0.01991316696885015,LGBMC,True,2,2,f1
2020-07-01,0.0,0.0,0.0,1,0.0007118045969924935,LGBMC,True,2,2,f1
2020-07-02,1.0,0.0,1.0,1,0.005539609025699832,LGBMC,True,2,2,f1
2020-07-03,1.0,1.0,1.0,0,-0.005047215080212553,LGBMC,True,2,2,f1
2020-07-04,0.0,0.0,1.0,0,-0.0179090353524618,LGBMC,True,2,2,f1
2020-07-05,1.0,1.0,0.0,1,0.004755983980803791,LGBMC,True,2,2,f1
2020-07-06,1.0,1.0,0.0,1,0.0018355488207326687,LGBMC,True,2,2,f1
2020-07-07,1.0,1.0,1.0,1,0.023548042932899804,LGBMC,True,2,2,f1
2020-07-08,1.0,0.0,1.0,1,0.01822005870838339,LGBMC,True,2,2,f1
2020-07-09,1.0,0.0,1.0,1,0.009702603605878934,LGBMC,True,2,2,f1
2020-07-10,0.0,0.0,1.0,0,-0.0019668836867339223,LGBMC,True,2,2,f1
2020-07-11,0.0,1.0,1.0,0,-0.016303011401298306,LGBMC,True,2,2,f1
2020-07-12,1.0,0.0,0.0,0,-0.0002251569613314075,LGBMC,True,2,2,f1
2020-07-13,1.0,1.0,0.0,1,0.0009147014675736642,LGBMC,True,2,2,f1
2020-07-14,0.0,0.0,0.0,1,0.00023489818570610055,LGBMC,True,2,2,f1
2020-07-15,0.0,0.0,1.0,0,-0.0044608809653894355,LGBMC,True,2,2,f1
2020-07-16,0.0,0.0,1.0,0,-0.004841158571595727,LGBMC,True,2,2,f1
2020-07-17,0.0,1.0,0.0,0,-0.01343540162503487,LGBMC,True,2,2,f1
2020-07-18,1.0,0.0,0.0,0,-0.004285635207271099,LGBMC,True,2,2,f1
2020-07-19,1.0,1.0,0.0,1,0.004775046475268496,LGBMC,True,2,2,f1
2020-07-20,1.0,0.0,0.0,1,0.006583279314254398,LGBMC,True,2,2,f1
2020-07-21,0.0,1.0,1.0,0,-0.001182078348911375,LGBMC,True,2,2,f1
2020-07-22,1.0,1.0,1.0,1,0.01913078272304425,LGBMC,True,2,2,f1
2020-07-23,1.0,1.0,0.0,1,0.039948059715879225,LGBMC,True,2,2,f1
2020-07-24,1.0,1.0,1.0,1,0.023196817418982718,LGBMC,True,2,2,f1
2020-07-25,1.0,0.0,1.0,1,0.001454112943667596,LGBMC,True,2,2,f1
2020-07-26,1.0,0.0,1.0,1,0.009769979398459583,LGBMC,True,2,2,f1
2020-07-27,1.0,0.0,1.0,1,0.03977004845308407,LGBMC,True,2,2,f1
2020-07-28,1.0,0.0,1.0,1,0.12883117399773347,LGBMC,True,2,2,f1
2020-07-29,1.0,0.0,1.0,1,0.09550469503334469,LGBMC,True,2,2,f1
2020-07-30,1.0,1.0,1.0,1,0.0054427198525530684,LGBMC,True,2,2,f1
2020-07-31,1.0,0.0,1.0,1,0.016324601691328766,LGBMC,True,2,2,f1
2020-08-01,1.0,0.0,1.0,1,0.02149085652635918,LGBMC,True,2,2,f1
2020-08-02,1.0,1.0,1.0,1,0.061810503758330526,LGBMC,True,2,2,f1
2020-08-03,0.0,1.0,1.0,0,-0.02373587650236253,LGBMC,True,2,2,f1
2020-08-04,1.0,0.0,1.0,0,-0.05039330869480807,LGBMC,True,2,2,f1
2020-08-05,1.0,0.0,0.0,1,0.010458916872668311,LGBMC,True,2,2,f1
2020-08-06,1.0,1.0,0.0,1,0.04416576113253434,LGBMC,True,2,2,f1
2020-08-07,1.0,0.0,1.0,1,0.050399033419582295,LGBMC,True,2,2,f1
2020-08-08,0.0,0.0,1.0,0,-0.012388268997217011,LGBMC,True,2,2,f1
2020-08-09,0.0,1.0,1.0,0,-0.00045364689549920456,LGBMC,True,2,2,f1
2020-08-10,0.0,0.0,0.0,1,0.006737200935777565,LGBMC,True,2,2,f1
2020-08-11,1.0,0.0,0.0,1,0.010601625837956874,LGBMC,True,2,2,f1
2020-08-12,0.0,1.0,1.0,0,-0.025274229288630323,LGBMC,True,2,2,f1
2020-08-13,0.0,1.0,1.0,0,-0.02726588639405314,LGBMC,True,2,2,f1
2020-08-14,1.0,1.0,0.0,1,0.03323301912387144,LGBMC,True,2,2,f1
2020-08-15,1.0,1.0,0.0,1,0.01724020397665882,LGBMC,True,2,2,f1
2020-08-16,0.0,1.0,1.0,1,0.008163773107691341,LGBMC,True,2,2,f1
2020-08-17,1.0,1.0,1.0,1,0.01178803868460676,LGBMC,True,2,2,f1
2020-08-18,1.0,1.0,1.0,1,0.03473623621492017,LGBMC,True,2,2,f1
2020-08-19,1.0,0.0,1.0,1,0.004648846121160233,LGBMC,True,2,2,f1
2020-08-20,0.0,0.0,1.0,0,-0.04659407262069415,LGBMC,True,2,2,f1
2020-08-21,0.0,1.0,1.0,0,-0.008701525495025564,LGBMC,True,2,2,f1
2020-08-22,0.0,1.0,0.0,0,-0.018161367316345434,LGBMC,True,2,2,f1
2020-08-23,0.0,0.0,0.0,0,-0.015488228302086071,LGBMC,True,2,2,f1
2020-08-24,1.0,1.0,0.0,1,0.011236722881731609,LGBMC,True,2,2,f1
2020-08-25,1.0,0.0,0.0,1,0.0068650301577477535,LGBMC,True,2,2,f1
2020-08-26,1.0,0.0,1.0,0,-0.02745598999781329,LGBMC,True,2,2,f1
2020-08-27,0.0,1.0,1.0,0,-0.025530261119440567,LGBMC,True,2,2,f1
2020-08-28,0.0,1.0,0.0,0,-0.003126132941485338,LGBMC,True,2,2,f1
2020-08-29,1.0,1.0,0.0,1,0.0058580978269624495,LGBMC,True,2,2,f1
2020-08-30,1.0,0.0,0.0,1,0.015767267681207287,LGBMC,True,2,2,f1
2020-08-31,1.0,1.0,1.0,1,0.014888078706427166,LGBMC,True,2,2,f1
2020-09-01,1.0,1.0,1.0,1,0.015376735194415403,LGBMC,True,2,2,f1
2020-09-02,1.0,0.0,1.0,1,0.01823515399047082,LGBMC,True,2,2,f1
2020-09-03,0.0,1.0,1.0,0,-0.022736560873244827,LGBMC,True,2,2,f1
2020-09-04,0.0,0.0,1.0,0,-0.15731352695766887,LGBMC,True,2,2,f1
2020-09-05,0.0,0.0,0.0,0,-0.08506850186120296,LGBMC,True,2,2,f1
2020-09-06,1.0,0.0,0.0,0,-0.0027411508466048673,LGBMC,True,2,2,f1
2020-09-07,0.0,1.0,0.0,0,-0.020551927188238395,LGBMC,True,2,2,f1
2020-09-08,1.0,1.0,0.0,1,0.02027604660922755,LGBMC,True,2,2,f1
2020-09-09,0.0,0.0,0.0,0,-0.013093430163289455,LGBMC,True,2,2,f1
2020-09-10,0.0,0.0,1.0,0,-0.013585306598365321,LGBMC,True,2,2,f1
2020-09-11,1.0,1.0,0.0,1,0.022577435671118806,LGBMC,True,2,2,f1
2020-09-12,1.0,0.0,0.0,1,0.01625323593298944,LGBMC,True,2,2,f1
2020-09-13,1.0,0.0,1.0,1,0.009016891932885684,LGBMC,True,2,2,f1
2020-09-14,0.0,0.0,1.0,0,-0.006239825805447907,LGBMC,True,2,2,f1
2020-09-15,1.0,0.0,1.0,1,0.021607538156436235,LGBMC,True,2,2,f1
2020-09-16,0.0,0.0,0.0,1,0.043082863135101235,LGBMC,True,2,2,f1
2020-09-17,1.0,0.0,1.0,1,0.025322889633930146,LGBMC,True,2,2,f1
2020-09-18,1.0,0.0,1.0,1,0.014566203489042806,LGBMC,True,2,2,f1
2020-09-19,1.0,1.0,1.0,0,-0.0015208697478978905,LGBMC,True,2,2,f1
2020-09-20,1.0,1.0,1.0,1,0.012488290679678826,LGBMC,True,2,2,f1
2020-09-21,0.0,0.0,0.0,0,-0.0011110380103822592,LGBMC,True,2,2,f1
2020-09-22,0.0,1.0,1.0,0,-0.06053473131192,LGBMC,True,2,2,f1
2020-09-23,0.0,1.0,0.0,0,-0.03612141998161,LGBMC,True,2,2,f1
2020-09-24,0.0,0.0,0.0,0,-0.01896612412787846,LGBMC,True,2,2,f1
2020-09-25,1.0,0.0,0.0,1,0.01882909767967611,LGBMC,True,2,2,f1
2020-09-26,1.0,0.0,0.0,1,0.04380775884092358,LGBMC,True,2,2,f1
2020-09-27,1.0,0.0,1.0,0,-2.7950097898354898e-06,LGBMC,True,2,2,f1
2020-09-28,1.0,1.0,1.0,1,0.007583034769787389,LGBMC,True,2,2,f1
2020-09-29,1.0,1.0,0.0,0,-0.0037401924336304404,LGBMC,True,2,2,f1
2020-09-30,1.0,0.0,1.0,1,0.00615812436330998,LGBMC,True,2,2,f1
2020-10-01,1.0,1.0,0.0,1,0.007972192323730809,LGBMC,True,2,2,f1
2020-10-02,0.0,0.0,1.0,0,-0.020647419458468264,LGBMC,True,2,2,f1
2020-10-03,0.0,1.0,1.0,0,-0.01899941861755927,LGBMC,True,2,2,f1
2020-10-04,0.0,1.0,0.0,0,-0.006373229727362428,LGBMC,True,2,2,f1
2020-10-05,1.0,1.0,0.0,1,0.00926101603947771,LGBMC,True,2,2,f1
2020-10-06,1.0,0.0,0.0,1,0.02219061523883248,LGBMC,True,2,2,f1
2020-10-07,0.0,0.0,1.0,0,-0.0065529013763896415,LGBMC,True,2,2,f1
2020-10-08,1.0,0.0,1.0,0,-0.01097425157199261,LGBMC,True,2,2,f1
2020-10-09,1.0,1.0,0.0,1,0.029688594723614514,LGBMC,True,2,2,f1
2020-10-10,0.0,1.0,0.0,1,0.03610901865975613,LGBMC,True,2,2,f1
2020-10-11,1.0,1.0,1.0,1,0.03413778604782003,LGBMC,True,2,2,f1
2020-10-12,1.0,1.0,1.0,1,0.0279336220389812,LGBMC,True,2,2,f1
2020-10-13,1.0,1.0,1.0,1,0.02078192658627742,LGBMC,True,2,2,f1
2020-10-14,0.0,1.0,1.0,1,0.004527594840796567,LGBMC,True,2,2,f1
2020-10-15,1.0,1.0,1.0,0,-0.009464946498100701,LGBMC,True,2,2,f1
2020-10-16,1.0,1.0,1.0,1,0.0065832712470736965,LGBMC,True,2,2,f1
2020-10-17,0.0,0.0,0.0,0,-0.009116578356252347,LGBMC,True,2,2,f1
2020-10-18,0.0,0.0,1.0,0,-0.011998968737039206,LGBMC,True,2,2,f1
2020-10-19,1.0,1.0,0.0,1,0.01581886205769223,LGBMC,True,2,2,f1
2020-10-20,1.0,0.0,0.0,1,0.033873224930367485,LGBMC,True,2,2,f1
2020-10-21,0.0,0.0,1.0,1,0.03561274560629535,LGBMC,True,2,2,f1
2020-10-22,1.0,1.0,1.0,1,0.0873531797217666,LGBMC,True,2,2,f1
2020-10-23,1.0,1.0,1.0,1,0.08551659277443058,LGBMC,True,2,2,f1
2020-10-24,1.0,1.0,1.0,1,0.008764091276820096,LGBMC,True,2,2,f1
2020-10-25,1.0,0.0,1.0,1,0.01058250635882274,LGBMC,True,2,2,f1
2020-10-26,0.0,1.0,1.0,1,0.0071007472578052955,LGBMC,True,2,2,f1
2020-10-27,1.0,0.0,1.0,0,-0.003975304804006541,LGBMC,True,2,2,f1
2020-10-28,0.0,0.0,1.0,1,0.04606992803770993,LGBMC,True,2,2,f1
2020-10-29,0.0,0.0,0.0,1,0.016128617249844268,LGBMC,True,2,2,f1
2020-10-30,0.0,1.0,1.0,0,-0.014223393774189574,LGBMC,True,2,2,f1
2020-10-31,0.0,1.0,1.0,1,0.020534149750847774,LGBMC,True,2,2,f1
2020-11-01,0.0,1.0,0.0,1,0.025791481896556334,LGBMC,True,2,2,f1
2020-11-02,1.0,1.0,1.0,1,0.014211089060935933,LGBMC,True,2,2,f1
2020-11-03,1.0,1.0,1.0,0,-0.017172495813035482,LGBMC,True,2,2,f1
2020-11-04,0.0,0.0,1.0,1,0.019035140800605532,LGBMC,True,2,2,f1
2020-11-05,0.0,0.0,0.0,1,0.04186419010358833,LGBMC,True,2,2,f1
2020-11-06,1.0,1.0,1.0,1,0.10599072238199092,LGBMC,True,2,2,f1
2020-11-07,1.0,1.0,1.0,1,0.09688360148043174,LGBMC,True,2,2,f1
2020-11-08,1.0,1.0,1.0,0,-0.04940013480864813,LGBMC,True,2,2,f1
2020-11-09,0.0,0.0,1.0,0,-0.006765899994144675,LGBMC,True,2,2,f1
2020-11-10,0.0,0.0,0.0,1,0.032398193663967234,LGBMC,True,2,2,f1
2020-11-11,1.0,1.0,0.0,0,-0.011266722750267633,LGBMC,True,2,2,f1
2020-11-12,0.0,0.0,1.0,1,0.02449413964118996,LGBMC,True,2,2,f1
2020-11-13,1.0,1.0,0.0,1,0.061923437430529304,LGBMC,True,2,2,f1
2020-11-14,1.0,1.0,1.0,1,0.039361111850313435,LGBMC,True,2,2,f1
2020-11-15,1.0,0.0,1.0,0,-0.012628052155829295,LGBMC,True,2,2,f1
2020-11-16,1.0,1.0,1.0,0,-0.022976922845209913,LGBMC,True,2,2,f1
2020-11-17,0.0,1.0,0.0,1,0.03864675892712732,LGBMC,True,2,2,f1
2020-11-18,1.0,1.0,0.0,1,0.10181541814105266,LGBMC,True,2,2,f1
2020-11-19,1.0,1.0,1.0,1,0.06219419495147527,LGBMC,True,2,2,f1
2020-11-20,1.0,0.0,1.0,1,0.007934741054368644,LGBMC,True,2,2,f1
2020-11-21,0.0,0.0,1.0,1,0.048738128034939265,LGBMC,True,2,2,f1
2020-11-22,1.0,0.0,1.0,1,0.0481541085915822,LGBMC,True,2,2,f1
2020-11-23,1.0,1.0,1.0,0,-0.014290603686003323,LGBMC,True,2,2,f1
2020-11-24,1.0,1.0,1.0,0,-0.016217856709520362,LGBMC,True,2,2,f1
2020-11-25,1.0,1.0,0.0,1,0.03991507814818718,LGBMC,True,2,2,f1
2020-11-26,1.0,0.0,0.0,1,0.018357192034843095,LGBMC,True,2,2,f1
2020-11-27,0.0,0.0,1.0,0,-0.11138972289694493,LGBMC,True,2,2,f1
2020-11-28,0.0,0.0,1.0,0,-0.08929563679003572,LGBMC,True,2,2,f1
2020-11-29,0.0,1.0,0.0,1,0.03331055734115829,LGBMC,True,2,2,f1
2020-11-30,1.0,1.0,0.0,1,0.05960758945120581,LGBMC,True,2,2,f1
2020-12-01,1.0,1.0,1.0,1,0.10571216263022087,LGBMC,True,2,2,f1
2020-12-02,1.0,0.0,1.0,1,0.03249721157409802,LGBMC,True,2,2,f1
2020-12-03,0.0,1.0,1.0,0,-0.024797167709987633,LGBMC,True,2,2,f1
2020-12-04,0.0,1.0,1.0,1,0.03461973284340658,LGBMC,True,2,2,f1
2020-12-05,1.0,0.0,0.0,0,-0.029368228259325946,LGBMC,True,2,2,f1
2020-12-06,0.0,0.0,1.0,0,-0.015512747758782197,LGBMC,True,2,2,f1
2020-12-07,0.0,0.0,0.0,1,0.037174699078750706,LGBMC,True,2,2,f1
2020-12-08,1.0,0.0,0.0,1,0.001374598628952839,LGBMC,True,2,2,f1
2020-12-09,0.0,0.0,1.0,0,-0.05618619747431097,LGBMC,True,2,2,f1
2020-12-10,0.0,1.0,1.0,0,-0.03324633472806049,LGBMC,True,2,2,f1
2020-12-11,0.0,1.0,0.0,0,-0.0038891306362973666,LGBMC,True,2,2,f1
2020-12-12,0.0,1.0,0.0,0,-0.028690374816234154,LGBMC,True,2,2,f1
2020-12-13,0.0,0.0,0.0,1,0.029995879650233093,LGBMC,True,2,2,f1
2020-12-14,0.0,0.0,0.0,1,0.061053740437001736,LGBMC,True,2,2,f1
2020-12-15,1.0,1.0,1.0,1,0.024850269204375053,LGBMC,True,2,2,f1
2020-12-16,1.0,0.0,1.0,1,0.014260634359981594,LGBMC,True,2,2,f1
2020-12-17,1.0,0.0,1.0,1,0.1035350748643129,LGBMC,True,2,2,f1
2020-12-18,1.0,0.0,1.0,1,0.16151234047272034,LGBMC,True,2,2,f1
2020-12-19,1.0,1.0,1.0,1,0.079593743123759,LGBMC,True,2,2,f1
2020-12-20,1.0,0.0,1.0,1,0.04377726270334037,LGBMC,True,2,2,f1
2020-12-21,1.0,1.0,1.0,1,0.014569959716432379,LGBMC,True,2,2,f1
2020-12-22,1.0,0.0,1.0,0,-0.048250573560023824,LGBMC,True,2,2,f1
2020-12-23,1.0,0.0,1.0,1,0.014134942593766908,LGBMC,True,2,2,f1
2020-12-24,1.0,1.0,0.0,1,0.022082663209866737,LGBMC,True,2,2,f1
2020-12-25,1.0,0.0,1.0,0,-0.004604728290019011,LGBMC,True,2,2,f1
2020-12-26,1.0,0.0,1.0,1,0.06009071499565266,LGBMC,True,2,2,f1
2020-12-27,1.0,1.0,0.0,1,0.10886495737223711,LGBMC,True,2,2,f1
2020-12-28,1.0,0.0,1.0,1,0.06099000795507514,LGBMC,True,2,2,f1
2020-12-29,1.0,1.0,1.0,1,0.022194587781678266,LGBMC,True,2,2,f1
2020-12-30,1.0,0.0,1.0,1,0.04214296542006224,LGBMC,True,2,2,f1
2020-12-31,1.0,0.0,1.0,1,0.06514122474393247,LGBMC,True,2,2,f1
2021-01-01,1.0,1.0,1.0,1,0.05701201295644509,LGBMC,True,2,2,f1
2021-01-02,1.0,0.0,1.0,1,0.018443043694938765,LGBMC,True,2,2,f1
2021-01-03,1.0,1.0,1.0,1,0.10512773593040414,LGBMC,True,2,2,f1
2021-01-04,1.0,1.0,1.0,1,0.11574541243545511,LGBMC,True,2,2,f1
2021-01-05,1.0,0.0,1.0,0,-0.004995301711055333,LGBMC,True,2,2,f1
2021-01-06,1.0,0.0,1.0,1,0.031200102067218793,LGBMC,True,2,2,f1
2021-01-07,1.0,1.0,0.0,1,0.14030399745117705,LGBMC,True,2,2,f1
2021-01-08,1.0,0.0,1.0,1,0.14821091533129582,LGBMC,True,2,2,f1
2021-01-09,1.0,1.0,1.0,1,0.0983562502737847,LGBMC,True,2,2,f1
2021-01-10,1.0,1.0,1.0,1,0.018931751612514702,LGBMC,True,2,2,f1
2021-01-11,1.0,1.0,1.0,0,-0.06161086267139204,LGBMC,True,2,2,f1
2021-01-12,1.0,0.0,1.0,0,-0.12407832403403418,LGBMC,True,2,2,f1
2021-01-13,1.0,0.0,0.0,0,-0.11717307959018797,LGBMC,True,2,2,f1
2021-01-14,1.0,1.0,0.0,1,0.050687795847856876,LGBMC,True,2,2,f1
2021-01-15,1.0,1.0,0.0,1,0.14090477098125476,LGBMC,True,2,2,f1
2021-01-16,1.0,0.0,1.0,0,-0.015214042712202058,LGBMC,True,2,2,f1
2021-01-17,1.0,0.0,1.0,0,-0.082286144693418,LGBMC,True,2,2,f1
2021-01-18,1.0,1.0,0.0,0,-0.02851913654678384,LGBMC,True,2,2,f1
2021-01-19,1.0,0.0,0.0,1,0.015602889041701928,LGBMC,True,2,2,f1
2021-01-20,1.0,1.0,0.0,1,0.006325149744426994,LGBMC,True,2,2,f1
2021-01-21,1.0,1.0,1.0,0,-0.030300767720270017,LGBMC,True,2,2,f1
2021-01-22,1.0,1.0,1.0,0,-0.15662738503404405,LGBMC,True,2,2,f1
2021-01-23,1.0,1.0,0.0,0,-0.07404827951624604,LGBMC,True,2,2,f1
2021-01-24,1.0,0.0,0.0,1,0.04140075714776437,LGBMC,True,2,2,f1
2021-01-25,1.0,1.0,0.0,0,-0.022229053799167175,LGBMC,True,2,2,f1
2021-01-26,1.0,1.0,1.0,1,0.004460960074780473,LGBMC,True,2,2,f1
2021-01-27,1.0,0.0,0.0,1,0.008175219365243791,LGBMC,True,2,2,f1
2021-01-28,1.0,1.0,1.0,0,-0.05823416766033951,LGBMC,True,2,2,f1
2021-01-29,1.0,1.0,1.0,1,0.026124596458929616,LGBMC,True,2,2,f1
2021-01-30,1.0,1.0,0.0,1,0.12048427794912797,LGBMC,True,2,2,f1
2021-01-31,1.0,0.0,1.0,1,0.02702130801078262,LGBMC,True,2,2,f1
2021-02-01,1.0,0.0,1.0,0,-0.03492578867057361,LGBMC,True,2,2,f1
2021-02-02,1.0,1.0,1.0,0,-0.023443433205073916,LGBMC,True,2,2,f1
2021-02-03,1.0,0.0,0.0,1,0.06973162118904774,LGBMC,True,2,2,f1
2021-02-04,1.0,1.0,0.0,1,0.11679784673529525,LGBMC,True,2,2,f1
2021-02-05,1.0,1.0,1.0,1,0.04060543695887908,LGBMC,True,2,2,f1
2021-02-06,1.0,1.0,1.0,1,0.015860914415171123,LGBMC,True,2,2,f1
2021-02-07,1.0,1.0,1.0,1,0.06084020855051975,LGBMC,True,2,2,f1
2021-02-08,1.0,0.0,1.0,1,0.01682466449237552,LGBMC,True,2,2,f1
2021-02-09,1.0,1.0,1.0,1,0.16470970340798807,LGBMC,True,2,2,f1
2021-02-10,1.0,0.0,1.0,1,0.17965633183715646,LGBMC,True,2,2,f1
2021-02-11,1.0,0.0,1.0,0,-0.032577567346898206,LGBMC,True,2,2,f1
2021-02-12,1.0,0.0,1.0,1,0.030102174600484588,LGBMC,True,2,2,f1
2021-02-13,1.0,0.0,0.0,1,0.056174722250228015,LGBMC,True,2,2,f1
2021-02-14,1.0,0.0,1.0,0,-0.017399284340617882,LGBMC,True,2,2,f1
2021-02-15,1.0,1.0,1.0,1,0.025969253342406518,LGBMC,True,2,2,f1
2021-02-16,1.0,0.0,0.0,1,0.016116971442116323,LGBMC,True,2,2,f1
2021-02-17,1.0,1.0,1.0,1,0.00898491748795216,LGBMC,True,2,2,f1
2021-02-18,1.0,0.0,1.0,1,0.08331574207153203,LGBMC,True,2,2,f1
2021-02-19,1.0,1.0,1.0,1,0.0485963219857144,LGBMC,True,2,2,f1
2021-02-20,1.0,0.0,1.0,1,0.0703434116541608,LGBMC,True,2,2,f1
2021-02-21,1.0,0.0,1.0,1,0.08169199332918176,LGBMC,True,2,2,f1
2021-02-22,1.0,1.0,1.0,1,0.027713799700730846,LGBMC,True,2,2,f1
2021-02-23,1.0,0.0,1.0,0,-0.03410587486690808,LGBMC,True,2,2,f1
2021-02-24,1.0,1.0,1.0,0,-0.16219362014845906,LGBMC,True,2,2,f1
2021-02-25,1.0,0.0,0.0,0,-0.06682298292922262,LGBMC,True,2,2,f1
2021-02-26,1.0,1.0,0.0,0,-0.043484025410922555,LGBMC,True,2,2,f1
2021-02-27,1.0,0.0,0.0,0,-0.0884283299632127,LGBMC,True,2,2,f1
2021-02-28,1.0,1.0,0.0,0,-0.013867732068485239,LGBMC,True,2,2,f1
