Timestamp,market-cap
2018-03-20 00:00:55,145419680500
2018-03-20 20:34:04,151585441050
2018-03-21 13:31:22,153172171725
2018-03-22 07:34:19,151668769037.5
2018-03-23 01:13:32,146481911250
2018-03-23 21:12:18,146146299543.75
2018-03-24 13:14:18,150248237887.5
2018-03-25 07:32:20,142544894812.5
2018-03-26 02:09:24,142615439537.5
2018-03-26 19:46:50,134291802437.5
2018-03-27 13:43:19,134717493600
2018-03-28 05:02:14,132550858462.5
2018-03-29 01:21:36,134857478868.75
2018-03-29 18:04:31,125996855750
2018-03-30 09:20:42,120888568237.5
2018-03-31 02:45:06,119228619812.5
2018-03-31 23:34:33,116949802262.5
2018-04-01 15:43:13,109924028156.25
2018-04-02 08:38:43,119384082300
2018-04-03 00:03:13,119469884250
2018-04-03 15:48:40,125168084700
2018-04-04 10:09:14,120260373750
2018-04-05 03:00:29,111816117006.25
2018-04-05 19:13:39,113860120812.5
2018-04-06 13:40:55,111570855825
2018-04-07 04:54:17,116040975575
2018-04-07 18:41:22,118645604025
2018-04-08 11:34:09,118527806456.25
2018-04-09 03:36:56,120513759800
2018-04-09 21:21:50,113294918687.5
2018-04-10 13:47:53,114493980067.848
2018-04-11 04:33:57,115790659662.5
2018-04-11 21:53:03,117047225587.5
2018-04-12 14:28:00,130966175700
2018-04-13 05:28:24,132580601456.25
2018-04-13 22:40:27,133057888000
2018-04-14 14:10:44,135283913868.75
2018-04-15 08:41:56,137272688437.5
2018-04-16 00:50:05,142385999637.5
2018-04-16 19:32:59,136513173137.5
2018-04-17 12:04:49,137806119150
2018-04-18 03:49:26,134590104225
2018-04-18 19:47:52,137793956093.75
2018-04-19 10:43:36,139511972425
2018-04-20 01:18:51,141425620312.5
2018-04-20 18:12:34,144290974200
2018-04-21 12:29:03,148227521100
2018-04-22 05:52:04,150592707812.5
2018-04-22 21:00:54,151156848937.5
2018-04-23 13:40:43,151848538000
2018-04-24 07:46:39,156942333675
2018-04-24 23:06:12,162657456631.25
2018-04-25 19:58:23,152207479050
2018-04-26 13:38:50,150247436175
2018-04-27 09:26:49,157467893000
2018-04-28 04:52:50,155201900700
2018-04-28 23:54:19,158734207000
2018-04-29 15:01:53,157803001225
2018-04-30 09:17:46,156046696256.25
2018-05-01 01:08:02,153082529112.5
2018-05-01 17:05:41,152805404718.75
2018-05-02 10:01:37,155386294412.5
2018-05-03 05:01:42,157448489437.5
2018-05-03 21:57:41,164513005200
2018-05-04 14:46:05,164908895400
2018-05-05 10:30:53,168333747750
2018-05-06 01:50:05,168338717450
2018-05-06 21:17:45,161961313500
2018-05-07 15:00:59,158357336400
2018-05-08 09:17:53,158735746781.25
2018-05-09 02:46:13,155147849850
2018-05-09 19:19:35,157722437993.75
2018-05-10 11:13:22,159522881743.75
2018-05-11 05:39:07,152784168300
2018-05-12 01:14:47,143992467500
2018-05-12 16:58:39,141219616500
2018-05-13 09:16:41,143504364575
2018-05-14 05:16:01,141744256950
2018-05-14 23:06:19,146644199425
2018-05-15 16:10:21,145114031756.25
2018-05-16 08:31:40,140270125668.75
2018-05-16 22:31:25,141414362500
2018-05-17 16:31:42,141280734087.5
2018-05-18 13:27:14,138275644406.25
2018-05-19 07:13:05,140050436925
2018-05-19 22:54:17,139592739125
2018-05-20 16:15:46,144640369525
2018-05-21 10:27:30,144592164843.75
2018-05-22 01:34:03,141748195562.5
2018-05-22 18:31:11,139960686937.5
2018-05-23 11:48:29,133833680643.75
2018-05-24 03:05:06,129121063906.25
2018-05-24 21:28:33,128338243900
2018-05-25 11:49:17,127009571906.25
2018-05-26 03:14:42,126550511500
2018-05-26 20:26:35,128513423606.25
2018-05-27 11:05:30,124907296531.25
2018-05-28 03:17:53,125599556406.25
2018-05-28 20:33:20,123630362550
2018-05-29 12:02:42,126276232050
2018-05-30 07:40:58,127634138500
2018-05-30 21:26:25,124947916450
2018-05-31 12:53:19,129010993962.5
2018-06-01 04:12:51,127886215525
2018-06-01 19:32:09,126820905375
2018-06-02 11:05:30,130569194900
2018-06-03 03:42:26,130408806550
2018-06-03 19:39:06,131076422000
2018-06-04 11:54:14,128628014856.25
2018-06-05 00:37:47,127937996437.5
2018-06-05 13:54:03,126650179906.25
2018-06-06 07:14:20,130374597100
2018-06-07 00:56:49,131042463750
2018-06-07 19:08:31,131291857443.75
2018-06-08 12:50:14,129162595003.931
2018-06-09 07:28:30,130996469700
2018-06-10 01:45:49,125377355187.5
2018-06-10 21:20:49,115178242725
2018-06-11 16:38:51,115135996125
2018-06-12 08:58:05,117050420550
2018-06-13 03:55:19,112052224125
2018-06-13 22:03:46,107138616243.75
2018-06-14 13:21:14,110078517500
2018-06-15 08:51:35,112788191400
2018-06-16 01:25:51,109548925200
2018-06-16 16:54:22,109848144687.5
2018-06-17 06:50:09,111284529618.75
2018-06-18 01:16:37,109585983571.212
2018-06-18 16:46:23,113995432650
2018-06-19 08:45:11,114637135837.5
2018-06-20 01:31:42,112396964550
2018-06-20 18:24:08,115612615681.841
2018-06-21 09:24:31,115100328293.75
2018-06-22 01:06:37,114861265650
2018-06-22 18:07:40,105169407187.5
2018-06-23 12:19:53,104561807175
2018-06-24 03:31:37,104381980000
2018-06-24 16:58:54,105742231087.5
2018-06-25 10:12:57,105553678750
2018-06-26 03:08:07,106751556450
2018-06-26 20:42:03,105904039062.5
2018-06-27 16:13:05,104457239550
2018-06-28 11:03:46,104234282831.25
2018-06-29 04:44:13,100415984625
2018-06-29 21:28:49,100928944656.25
2018-06-30 16:06:44,109164942187.5
2018-07-01 08:27:36,109027983706.25
2018-07-02 01:45:24,108385688100
2018-07-02 19:56:20,113446976825
2018-07-03 18:15:40,112505242400
2018-07-04 14:04:37,115023665493.75
2018-07-05 10:45:29,113550813150
2018-07-06 04:05:37,111752112312.5
2018-07-06 19:28:38,112489141375
2018-07-07 12:49:24,112472300087.5
2018-07-08 06:40:10,115343186568.75
2018-07-08 22:05:19,115686393750
2018-07-09 15:59:13,115181220000
2018-07-10 09:27:14,112721846400
2018-07-11 04:26:46,108813764312.5
2018-07-11 23:09:20,109062351187.5
2018-07-12 17:19:24,105967608237.5
2018-07-13 10:13:22,106816224206.25
2018-07-14 06:44:23,106738815287.5
2018-07-15 02:14:34,107004461237.5
2018-07-15 21:22:23,109190966106.25
2018-07-16 17:06:51,113513259600
2018-07-17 11:40:19,115117474050
2018-07-18 04:03:30,128198847937.5
2018-07-18 19:17:55,126218715175
2018-07-19 10:16:24,126717547118.75
2018-07-20 00:58:50,127276511625
2018-07-20 15:39:59,128058645468.75
2018-07-21 09:29:17,125666090593.75
2018-07-22 05:18:10,126765733350
2018-07-22 19:29:12,129161639687.5
2018-07-23 10:04:23,132355937087.5
2018-07-24 02:03:38,132701103250
2018-07-24 16:35:41,140222600718.75
2018-07-25 09:28:22,142096437200
2018-07-25 23:31:07,141300467587.5
2018-07-26 15:08:47,141354507706.25
2018-07-27 09:11:06,136848827662.5
2018-07-27 22:56:07,141531308543.75
2018-07-28 17:13:59,140554890350
2018-07-29 06:15:11,141012560200
2018-07-29 23:49:51,141719294806.25
2018-07-30 20:34:12,140527695262.5
2018-07-31 13:15:25,134353182843.75
2018-08-01 05:54:29,128718976650
2018-08-01 23:40:31,130705211925
2018-08-02 16:47:09,130105382793.75
2018-08-03 08:09:38,127159314237.5
2018-08-03 23:45:06,127607516800
2018-08-04 13:41:28,124609222650
2018-08-05 05:40:51,120140613843.75
2018-08-05 21:09:55,121155811762.5
2018-08-06 16:29:15,119557609812.5
2018-08-07 12:31:00,121957044656.25
2018-08-08 04:09:25,113273757187.5
2018-08-08 19:51:31,108716603868.75
2018-08-09 13:33:21,106996534250
2018-08-10 06:49:56,110943789375
2018-08-10 20:24:49,109980587406.25
2018-08-11 11:11:26,105232433175
2018-08-12 02:27:46,108105261187.5
2018-08-12 18:46:39,108242710087.5
2018-08-13 13:29:46,110186945550
2018-08-14 05:38:47,102881914025
2018-08-15 00:57:36,106504007643.75
2018-08-15 16:37:54,113001036356.25
2018-08-16 08:16:59,110169726337.5
2018-08-17 02:09:09,109050769187.5
2018-08-17 18:22:59,111805090575
2018-08-18 10:43:31,112080635625
2018-08-19 03:11:50,109549763593.75
2018-08-19 19:51:19,109773595312.5
2018-08-20 14:04:13,110867027550
2018-08-21 07:01:12,109833863031.25
2018-08-22 01:07:55,111280629687.5
2018-08-22 17:53:08,111031060800
2018-08-23 10:35:31,110479832856.25
2018-08-24 04:13:06,111832153962.5
2018-08-24 21:26:48,113934219725
2018-08-25 15:12:11,115838382487.5
2018-08-26 07:48:25,114046682750
2018-08-26 23:33:25,115106821575
2018-08-27 14:42:41,115719035900
2018-08-28 03:26:12,118658143975
2018-08-28 20:55:54,122442230356.25
2018-08-29 15:08:58,121986299212.5
2018-08-30 07:57:49,120513161656.25
2018-08-31 02:00:17,119625984650
2018-08-31 19:03:11,121480184306.25
2018-09-01 11:21:13,122187972450
2018-09-02 03:20:29,123671889993.75
2018-09-02 22:44:58,125699293125
2018-09-03 15:28:28,125389961125
2018-09-04 10:22:16,125865405725
2018-09-05 08:26:34,127160310018.75
2018-09-06 01:32:12,110039330600
2018-09-06 19:06:22,110677594062.5
2018-09-07 11:00:10,109849341787.5
2018-09-08 04:47:36,110646667060.498
2018-09-08 22:42:20,106639399768.75
2018-09-09 15:33:26,109892225250
2018-09-10 07:33:43,108856612550
2018-09-11 01:36:32,109184455500
2018-09-11 21:52:47,108442004175
2018-09-12 12:35:39,107898046875
2018-09-13 04:47:14,110435732412.5
2018-09-13 22:21:45,111851496275
2018-09-14 19:15:15,112024284843.75
2018-09-15 13:22:21,112801434600
2018-09-16 08:05:29,111299012243.75
2018-09-17 01:57:13,112473554600
2018-09-17 20:56:23,107516255337.5
2018-09-18 13:55:32,109692519375
2018-09-19 07:13:41,109588799418.75
2018-09-20 01:26:20,110858752768.75
2018-09-20 17:18:24,110875974075
2018-09-21 12:57:53,116362257375
2018-09-22 04:58:15,116449113506.25
2018-09-22 20:25:35,116103918975
2018-09-23 15:35:49,115542537250
2018-09-24 08:12:57,115335413593.75
2018-09-25 00:55:55,112673651425
2018-09-25 16:25:02,110711711600
2018-09-26 08:04:14,111455150125
2018-09-27 04:24:33,112138186300
2018-09-27 22:10:21,116219111937.5
2018-09-28 14:25:29,114749526262.5
2018-09-29 07:55:17,112605303375
2018-09-30 01:10:00,113409626112.5
2018-09-30 16:22:02,114136234050
2018-10-01 08:16:34,113963506200
2018-10-02 00:39:56,113539817962.5
2018-10-02 20:17:25,113142014837.5
2018-10-03 12:54:55,111498437700
2018-10-04 07:49:22,113462409962.5
2018-10-05 01:06:02,113938506700
2018-10-05 20:28:52,113341578300
2018-10-06 18:13:04,113367727500
2018-10-07 10:29:02,112917870900
2018-10-08 07:44:18,113480621625
2018-10-09 03:04:35,114311796300
2018-10-09 22:21:40,114000329218.75
2018-10-10 15:37:39,112623953987.5
2018-10-11 09:26:59,107299291106.25
2018-10-12 01:26:48,106684304737.5
2018-10-12 20:56:50,107523847406.25
2018-10-13 15:21:58,107324386931.25
2018-10-14 12:07:25,107705087000
2018-10-15 07:09:12,115231515050
2018-10-15 22:46:42,111325228875
2018-10-16 19:01:23,111394462987.5
2018-10-17 13:07:03,111377072150
2018-10-18 07:11:02,111741058912.5
2018-10-19 02:42:51,110701245250
2018-10-19 20:43:28,110640545400
2018-10-20 14:32:09,110961144525
2018-10-21 10:20:30,111680384800
2018-10-22 02:58:08,111142951781.25
2018-10-22 19:37:54,110830806075
2018-10-23 11:47:18,110613967750
2018-10-24 09:19:02,111489448500
2018-10-25 05:43:16,110839117700
2018-10-25 23:41:56,111047095687.5
2018-10-26 18:18:52,111133783800
2018-10-27 11:36:17,111073057300
2018-10-28 08:13:48,111107641143.75
2018-10-29 00:56:08,111142229000
2018-10-29 18:59:35,108713356943.75
2018-10-30 13:52:17,108765190937.5
2018-10-31 04:54:24,108799602262.5
2018-10-31 20:24:49,109458702650
2018-11-01 12:13:57,109467139600
2018-11-02 05:16:22,110273987700
2018-11-03 00:07:36,110143793725
2018-11-03 17:17:16,109874557500
2018-11-04 11:27:36,110134730643.75
2018-11-05 07:06:20,111471288925
2018-11-06 00:19:07,111228211537.5
2018-11-06 21:18:54,111531953143.75
2018-11-07 16:15:43,112938464100
2018-11-08 12:17:51,112261214100
2018-11-09 09:53:55,110142386025
2018-11-10 06:49:52,110446132525
2018-11-11 01:14:56,110446111743.75
2018-11-11 18:53:34,109725026887.5
2018-11-12 13:44:39,110636845856.25
2018-11-13 10:39:49,109177351950
2018-11-14 04:40:04,109020692400
2018-11-15 01:55:06,97398103101.0782
2018-11-15 21:59:12,94474885393.75
2018-11-16 19:12:56,96237458437.5
2018-11-17 12:40:50,95167338412.5
2018-11-18 06:28:44,96252409687.5
2018-11-19 03:57:21,95773084743.75
2018-11-20 00:42:26,83315695500
2018-11-20 20:35:46,71638806975
2018-11-21 18:22:09,77208250143.75
2018-11-22 15:06:57,77353298312.5
2018-11-23 14:43:28,73959510512.5
2018-11-24 09:57:27,74278295687.5
2018-11-25 03:35:43,64596348525
2018-11-26 01:29:05,68836804468.75
2018-11-26 23:48:44,64101864750
2018-11-27 19:53:34,64402537125
2018-11-28 14:36:52,72227900787.5
2018-11-29 17:51:12,74216980743.75
2018-11-30 18:21:05,69489745368.75
2018-12-01 15:40:44,72105445968.75
2018-12-02 14:31:09,71232116200
2018-12-03 10:20:31,69209938668.75
2018-12-04 09:35:11,68719233450
2018-12-05 03:13:14,67036041812.5
2018-12-05 22:43:17,64682303512.5
2018-12-06 18:59:07,62293382525
2018-12-07 16:50:22,56648193243.75
2018-12-08 13:13:46,58219696800
2018-12-09 11:43:20,58946855437.5
2018-12-10 06:47:54,60457821462.5
2018-12-11 02:21:06,58851451675
2018-12-11 22:26:15,58559862325
2018-12-12 19:49:15,59905660500
2018-12-13 17:26:18,58560229293.75
2018-12-14 10:33:41,56778990537.5
2018-12-15 04:43:00,56086447687.5
2018-12-15 20:52:02,55655130600
2018-12-16 19:04:25,55824951831.25
2018-12-17 14:13:32,59018482737.5
2018-12-18 04:16:02,61480488843.75
2018-12-19 01:55:53,64326337625
2018-12-19 19:39:09,66344622025
2018-12-20 13:28:19,70280837137.5
2018-12-21 08:34:03,70329814925
2018-12-22 01:52:16,66586556400
2018-12-22 19:13:37,67210723775
2018-12-23 08:14:59,69291035381.25
2018-12-23 22:39:16,68197702443.75
2018-12-24 15:10:24,73278256462.5
2018-12-25 07:44:12,66050376692.8602
2018-12-26 00:23:53,65658039750
2018-12-26 17:05:40,65471178825
2018-12-27 08:18:40,65511091187.5
2018-12-27 22:31:46,62392975200
2018-12-28 15:06:31,62956127300
2018-12-29 06:10:03,67646427143.75
2018-12-30 02:18:08,65156015287.5
2018-12-30 16:44:08,66321685000
2018-12-31 07:33:53,66047544200
2019-01-01 00:38:34,64368170312.5
2019-01-01 18:53:18,63788289075
2019-01-02 10:14:50,66211219031.25
2019-01-03 05:01:25,67342593237.5
2019-01-03 21:41:12,66239014781.25
2019-01-04 15:34:31,65344768550
2019-01-05 05:42:07,67262066418.75
2019-01-05 21:10:49,66935474812.5
2019-01-06 17:56:32,70696063500
2019-01-07 10:52:50,70098833187.5
2019-01-08 04:47:43,69492875400
2019-01-08 20:38:16,70031200737.5
2019-01-09 11:58:48,70394788725
2019-01-10 03:47:33,70181810687.5
2019-01-10 21:31:41,63188605600
2019-01-11 14:05:20,63202180031.25
2019-01-12 07:02:42,63259449300
2019-01-13 02:24:41,63019633125
2019-01-13 22:15:37,61398807343.75
2019-01-14 16:09:25,64025764843.75
2019-01-15 08:40:10,64039404825
2019-01-16 04:43:58,62916623812.5
2019-01-17 00:10:39,63078805968.75
2019-01-17 21:25:27,63608280468.75
2019-01-18 17:20:58,63062268900
2019-01-19 12:32:46,65026007475
2019-01-20 05:05:36,64584963625
2019-01-20 20:24:20,61511277343.75
2019-01-21 14:59:54,61909629212.5
2019-01-22 09:46:34,61573256556.25
2019-01-23 03:50:35,62697722287.5
2019-01-23 22:30:11,62177632762.5
2019-01-24 14:44:26,62418620887.5
2019-01-25 07:59:35,62300934500
2019-01-26 03:14:14,62410750175
2019-01-26 20:53:47,62240534650
2019-01-27 14:07:28,61798931150
2019-01-28 07:17:51,60263286187.5
2019-01-29 02:38:26,59909039550
2019-01-29 20:50:27,59554695043.75
2019-01-30 13:49:04,60390955300
2019-01-31 09:14:49,59843970656.25
2019-02-01 01:48:50,59507050250
2019-02-01 18:30:08,60080790731.25
2019-02-02 11:02:05,60085421906.25
2019-02-03 05:04:57,60195108600
2019-02-03 23:25:20,59682974250
2019-02-04 16:32:06,59757650100
2019-02-05 10:57:12,59998781025
2019-02-06 03:48:44,59188598175
2019-02-06 17:59:26,58947792500
2019-02-07 09:52:12,59092487550
2019-02-08 00:49:57,58816584800
2019-02-08 17:15:58,64009151800
2019-02-09 08:47:43,63540767187.5
2019-02-10 03:13:14,63422906850
2019-02-10 20:26:12,63208651462.5
2019-02-11 14:37:34,63117090000
2019-02-12 09:53:18,62525753675
2019-02-13 06:46:50,63213178713.8098
2019-02-13 23:04:10,62640601250
2019-02-14 15:13:48,62461275368.75
2019-02-15 11:36:26,62685324175
2019-02-16 09:10:08,62909361900
2019-02-17 00:17:50,62852806850
2019-02-17 16:38:17,62638308018.75
2019-02-18 08:15:00,64669487750
2019-02-19 01:07:28,68876773931.25
2019-02-19 18:45:58,68855703300
2019-02-20 14:18:48,68580173050
2019-02-21 08:40:42,68848699037.5
2019-02-22 05:17:20,68792565318.75
2019-02-22 21:37:31,69157638000
2019-02-23 14:06:38,69004921412.5
2019-02-24 09:30:34,72556416537.5
2019-02-25 03:20:28,66285415237.5
2019-02-25 21:52:04,67027903593.75
2019-02-26 14:51:28,66839903681.25
2019-02-27 10:49:17,66853775250
2019-02-28 01:48:54,66867648156.25
2019-02-28 19:50:30,66749844218.75
2019-03-01 08:40:46,66869098425
2019-03-02 03:37:36,66970803906.25
2019-03-02 22:12:01,66861809850
2019-03-03 16:02:04,66524308531.25
2019-03-04 09:17:08,65273107250
2019-03-05 04:59:26,65049646725
2019-03-05 22:16:52,67356638225
2019-03-06 18:50:15,67511193262.5
2019-03-07 11:22:47,67569057806.25
2019-03-08 06:18:06,68013766181.25
2019-03-09 01:36:47,67720111812.5
2019-03-09 20:20:15,68454913725
2019-03-10 12:33:23,68310684087.5
2019-03-11 09:23:00,67867533250
2019-03-12 04:19:58,66879222600
2019-03-12 20:44:13,67904284425
2019-03-13 15:49:36,67610482293.75
2019-03-14 11:44:30,67606830500
2019-03-15 03:03:46,67893395250
2019-03-15 18:59:36,68461544900
2019-03-16 11:56:25,70481095968.75
2019-03-17 02:57:19,69527684200
2019-03-17 21:06:07,69884857500
2019-03-18 14:39:00,69643830075
2019-03-19 06:03:38,69693215537.5
2019-03-19 20:10:58,70235314175
2019-03-20 13:42:06,70276001400
2019-03-21 07:08:55,70782974456.25
2019-03-21 23:28:17,69899477862.5
2019-03-22 15:08:00,70221657925
2019-03-23 08:13:21,70226993212.5
2019-03-24 01:10:34,69906657881.25
2019-03-24 18:35:37,69762301700
2019-03-25 13:39:35,69679604400
2019-03-26 06:07:03,68786808300
2019-03-27 01:44:45,69690238837.5
2019-03-27 19:02:41,70470563237.5
2019-03-28 13:38:35,70537615643.75
2019-03-29 05:32:50,70595819437.5
2019-03-30 00:04:43,71984185650
2019-03-30 17:29:13,71787036631.25
2019-03-31 13:19:48,71995115700
2019-04-01 06:42:30,72705432225
2019-04-02 03:21:24,73477534937.5
2019-04-02 18:24:46,83449521625
2019-04-03 12:50:54,87950371750
2019-04-04 06:46:43,88988205631.25
2019-04-05 01:32:55,87047249175
2019-04-05 16:13:56,87908940768.75
2019-04-06 10:41:26,88100732825
2019-04-07 06:31:35,90320240156.25
2019-04-07 23:36:25,91684863300
2019-04-08 17:36:48,91559622000
2019-04-09 12:06:04,91911350207.6436
2019-04-10 05:56:59,92393650862.5
2019-04-11 00:01:37,93864674643.75
2019-04-11 16:02:04,88809083450
2019-04-12 08:49:44,88410064031.25
2019-04-13 01:04:04,89219513175
2019-04-13 21:50:13,89270387193.75
2019-04-14 17:26:19,89762404150
2019-04-15 13:42:11,90678017568.75
2019-04-16 07:28:33,89440760850
2019-04-17 00:44:17,92412651100
2019-04-17 19:36:04,92049117562.5
2019-04-18 14:48:39,92515114687.5
2019-04-19 07:05:47,92451575887.5
2019-04-19 23:23:58,93164775375
2019-04-20 20:37:12,94028226237.5
2019-04-21 10:40:00,92967132375
2019-04-22 03:10:48,92965476468.75
2019-04-23 00:38:23,94844574018.75
2019-04-23 22:31:22,97854233312.5
2019-04-24 16:06:02,96360360112.5
2019-04-25 08:13:00,95820130962.5
2019-04-26 01:58:56,90933997718.75
2019-04-26 18:30:31,90225369000
2019-04-27 12:10:16,91150953162.5
2019-04-28 06:40:50,91210862350
2019-04-28 22:41:24,90669965137.5
2019-04-29 14:42:26,91030403625
2019-04-30 07:08:14,90789989537.5
2019-05-01 01:15:52,93660222425
2019-05-01 16:02:44,93437582550
2019-05-02 07:21:54,94249124056.25
2019-05-02 21:30:35,95741301437.5
2019-05-03 13:17:05,101203038900
2019-05-04 06:44:02,100848360181.25
2019-05-05 03:15:48,101634048312.5
2019-05-05 23:13:46,100890143812.5
2019-05-06 16:29:58,100358355825
2019-05-07 11:27:17,104186377968.75
2019-05-08 05:34:35,102354722243.75
2019-05-08 23:01:57,104883281746.127
2019-05-09 18:32:35,106793079712.5
2019-05-10 11:59:47,111180141300
2019-05-11 08:41:26,119625924231.122
2019-05-12 03:03:05,126777708181.25
2019-05-12 19:28:06,123851356273.33
2019-05-13 12:30:27,129434231581.25
2019-05-14 03:44:10,140417594887.5
2019-05-14 20:25:08,139375016525
2019-05-15 14:28:43,141279761762.5
2019-05-16 06:28:40,142308479456.25
2019-05-17 00:39:03,139814114612.5
2019-05-17 17:21:45,125225966221.534
2019-05-18 10:32:46,128661877575
2019-05-19 03:56:10,140067160387.5
2019-05-19 19:21:44,141512254406.25
2019-05-20 08:53:52,139796080200
2019-05-21 03:25:55,140975677762.5
2019-05-21 19:44:34,141632886662.5
2019-05-22 12:12:17,138481379512.5
2019-05-23 02:58:21,135967293806.25
2019-05-23 19:09:51,137740509400
2019-05-24 12:36:04,142242784531.25
2019-05-25 03:33:16,142173777825
2019-05-25 23:35:54,143052892100
2019-05-26 13:44:28,141149555800
2019-05-27 06:32:53,155464220800
2019-05-27 22:14:16,156389178937.5
2019-05-28 13:59:34,153608895812.5
2019-05-29 06:43:50,151236274818.75
2019-05-29 21:34:36,153517153162.5
2019-05-30 12:20:11,154530567187.5
2019-05-31 04:44:22,145915167650
2019-06-01 02:50:59,151406052656.25
2019-06-01 19:42:18,151426339350
2019-06-02 15:28:54,154657117537.5
2019-06-03 12:17:51,151067912581.25
2019-06-04 08:30:59,139799334359.133
2019-06-05 00:50:17,137776217700
2019-06-05 15:44:55,135559149185.3
2019-06-06 08:41:34,138160930725
2019-06-07 01:38:07,138446392475
2019-06-07 18:07:09,143567870375
2019-06-08 13:55:42,141360330937.5
2019-06-09 08:18:13,140385913237.5
2019-06-10 01:15:03,135453111625
2019-06-10 17:30:37,140684723341.356
2019-06-11 13:26:48,138642541593.75
2019-06-12 06:20:22,141325024000
2019-06-13 02:00:27,144611604068.75
2019-06-13 18:57:42,145989792112.5
2019-06-14 11:21:47,146899579254.177
2019-06-15 02:12:54,153408828475
2019-06-15 18:27:16,156785445991.283
2019-06-16 14:15:28,165430461656.25
2019-06-17 10:56:23,163853060600
2019-06-18 05:25:11,164220815500
2019-06-18 19:46:39,161834706912.5
2019-06-19 12:27:22,162255549600
2019-06-20 01:03:59,164799865743.75
2019-06-20 20:49:30,169823544337.5
2019-06-21 15:26:59,174954608156.25
2019-06-22 08:57:33,191967793150
2019-06-23 02:32:51,191520102812.5
2019-06-23 16:03:22,190921248412.5
2019-06-24 08:25:54,192651245475
2019-06-24 21:40:31,193871046486.697
2019-06-25 15:47:50,202068279375
2019-06-26 08:44:06,223936590225
2019-06-26 23:25:38,225633885675
2019-06-27 17:13:41,203598836043.75
2019-06-28 10:28:32,210835097943.75
2019-06-29 01:48:33,218419141000
2019-06-29 15:41:43,213641873212.5
2019-06-30 09:13:58,209530828356.25
2019-07-01 01:51:59,194139922500
2019-07-01 19:01:13,182456319062.5
2019-07-02 13:54:47,177221019000
2019-07-03 04:45:09,200643153243.75
2019-07-03 19:19:21,199581579250
2019-07-04 09:17:45,208860214150
2019-07-05 00:57:49,199211250218.75
2019-07-05 15:58:02,200036119050
2019-07-06 05:56:25,203291131500
2019-07-06 18:53:35,205807679831.25
2019-07-07 12:59:55,203250464000
2019-07-08 03:18:58,202304386700
2019-07-08 18:39:48,211284250823.304
2019-07-09 09:56:49,225521303500
2019-07-10 04:35:52,230845442800
2019-07-11 00:15:30,213595269468.75
2019-07-11 19:58:33,208089801268.887
2019-07-12 12:26:39,207820468593.75
2019-07-13 06:17:16,207363981000
2019-07-13 23:29:11,201847646568.75
2019-07-14 17:05:14,188357172675
2019-07-15 10:16:00,184094803056.25
2019-07-16 05:05:49,191851465750
2019-07-16 20:15:35,172092924440.288
2019-07-17 13:56:13,168577190262.5
2019-07-18 11:20:48,175674945600
2019-07-19 08:37:46,185608018750
2019-07-20 03:06:22,187520503662.5
2019-07-20 18:33:05,194915573937.5
2019-07-21 09:41:11,191043360375
2019-07-22 03:12:48,189337013456.25
2019-07-22 19:03:07,183118990162.5
2019-07-23 16:15:49,177443946875
2019-07-24 09:35:48,173444402500
2019-07-25 02:51:52,180181797500
2019-07-25 19:50:19,177929935312.5
2019-07-26 14:00:12,174589558975
2019-07-27 03:20:05,181034063718.75
2019-07-27 19:49:52,168157080000
2019-07-28 11:00:01,168615759375
2019-07-29 02:05:23,172375817250
2019-07-29 17:08:20,170211571250
2019-07-30 12:46:05,170590430018.75
2019-07-31 05:50:28,173860533825
2019-07-31 20:48:15,179290995154.108
2019-08-01 11:53:22,177867364000
2019-08-02 06:46:53,187164037400
2019-08-02 20:09:33,186874547062.5
2019-08-03 13:29:49,192932472637.5
2019-08-04 02:51:53,193536455918.75
2019-08-04 19:40:16,195667092825
2019-08-05 11:26:57,208120876181.25
2019-08-06 05:09:50,208868886343.75
2019-08-06 21:04:32,208464776025
2019-08-07 12:38:45,209445140625
2019-08-08 08:53:38,213221292168.75
2019-08-09 01:38:56,212630116237.5
2019-08-09 19:57:53,210850384662.5
2019-08-10 14:12:20,203763439750
2019-08-11 04:10:56,203260466643.75
2019-08-11 22:24:27,205545463031.25
2019-08-12 16:12:48,203443094362.5
2019-08-13 09:09:00,202573703981.25
2019-08-14 03:51:03,189191646000
2019-08-14 20:37:55,181626129000
2019-08-15 12:17:36,179708902100
2019-08-16 04:16:38,183843645187.5
2019-08-16 23:29:18,185753132525
2019-08-17 20:03:46,181611213230.928
2019-08-18 14:56:51,186469429775
2019-08-19 07:38:09,190605923812.5
2019-08-20 01:33:48,194966615512.5
2019-08-20 17:17:59,192486042375
2019-08-21 12:34:40,179933740412.5
2019-08-22 07:49:48,178703834312.5
2019-08-23 01:46:20,180783651300
2019-08-23 18:44:21,186326152125
2019-08-24 10:05:10,178448912250
2019-08-25 03:31:17,181030245750
2019-08-25 20:29:06,179907330687.5
2019-08-26 15:36:55,185308237187.5
2019-08-27 09:39:50,181634922562.5
2019-08-28 03:27:41,181209924937.5
2019-08-28 21:32:13,172970573300
2019-08-29 12:11:02,169214930250
2019-08-30 04:19:28,169263499475
2019-08-30 19:40:52,170511670468.75
2019-08-31 13:55:12,171679442175
2019-09-01 04:17:45,172489329562.5
2019-09-01 22:22:27,174248457412.5
2019-09-02 16:38:33,177951497625
2019-09-03 08:46:03,186222768300
2019-09-04 00:14:02,190428743250
2019-09-04 20:16:57,193667771125
2019-09-05 10:24:01,188127975000
2019-09-06 02:55:31,190614875400
2019-09-06 19:25:03,186014797068.75
2019-09-07 13:36:25,186548389262.5
2019-09-08 05:25:26,189188062700
2019-09-08 19:46:17,185877341956.25
2019-09-09 12:38:23,186581455112.5
2019-09-10 04:36:54,184605552300
2019-09-10 18:29:15,182844484812.5
2019-09-11 09:32:16,179433932400
2019-09-11 23:20:30,181841024831.25
2019-09-12 15:33:51,185333343737.5
2019-09-13 06:57:15,185383033593.75
2019-09-14 00:36:02,185755548000
2019-09-14 17:41:02,186702189625
2019-09-15 11:36:57,185442579118.75
2019-09-16 02:33:51,186021596875
2019-09-16 18:43:55,181855625887.5
2019-09-17 12:27:23,183214768500
2019-09-18 05:52:16,183434765368.75
2019-09-18 19:48:04,182587136900
2019-09-19 13:06:46,177199383675
2019-09-20 05:36:23,183054300000
2019-09-20 22:45:49,181991072250
2019-09-21 14:59:22,179402004125
2019-09-22 07:42:45,178517971125
2019-09-22 21:53:42,180308506950
2019-09-23 19:28:00,176192704800
2019-09-24 14:54:06,170855735700
2019-09-25 06:50:57,152741969681.25
2019-09-25 21:50:51,153301256675
2019-09-26 13:26:27,150906325875
2019-09-27 05:04:07,143580920206.25
2019-09-28 01:48:35,147130091343.75
2019-09-28 17:23:58,145704035475
2019-09-29 12:36:26,144403513518.75
2019-09-30 07:25:22,139384167975
2019-10-01 03:14:08,151342392156.25
2019-10-01 20:20:53,149080703425
2019-10-02 13:19:15,147546538125
2019-10-03 07:19:05,148725720100
2019-10-04 01:07:55,145915175437.5
2019-10-04 20:19:23,147822228300
2019-10-05 10:27:20,145253954750
2019-10-06 04:04:30,144833336987.5
2019-10-06 21:41:00,141770170700
2019-10-07 13:47:41,146536107518.75
2019-10-08 06:00:09,148371991500
2019-10-08 23:00:00,147394150575
2019-10-09 17:25:53,154553282031.25
2019-10-10 12:24:01,153198088256.25
2019-10-11 01:31:07,153515235250
2019-10-11 18:02:15,149947479231.25
2019-10-12 13:34:37,150021588000
2019-10-13 06:29:17,149789883993.75
2019-10-14 02:01:01,149135461931.25
2019-10-14 22:06:42,149650539375
2019-10-15 13:57:40,149310789075
2019-10-16 09:55:05,146118892500
2019-10-17 01:45:05,143493298712.5
2019-10-17 19:55:16,144817889562.5
2019-10-18 11:01:44,142075007831.25
2019-10-19 04:28:37,143165684306.25
2019-10-19 22:44:43,142807386937.5
2019-10-20 18:08:44,146625637112.5
2019-10-21 11:19:53,148824267075
2019-10-22 02:04:10,147205804737.5
2019-10-22 17:58:42,147774958406.25
2019-10-23 07:58:20,143472922800
2019-10-23 23:53:07,134172730625
2019-10-24 18:00:19,134047611750
2019-10-25 14:03:40,138281482687.5
2019-10-26 07:56:45,169131333475
2019-10-27 04:27:45,164541030018.75
2019-10-28 01:32:01,177813353275
2019-10-28 21:04:17,170475296431.25
2019-10-29 16:14:32,168794153437.5
2019-10-30 11:44:10,163914240600
2019-10-31 04:28:53,163935417406.25
2019-11-01 02:30:27,163875491375
2019-11-01 22:24:24,166951931250
2019-11-02 15:30:47,167820547125
2019-11-03 11:43:32,165201260800
2019-11-04 08:02:56,165754488700
2019-11-05 03:18:06,170436526537.5
2019-11-05 20:11:26,169565757450
2019-11-06 16:47:36,167856224387.5
2019-11-07 10:29:13,165443113275
2019-11-08 06:34:27,165825106125
2019-11-09 02:43:56,158839207818.75
2019-11-09 20:41:11,158372981500
2019-11-10 13:11:52,159521198287.5
2019-11-11 03:38:57,162969873018.75
2019-11-11 20:54:30,157533286425
2019-11-12 12:39:01,157129969193.75
2019-11-13 10:52:58,158332562062.5
2019-11-14 03:54:14,157811942062.5
2019-11-14 19:11:45,155676117625
2019-11-15 10:01:59,155119229856.25
2019-11-16 04:10:54,152477375000
2019-11-16 21:34:00,152930931300
2019-11-17 15:10:24,153908080712.5
2019-11-18 05:15:51,153034836956.25
2019-11-19 02:50:16,147756059018.75
2019-11-19 19:50:19,146160059331.25
2019-11-20 12:48:30,145737492525
2019-11-21 09:13:26,142777616400
2019-11-22 04:07:42,137008754675
2019-11-22 23:04:52,131040444812.5
2019-11-23 13:29:59,129442593125
2019-11-24 05:52:18,129741303825
2019-11-25 02:12:30,121332095500
2019-11-25 22:41:08,130203258587.5
2019-11-26 20:25:09,127963330125
2019-11-27 15:24:38,130692359875
2019-11-28 07:53:23,135780215250
2019-11-29 00:14:53,134181874825
2019-11-29 20:18:54,139840182112.5
2019-11-30 14:16:54,137753957075
2019-12-01 11:38:57,132901460700
2019-12-02 04:53:03,132685315875
2019-12-02 22:00:51,132188904006.25
2019-12-03 15:58:53,132750151350
2019-12-04 08:23:24,128474563875
2019-12-04 23:14:58,130446138768.75
2019-12-05 16:28:34,132562683500
2019-12-06 10:13:03,133621492050
2019-12-07 03:30:31,136751488812.5
2019-12-07 20:54:00,135875429606.25
2019-12-08 13:59:16,136283463387.5
2019-12-09 07:09:56,135931706193.75
2019-12-10 00:23:44,132639783000
2019-12-10 18:31:15,130469220543.75
2019-12-11 14:25:13,131012687000
2019-12-12 06:15:05,129221717756.25
2019-12-13 02:16:32,130190480725
2019-12-13 19:42:23,131222825000
2019-12-14 11:14:49,129847792506.25
2019-12-15 07:15:53,127350296062.5
2019-12-16 03:43:11,128111009962.5
2019-12-16 19:32:56,124834492125
2019-12-17 13:08:57,124327681431.25
2019-12-18 08:31:49,120072490250
2019-12-19 02:25:48,129552501400
2019-12-19 18:49:26,129598380200
2019-12-20 12:31:42,129653320300
2019-12-21 03:32:21,129762517050
2019-12-21 18:12:10,129473210062.5
2019-12-22 08:43:38,129772622843.75
2019-12-23 00:17:09,137029064025
2019-12-23 17:33:23,134865054750
2019-12-24 15:29:52,131839937650
2019-12-25 10:30:40,130726156450
2019-12-26 05:51:08,130137762262.5
2019-12-26 20:12:14,132204697368.75
2019-12-27 14:42:39,130175545500
2019-12-28 09:01:16,132034063350
2019-12-29 01:26:20,132016613812.5
2019-12-29 17:48:11,133911797456.25
2019-12-30 10:40:53,132661600200
2019-12-31 02:12:24,131166526300
2019-12-31 19:49:10,129580472475
2020-01-01 13:18:26,130542188043.75
2020-01-02 02:07:51,129880784962.5
2020-01-02 19:58:33,126362656187.5
2020-01-03 12:02:12,132965557087.5
2020-01-04 04:46:54,132793961506.25
2020-01-04 20:17:05,132613359875
2020-01-05 11:13:39,134509977800
2020-01-06 03:09:50,136924073325
2020-01-06 23:09:14,140009809950
2020-01-07 14:17:41,142660576856.25
2020-01-08 04:35:30,150864947475
2020-01-08 23:07:14,146402235931.25
2020-01-09 16:48:30,142428935250
2020-01-10 09:09:57,139798301881.25
2020-01-11 01:58:58,149457353850
2020-01-11 17:43:11,148896592200
2020-01-12 09:48:17,147709256631.25
2020-01-13 03:06:20,147284459856.25
2020-01-13 20:27:13,147268070750
2020-01-14 15:24:07,157993413750
2020-01-15 07:33:03,156797310250
2020-01-16 00:37:39,158561571375
2020-01-16 18:09:43,157565136037.5
2020-01-17 07:21:49,161743100377.246
2020-01-18 01:54:02,161830299800
2020-01-18 21:12:58,161705952843.75
2020-01-19 14:11:33,156730322650
2020-01-20 09:21:41,157250968600
2020-01-21 10:43:49,156506844850
2020-01-22 11:48:42,156831427825
2020-01-23 03:28:36,155925067856.25
2020-01-23 19:27:12,151383052800
2020-01-24 12:17:15,152467063325
2020-01-25 05:43:56,150560257968.75
2020-01-25 20:57:28,151834959150
2020-01-26 15:15:15,153691807500
2020-01-27 07:57:35,157112676000
2020-01-28 05:44:27,163316454337.5
2020-01-28 22:11:49,164537902087.5
2020-01-29 15:14:33,169606363750
2020-01-30 06:38:31,169528004000
2020-01-30 23:48:09,172360198750
2020-01-31 17:45:37,168516085412.5
2020-02-01 09:41:54,170620753050
2020-02-02 04:59:31,169232276312.5
2020-02-02 21:53:21,171637543000
2020-02-03 16:04:02,168656631150
2020-02-04 09:25:52,167786371962.5
2020-02-05 04:30:45,167498511275
2020-02-05 20:31:24,176466087437.5
2020-02-06 14:43:36,177917221575
2020-02-07 09:09:09,177775678543.75
2020-02-08 04:32:11,177324492000
2020-02-08 23:20:04,180651342300
2020-02-09 16:58:21,183942140725
2020-02-10 10:27:58,179030017381.25
2020-02-11 06:51:46,177923301875
2020-02-12 00:24:25,188226575062.5
2020-02-12 20:53:42,189278589000
2020-02-13 14:33:50,187398106200
2020-02-14 06:44:30,185490147656.25
2020-02-15 02:11:20,186961198750
2020-02-15 20:17:03,180215587731.25
2020-02-16 14:41:39,181121625787.5
2020-02-17 08:21:12,177973419387.5
2020-02-18 00:48:29,176310185625
2020-02-18 18:17:28,183157481250
2020-02-19 12:09:46,186561080100
2020-02-20 08:26:44,174881949781.25
2020-02-21 02:46:46,176024958725
2020-02-21 18:34:54,177386893368.75
2020-02-22 12:44:48,176306028412.5
2020-02-23 07:25:14,180931826318.75
2020-02-24 00:53:56,182504106000
2020-02-24 19:30:01,175387476075
2020-02-25 12:12:47,175792549156.25
2020-02-26 07:29:12,167470779343.75
2020-02-27 02:45:48,158363373437.5
2020-02-27 19:32:59,161886323437.5
2020-02-28 12:23:46,155823591100
2020-02-29 05:02:11,159894169743.75
2020-02-29 22:57:07,157461099112.5
2020-03-01 13:42:04,156459985937.5
2020-03-02 05:15:40,157438567200
2020-03-02 22:41:12,163572670625
2020-03-03 15:40:47,159086012737.5
2020-03-04 07:23:07,160886421562.5
2020-03-04 23:32:02,159830533743.75
2020-03-05 13:27:59,166094283375
2020-03-06 05:26:01,165805351687.5
2020-03-06 23:58:19,167049834375
2020-03-07 15:36:27,166669636381.25
2020-03-08 08:51:45,159578900250
2020-03-09 01:28:27,147255494400
2020-03-09 17:31:32,141723706093.75
2020-03-10 12:21:14,147870630162.5
2020-03-11 07:07:12,142949946356.25
2020-03-12 05:26:48,139334668950
2020-03-12 22:51:21,106015798968.75
2020-03-13 19:50:52,94806521418.75
2020-03-14 13:38:27,98832984993.75
2020-03-15 13:10:31,96812072600
2020-03-16 09:33:11,88504972781.25
2020-03-17 09:53:24,95528837906.25
2020-03-18 05:12:25,99282332812.5
2020-03-19 06:32:58,98768705350
2020-03-20 08:37:03,119914787150
2020-03-21 04:29:18,113909638975
2020-03-22 01:56:58,114009378543.75
2020-03-22 21:31:02,109236891875
2020-03-23 21:50:54,117557852143
2020-03-24 17:22:06,122216940000
2020-03-25 20:19:04,121064780175
2020-03-26 12:01:36,120863326687.5
2020-03-27 05:46:35,121987796750
2020-03-27 21:17:26,122463205812.5
2020-03-28 15:57:09,114030613650
2020-03-29 10:31:19,111761618081.25
2020-03-30 03:21:47,109629341812.5
2020-03-30 21:14:31,118538245237.5
2020-03-31 13:46:09,117906512400
2020-04-01 06:16:23,115078952050
2020-04-01 23:28:09,119900207700
2020-04-02 15:07:06,124228121350
2020-04-03 09:57:31,127101537637.5
2020-04-04 06:15:29,123193810031.25
2020-04-04 20:54:07,124484257581.25
2020-04-05 12:55:38,124291981750
2020-04-06 04:32:46,126443079693.75
2020-04-06 23:12:24,133190093537.5
2020-04-07 15:14:15,133392083562.5
2020-04-08 07:14:23,134033677568.75
2020-04-09 01:07:03,134620333200
2020-04-09 18:07:20,133595393793.75
2020-04-10 09:46:33,126141431125
2020-04-11 01:19:50,126498669525
2020-04-11 18:51:17,124584458550
2020-04-12 09:42:32,125537114750
2020-04-13 03:23:04,122724809393.75
2020-04-13 18:33:24,124282111012.5
2020-04-14 08:14:19,125143245787.5
2020-04-15 01:24:23,125436421812.5
2020-04-15 17:17:14,123667896800
2020-04-16 08:03:27,126526916531.25
2020-04-17 00:28:20,129688785262.5
2020-04-17 21:42:13,129734998437.5
2020-04-18 14:40:18,132778404387.5
2020-04-19 06:31:23,131275594650
2020-04-19 23:01:49,131633529931.25
2020-04-20 15:39:11,129928718850
2020-04-21 09:21:27,125849233050
2020-04-22 01:20:17,125271574312.5
2020-04-22 20:53:10,130296707612.5
2020-04-23 14:57:43,138284702568.75
2020-04-24 08:58:45,138496556350
2020-04-25 03:24:27,137516170825
2020-04-25 23:06:24,138278358281.25
2020-04-26 18:14:44,139086616987.5
2020-04-27 12:03:39,141647139000
2020-04-28 06:02:52,141382319625
2020-04-28 21:41:40,141741289550
2020-04-29 15:52:55,153221787262.5
2020-04-30 13:31:34,161271874987.5
2020-05-01 07:11:05,160751666825
2020-05-02 00:07:17,162122068800
2020-05-02 18:22:59,162647893000
2020-05-03 09:17:35,166671273650
2020-05-04 02:05:16,159513743400
2020-05-04 17:58:25,161352340312.5
2020-05-05 10:22:48,162061884268.75
2020-05-06 02:52:40,164470223000
2020-05-06 18:38:05,169790318687.5
2020-05-07 14:10:15,174403611112.5
2020-05-08 07:32:01,180239189062.5
2020-05-09 02:26:44,180830957650
2020-05-09 21:55:46,177188295000
2020-05-10 13:25:30,160188410662.5
2020-05-11 03:04:24,160889194593.75
2020-05-11 20:30:55,158401903012.5
2020-05-12 13:14:20,161154834187.5
2020-05-13 10:21:53,164211231150
2020-05-14 09:36:28,179084230437.5
2020-05-15 05:56:10,174092011306.25
2020-05-16 02:32:14,172922130375
2020-05-16 22:19:08,172404619896.875
2020-05-17 23:52:38,177933996712.5
2020-05-18 19:12:29,177416750671.875
2020-05-19 19:15:41,178140188362.5
2020-05-20 17:03:13,174185403775
2020-05-21 13:35:44,171847983256.25
2020-05-22 10:23:44,168260342681.25
2020-05-23 09:14:28,168983430000
2020-05-24 06:18:08,170754481350
2020-05-25 03:56:51,160851239951.591
2020-05-26 01:39:09,163265515500
2020-05-26 22:10:17,162526803787.5
2020-05-27 17:56:17,169143105381.25
2020-05-28 13:25:07,172780845243.75
2020-05-29 07:37:07,175297153431.25
2020-05-30 03:15:17,172186630459.375
2020-05-30 20:41:40,174519202000
2020-05-31 13:07:39,176116323984.375
2020-06-01 09:11:29,175368691631.25
2020-06-02 02:34:50,186088358875
2020-06-02 22:33:56,175087225259.375
2020-06-03 18:33:22,175829317425
2020-06-04 10:11:57,175734544337.5
2020-06-05 02:16:45,180753431418.75
2020-06-05 16:59:28,178865301796.875
2020-06-06 07:54:13,176609177915.625
2020-06-06 21:02:21,178611800543.75
2020-06-07 10:24:59,177109724062.5
2020-06-08 05:15:17,179231915587.5
2020-06-08 20:57:16,178576144312.5
2020-06-09 12:29:04,179226668081.25
2020-06-10 03:09:49,179996777187.5
2020-06-10 18:48:47,183094610584.375
2020-06-11 12:10:04,180065064918.75
2020-06-12 00:34:07,171201902209.375
2020-06-12 17:12:07,173287612075
2020-06-13 06:26:28,172898240156.25
2020-06-14 00:11:52,174395297175
2020-06-14 15:43:27,172377190912.5
2020-06-15 08:46:04,168076685925
2020-06-16 01:46:49,173199636625
2020-06-16 18:49:35,174733794468.75
2020-06-17 15:16:16,173230806206.25
2020-06-18 08:39:32,173743318093.75
2020-06-19 06:23:50,171310489762.5
2020-06-20 00:23:25,171353531700
2020-06-20 18:16:53,170650973590.625
2020-06-21 13:31:33,171844715412.5
2020-06-22 06:36:55,173250333000
2020-06-23 01:18:13,177859618125
2020-06-23 16:45:31,177884490887.5
2020-06-24 11:20:08,172864119075
2020-06-25 03:55:09,166895062412.5
2020-06-25 23:36:27,170280210756.25
2020-06-26 16:35:46,168085821890.625
2020-06-27 08:04:43,168791790715.625
2020-06-28 01:46:36,164819921043.75
2020-06-28 20:14:28,167745053025
2020-06-29 14:41:05,166756572000
2020-06-30 05:28:32,168586075068.75
2020-07-01 00:36:32,167797536198.633
2020-07-01 17:03:34,171020664084.375
2020-07-02 07:22:30,169617690500
2020-07-02 23:48:11,167560656450
2020-07-03 16:44:17,167548374218.75
2020-07-04 07:39:15,167195213850
2020-07-05 00:05:57,168426437112.5
2020-07-05 16:46:24,166387482662.5
2020-07-06 09:57:51,169350687496.875
2020-07-07 00:51:00,172102331943.75
2020-07-07 16:56:47,170597699656.25
2020-07-08 09:58:31,170788158590.625
2020-07-09 03:12:58,172858342956.25
2020-07-09 17:57:40,169667344068.75
2020-07-10 10:11:38,169175982375
2020-07-11 03:13:38,170969775725
2020-07-11 19:26:40,169750378484.375
2020-07-12 14:25:49,169738107243.75
2020-07-13 04:15:57,171034466284.375
2020-07-13 21:34:22,170450844750
2020-07-14 16:44:14,169940969112.5
2020-07-15 08:49:38,169956351375
2020-07-16 04:14:44,169354191537.5
2020-07-17 00:17:57,168162074562.5
2020-07-17 22:09:00,168555319350
2020-07-18 18:08:34,169114517293.75
2020-07-19 14:06:06,168235800000
2020-07-20 07:12:21,169348150468.75
2020-07-21 02:42:02,169188349700
2020-07-21 23:45:31,172992880237.5
2020-07-22 17:34:28,172593486000
2020-07-23 12:37:38,175430307565.625
2020-07-24 07:00:22,174865004531.25
2020-07-24 23:00:27,176097704456.25
2020-07-25 15:31:54,177164574015.625
2020-07-26 08:54:15,179937483090.625
2020-07-27 01:26:12,185218848750
2020-07-27 17:38:45,199658194375
2020-07-28 12:59:43,201998706328.125
2020-07-29 05:16:48,202291935587.5
2020-07-29 22:52:59,208266609403.125
2020-07-30 17:43:03,203118265350
2020-07-31 12:01:18,207313215712.5
2020-08-01 05:22:33,211360884187.5
2020-08-01 23:58:59,217853319028.125
2020-08-02 18:22:45,207760101025
2020-08-03 12:59:04,207546229493.75
2020-08-04 02:58:07,208725382031.25
2020-08-04 21:51:56,206998503328.125
2020-08-05 16:20:25,216029131500
2020-08-06 10:22:03,216452150437.5
2020-08-07 02:11:27,218443824140.625
2020-08-07 19:38:03,212500256937.5
2020-08-08 13:44:18,217223179753.125
2020-08-09 06:51:58,215782290600
2020-08-09 22:37:50,215854706390.625
2020-08-10 19:10:27,219461620818.75
2020-08-11 11:26:23,217107005390.625
2020-08-12 04:04:50,210165349850
2020-08-12 21:24:09,212978716087.5
2020-08-13 13:26:50,211177395000
2020-08-14 06:18:26,216298529556.25
2020-08-14 22:00:28,217451014718.75
2020-08-15 14:17:18,218058966934.375
2020-08-16 06:44:56,220005402125
2020-08-16 22:44:47,219136456825
2020-08-17 18:12:28,228994721484.375
2020-08-18 15:03:48,220481758512.5
2020-08-19 11:47:06,218800276906.25
2020-08-20 04:15:14,216453836462.50003
2020-08-20 21:39:51,219416279550
2020-08-21 13:16:43,217180491971.875
2020-08-22 08:32:41,214372045900
2020-08-23 02:57:08,214546095887.5
2020-08-23 18:38:45,215652767653.125
2020-08-24 12:07:45,217840065778.12503
2020-08-25 06:02:01,215631517350
2020-08-26 01:27:10,208906727250
2020-08-26 18:21:54,211869753812.5
2020-08-27 17:05:31,208284630065.625
2020-08-28 10:27:32,211284794531.25
2020-08-29 00:42:06,212484066075
2020-08-29 18:19:12,212999802146.875
2020-08-30 15:27:13,214781112500.00003
2020-08-31 07:30:05,214890503231.25
2020-09-01 02:43:16,214667399859.375
2020-09-01 19:06:56,221714911493.75
2020-09-02 12:14:26,210811936687.50003
2020-09-03 07:40:54,209489124806.25
2020-09-04 04:06:56,189733389187.5
2020-09-04 21:26:13,195681543300
2020-09-05 16:45:22,187760546500
2020-09-06 10:08:25,188719178253.12503
2020-09-07 04:17:01,188402640937.5
2020-09-07 17:57:50,188150768375
2020-09-08 10:05:13,185154078593.75006
2020-09-09 01:55:40,186889006668.75
2020-09-09 17:42:02,189076927600
2020-09-10 13:32:54,191597737593.75
2020-09-11 06:14:52,189950259903.125
2020-09-11 23:25:20,191593179150
2020-09-12 15:12:11,191258163731.25
2020-09-13 04:38:07,194907170265.625
2020-09-13 21:13:04,190513975412.5
2020-09-14 12:26:35,193654767937.5
2020-09-15 04:09:49,198709544756.25
2020-09-15 20:19:44,200066533750
2020-09-16 12:49:14,201922880250
2020-09-17 04:45:54,201393921525
2020-09-17 19:05:33,201539898209.37503
2020-09-18 09:38:39,203202320150
2020-09-19 03:11:37,202821298968.75
2020-09-19 18:47:55,204224964124.99997
2020-09-20 14:00:32,200801504268.75
2020-09-21 06:33:39,202417898400
2020-09-22 01:32:02,192594350703.125
2020-09-22 20:40:36,193886864250
2020-09-23 17:34:20,193819882912.5
2020-09-24 09:20:42,190349179125
2020-09-25 04:25:04,197459860387.5
2020-09-25 19:24:00,197957377412.5
2020-09-26 13:42:47,197798028928.125
2020-09-27 06:28:04,199155898287.5
2020-09-27 22:23:37,198737621775
2020-09-28 17:32:56,201584941781.25
2020-09-29 12:38:26,198992597184.375
2020-09-30 06:24:24,198111603856.25
2020-09-30 23:15:49,198858945078.125
2020-10-01 20:02:02,196303161599.99997
2020-10-02 14:53:14,194524439365.625
2020-10-03 07:07:36,194772053918.75
2020-10-04 00:54:30,195149302206.25003
2020-10-04 17:27:41,196109509725
2020-10-05 10:32:21,197310463903.125
2020-10-06 05:27:34,198983490553.125
2020-10-07 02:14:38,195807043265.625
2020-10-07 17:41:19,196637838225
2020-10-08 09:27:25,195367666537.5
2020-10-09 03:35:15,201483723675
2020-10-09 22:50:56,204573348168.75
2020-10-10 15:53:52,210764236931.25
2020-10-11 09:59:00,210140719243.33038
2020-10-12 04:40:11,210677704518.75
2020-10-12 21:29:05,214351338675.00003
2020-10-13 14:17:36,209702391725
2020-10-14 04:37:03,211274619937.5
2020-10-14 22:35:24,211050855515.625
2020-10-15 16:41:47,212039929606.25
2020-10-16 10:03:12,208288375281.25
2020-10-17 01:13:20,209231122012.5
2020-10-17 18:43:59,210007327384.375
2020-10-18 12:51:18,211441000725
2020-10-19 10:43:45,212402555099.99997
2020-10-20 03:50:09,217503772606.25
2020-10-21 00:52:36,221577424921.87503
2020-10-21 19:45:15,236728253250
2020-10-22 14:55:31,238561575471.875
2020-10-23 11:37:26,240904379871.875
2020-10-24 05:07:45,240551913218.75
2020-10-24 22:44:22,242570672006.25
2020-10-25 20:12:03,241810569975
2020-10-26 19:24:16,240077725250
2020-10-27 22:04:59,253802265407.05917
2020-10-28 21:43:19,243059650575
2020-10-29 22:31:56,249590765437.50003
2020-10-30 20:52:41,253092687925
2020-10-31 21:25:14,256576331812.5
2020-11-01 17:48:08,255872132906.25
2020-11-02 16:29:08,250419934613.67502
2020-11-03 14:06:53,253852086296.87497
2020-11-04 06:25:29,256326188700
2020-11-04 23:27:07,262053198056.25003
2020-11-05 18:35:44,277094792812.50006
2020-11-06 11:28:05,288735777656.25
2020-11-07 03:07:35,289311643899.99994
2020-11-07 21:04:45,275512179718.74994
2020-11-08 15:09:00,284605469850.00006
2020-11-09 09:30:26,286182497656.25006
2020-11-09 22:41:23,285497616250
2020-11-10 15:22:17,282430362150
2020-11-11 09:40:35,286723323093.75
2020-11-12 02:15:29,289783628968.75
2020-11-12 19:34:49,297989516356.25
2020-11-13 12:26:39,300883569468.75
2020-11-14 06:30:17,300106553518.75006
2020-11-15 00:34:26,298226039781.25
2020-11-15 18:40:15,295566432853.12494
2020-11-16 09:44:48,300686197900.00006
2020-11-17 01:07:28,311917079856.25
2020-11-17 19:02:04,327519047611.6072
2020-11-18 10:41:23,336866550068.75
2020-11-19 03:35:40,332965393200
2020-11-19 22:06:48,332912479878.125
2020-11-20 12:51:21,339138356062.5
2020-11-21 03:37:02,348833444990.625
2020-11-21 19:53:32,347046650556.25
2020-11-22 09:30:18,339342109593.75
2020-11-23 01:25:23,338705038234.375
2020-11-23 18:06:45,340952791050
2020-11-24 13:12:23,355955819487.5
2020-11-25 07:48:57,350829313312.5
2020-11-25 23:49:31,349162800778.125
2020-11-26 16:59:28,313902626484.375
2020-11-27 10:25:37,311473986862.5
2020-11-28 02:32:21,316680962500
2020-11-28 19:24:57,329023447896.875
2020-11-29 11:21:20,338555575600
2020-11-30 07:55:32,345434335378.125
2020-12-01 03:46:47,363513908812.5
2020-12-01 21:10:15,353374903000
2020-12-02 16:52:40,351216202093.75
2020-12-03 11:06:54,359766893850
2020-12-04 03:45:47,357793763025
2020-12-04 20:55:24,351764629268.75
2020-12-05 14:55:21,353429524518.75
2020-12-06 10:10:19,353850657071.875
2020-12-07 03:42:38,357381339300
2020-12-07 20:46:11,353152118046.875
2020-12-08 14:40:16,351392057550
2020-12-09 10:18:57,333766712168.75
2020-12-10 05:37:37,340852871262.5
2020-12-10 23:55:33,339546844137.5
2020-12-11 18:30:02,333570786740.625
2020-12-12 14:16:26,342031810621.875
2020-12-13 09:34:40,356807140378.125
2020-12-14 00:38:29,354517385990.625
2020-12-14 18:41:47,356628678587.5
2020-12-15 13:27:03,358545119537.5
2020-12-16 06:10:54,359997509665.625
2020-12-17 01:39:39,404511606353.125
2020-12-17 21:24:02,422644970156.25
2020-12-18 14:30:49,419075330775
2020-12-19 06:57:14,426186234000
2020-12-19 22:31:23,444275764306.25
2020-12-20 14:27:22,437650695800.00006
2020-12-21 10:05:27,436236016921.87506
2020-12-22 03:32:04,424287943375
2020-12-22 22:08:08,435496713918.75
2020-12-23 14:43:58,438800888575
2020-12-24 08:06:56,430530111824.99994
2020-12-25 04:29:13,437383204500
2020-12-25 23:28:03,458397254710.8039
2020-12-26 18:07:49,479716232934.37494
2020-12-27 11:34:25,524702996468.74994
2020-12-28 04:34:41,501214250221.875
2020-12-28 20:04:10,501538919700
2020-12-29 14:35:55,497877415500
2020-12-30 05:41:47,518998733653.12494
2020-12-30 20:28:01,534165184900
2020-12-31 12:07:59,538184915141.24896
2021-01-01 04:15:22,545428796048.65186
2021-01-01 21:42:48,544827188993.75
2021-01-02 15:11:02,584078159981.25
2021-01-03 08:04:17,641513930035.5347
2021-01-04 00:01:57,614626089062.5
2021-01-04 15:01:49,596448507271.8749
2021-01-05 06:25:55,559103249933.2615
2021-01-05 23:15:41,636306066250
2021-01-06 13:44:34,645532251000
2021-01-07 04:33:21,695283183684.375
2021-01-07 20:01:30,727029320681.25
2021-01-08 13:59:07,773169906640.625
2021-01-09 06:14:43,731246942400.0001
2021-01-10 00:45:21,759083966085.0215
2021-01-10 17:42:38,710481192750
2021-01-11 09:10:17,659094731109.375
2021-01-12 02:21:22,628115753481.25
2021-01-12 20:24:39,638766751771.8159
2021-01-13 13:13:46,637814137640.625
2021-01-14 05:04:56,698398345150
2021-01-14 23:58:35,724687945790.625
2021-01-15 17:11:11,672156168750
2021-01-16 09:26:05,694485831909.6647
2021-01-17 05:26:36,667321768500
2021-01-17 23:14:14,673773187587.5
2021-01-18 16:41:44,674402262909.375
2021-01-19 10:05:04,691086935925
2021-01-20 04:25:43,650571088012.5
2021-01-20 21:32:38,645263865728.125
2021-01-21 18:38:33,590713827187.4999
2021-01-22 12:05:43,590297786925
2021-01-23 07:08:51,611718159225
2021-01-23 23:06:59,596778804187.4999
2021-01-24 18:07:21,593487994925
2021-01-25 12:57:32,633474456759.375
2021-01-26 04:52:16,594107779950
2021-01-26 21:22:06,597256030575
2021-01-27 15:22:43,553902239996.875
2021-01-28 10:21:46,584465521493.75
2021-01-29 03:19:17,633793448543.75
2021-01-29 19:09:51,655715598168.75
2021-01-30 12:34:47,623703300550
2021-01-31 08:51:22,626199975278.6093
2021-02-01 02:09:14,622426377937.5
2021-02-02 00:08:23,624599173968.75
2021-02-02 17:05:13,651961198518.75
2021-02-03 08:52:29,672483288750
2021-02-04 02:33:28,704196471400
2021-02-04 19:51:21,694493144690.625
2021-02-05 11:33:25,703083305981.25
2021-02-06 02:34:45,726645374243.75
2021-02-06 19:36:19,751633937325
2021-02-07 11:33:19,729370321937.5
2021-02-08 03:13:45,713790666081.25
2021-02-08 19:21:06,800983391109.375
2021-02-09 13:29:44,847842674825
2021-02-10 06:24:34,867913641250
2021-02-11 01:35:59,827835230053.125
2021-02-11 21:38:28,876125472734.375
2021-02-12 15:50:10,878244011915.625
2021-02-13 10:25:01,879719466656.25
2021-02-14 01:26:40,886848370100
2021-02-14 18:26:48,909169574628.125
2021-02-15 12:35:28,889213084284.375
2021-02-16 07:46:06,913734336900
2021-02-17 03:54:30,921079732771.8751
2021-02-17 22:47:58,971156970193.75
2021-02-18 16:55:21,965341979021.8749
2021-02-19 10:01:57,983003291568.75
2021-02-20 03:24:08,1045749637762.5001
2021-02-20 21:20:06,1054787475875
2021-02-21 14:38:23,1068820456600
2021-02-22 08:52:34,1041865264515.625
2021-02-23 06:02:37,931259607468.75
2021-02-24 01:57:49,927127998787.4999
2021-02-24 17:10:54,919753156856.2501
2021-02-25 09:35:59,913281425353.125
2021-02-26 04:47:31,877481545725
2021-02-26 22:06:10,851827720625
2021-02-27 12:50:02,887078987637.5
2021-02-28 08:58:35,838364875959.375
2021-03-01 04:12:26,864688876562.5
2021-03-01 23:51:14,926695994321.875
2021-03-02 18:30:22,891792442950
2021-03-03 10:41:57,959678344843.75
2021-03-04 04:41:48,926414448806.25
2021-03-05 01:04:15,872246881350
2021-03-05 16:59:43,884181920336.4437
2021-03-06 10:26:25,901006050262.5
2021-03-07 04:53:09,922622187853.125
2021-03-07 22:25:22,935727244200
2021-03-08 13:57:33,950045375603.125
2021-03-09 07:26:32,1004366502468.75
2021-03-10 03:15:16,1005605418606.25
2021-03-10 19:29:42,1069695847762.4999
2021-03-11 14:40:33,1063747251309.375
2021-03-12 07:23:32,1058339122281.25
2021-03-13 01:11:57,1058703483750
2021-03-13 20:42:00,1144022729400.0002
2021-03-14 11:42:56,1113420502678.197
2021-03-15 05:14:55,1116030058262.5
2021-03-15 22:21:53,1055861196271.875
2021-03-16 15:38:13,1035936419360.5938
2021-03-17 09:06:26,1041198774850
2021-03-18 04:22:34,1099968235078.125
2021-03-18 21:55:30,1076555373196.875