Timestamp,nvt
2018-03-20 17:40:22,15.368616829881
2018-03-21 09:47:07,15.2107343238399
2018-03-22 04:23:33,17.7822918967606
2018-03-22 22:18:29,14.9487835978501
2018-03-23 18:31:01,17.2260831770186
2018-03-24 10:32:49,18.3241998561106
2018-03-25 04:21:40,21.8476276620801
2018-03-25 23:08:35,19.1320704667826
2018-03-26 17:10:01,13.0245027932291
2018-03-27 10:35:35,9.32606482383661
2018-03-28 02:53:41,16.4557952446427
2018-03-28 22:48:04,14.365009872139
2018-03-29 15:54:26,15.4252698657595
2018-03-30 07:22:35,15.3931565902558
2018-03-31 00:33:58,13.3228470534993
2018-03-31 20:59:35,19.0201855978631
2018-04-01 12:53:06,18.7337209284752
2018-04-02 05:57:50,15.4673186600179
2018-04-02 21:07:13,11.5395368757083
2018-04-03 13:40:22,13.2321580596325
2018-04-04 07:43:16,14.3076095414701
2018-04-05 00:00:46,11.4312256092725
2018-04-05 17:09:20,14.9497539371997
2018-04-06 10:36:00,14.2285282880925
2018-04-07 02:43:57,14.2147530047129
2018-04-07 17:23:17,21.8619698492631
2018-04-08 09:56:32,22.214633040722
2018-04-09 02:28:12,20.9840632198709
2018-04-09 18:46:32,13.8339384947904
2018-04-10 12:18:34,19.0744549542617
2018-04-11 03:33:24,17.3973695697627
2018-04-11 20:06:46,16.0857328631203
2018-04-12 12:17:30,18.5587075655138
2018-04-13 04:35:07,8.10072655572392
2018-04-13 21:30:32,13.3163435392043
2018-04-14 11:47:36,15.9574000402638
2018-04-15 06:31:27,27.8154008061013
2018-04-15 23:50:19,23.3179243110629
2018-04-16 17:31:20,12.4960168110204
2018-04-17 10:28:05,14.002734853735
2018-04-18 02:30:59,13.294758534229
2018-04-18 18:19:34,16.2036563201911
2018-04-19 09:26:04,13.7235936120496
2018-04-19 23:54:49,13.0409767545205
2018-04-20 16:38:55,13.2731514918777
2018-04-21 11:34:57,12.0770175041302
2018-04-22 04:34:44,20.8675410347832
2018-04-22 20:04:38,23.6388881813289
2018-04-23 12:34:39,18.5207878037316
2018-04-24 06:27:29,14.8334307063447
2018-04-24 22:25:24,10.1479110616363
2018-04-25 18:50:52,8.00947147833118
2018-04-26 11:55:54,10.5436874547121
2018-04-27 08:24:34,17.132022615853
2018-04-28 03:38:43,9.91997735550474
2018-04-28 22:26:50,9.07856473184237
2018-04-29 13:50:21,8.80312583521301
2018-04-30 07:55:00,12.4817142658902
2018-05-01 00:04:33,13.888305387336
2018-05-01 16:06:53,14.3603255572712
2018-05-02 09:09:24,17.8683443205903
2018-05-03 04:25:13,15.2639578329727
2018-05-03 20:20:09,13.4851908858082
2018-05-04 13:38:50,11.9487443318107
2018-05-05 09:41:39,13.2318525423761
2018-05-06 01:03:12,15.8386703508188
2018-05-06 20:17:58,15.9982444246331
2018-05-07 14:08:18,12.8960519417897
2018-05-08 07:52:54,12.60555651041
2018-05-09 01:35:12,15.4172420706739
2018-05-09 18:15:03,16.9273407557744
2018-05-10 10:22:54,16.3749885222948
2018-05-11 04:36:34,13.2304485924476
2018-05-12 00:29:41,12.6414250566963
2018-05-12 16:31:46,14.561370033445
2018-05-13 08:07:39,20.0168430295405
2018-05-14 02:33:54,19.4383685205866
2018-05-14 22:16:03,13.7220229233277
2018-05-15 15:25:24,14.0953649209232
2018-05-16 07:01:43,14.9474844096059
2018-05-16 21:48:50,14.9369732801992
2018-05-17 15:29:10,14.9533852563672
2018-05-18 12:11:46,14.8650245101173
2018-05-19 06:39:08,18.0295693664882
2018-05-19 22:22:17,22.3978519354543
2018-05-20 15:04:46,23.5595829155958
2018-05-21 09:19:22,21.1391109853871
2018-05-22 00:51:08,20.3625308691923
2018-05-22 17:36:06,19.7448005824184
2018-05-23 10:41:48,16.6343005143543
2018-05-24 02:27:51,15.2471843703132
2018-05-24 20:49:49,14.3103082900151
2018-05-25 11:32:57,14.551419581802
2018-05-26 02:41:09,18.5087051643203
2018-05-26 20:04:39,28.6212877974401
2018-05-27 10:59:25,25.8255317001664
2018-05-28 02:02:53,20.0509202780421
2018-05-28 19:10:14,12.9310228717557
2018-05-29 11:27:31,14.7988964402881
2018-05-30 07:02:50,12.7238487916024
2018-05-30 20:50:55,12.5432874513874
2018-05-31 12:25:46,13.5226615412384
2018-06-01 03:44:01,12.1000957803296
2018-06-01 19:15:31,13.3202659567832
2018-06-02 10:11:43,17.2277730140583
2018-06-03 03:10:29,18.6395546285775
2018-06-03 19:07:58,17.7976190494361
2018-06-04 11:23:05,13.0433800883266
2018-06-05 00:13:33,11.2073652997784
2018-06-05 13:28:09,12.4842959439983
2018-06-06 06:26:57,15.4031645321197
2018-06-07 00:27:01,15.0635590867178
2018-06-07 18:36:45,14.6976970769717
2018-06-08 12:31:04,11.4435760873383
2018-06-09 06:12:58,14.0506015676308
2018-06-10 00:29:53,18.1259863279626
2018-06-10 20:43:14,11.9931726711637
2018-06-11 16:07:40,10.3167200273719
2018-06-12 08:50:34,10.1980948861491
2018-06-13 03:13:37,12.0996390081234
2018-06-13 21:41:07,10.093716995232
2018-06-14 13:00:21,7.81587367733862
2018-06-15 08:36:08,10.154631019066
2018-06-16 00:51:44,9.55058749266394
2018-06-16 16:39:17,15.9611192044812
2018-06-17 06:40:50,21.6989093021522
2018-06-18 00:35:08,24.7496123250881
2018-06-18 16:11:48,19.9470975626125
2018-06-19 08:31:31,15.914048309559
2018-06-20 01:27:04,11.8916486817042
2018-06-20 18:14:20,11.0084025471509
2018-06-21 09:09:43,19.163873469203
2018-06-22 00:42:35,18.5661470666273
2018-06-22 17:36:24,11.7017503604122
2018-06-23 12:09:05,7.75751735243987
2018-06-24 02:46:32,12.7989699094558
2018-06-24 16:42:06,17.8860095215933
2018-06-25 09:57:56,16.0510317139971
2018-06-26 02:56:52,13.3267722949154
2018-06-26 20:31:49,18.5115742753434
2018-06-27 15:55:14,18.1125051523538
2018-06-28 10:32:30,17.1267780526604
2018-06-29 04:22:11,16.4483410630029
2018-06-29 21:21:44,15.6147427201442
2018-06-30 15:19:20,20.0640338966118
2018-07-01 07:56:37,25.0948621987141
2018-07-02 01:35:23,19.7005123559053
2018-07-02 19:43:12,17.6875501376269
2018-07-03 18:05:40,15.4541489088859
2018-07-04 13:39:06,17.3740962642678
2018-07-05 10:28:47,18.861530549395
2018-07-06 03:52:45,16.2843537635303
2018-07-06 19:06:08,17.1060279690857
2018-07-07 12:22:17,23.6300384787255
2018-07-08 06:19:21,30.030841433324
2018-07-08 21:33:36,23.1974924755836
2018-07-09 15:56:53,16.8822273489784
2018-07-10 09:07:07,16.0407345539679
2018-07-11 04:18:22,14.8341311863018
2018-07-11 22:37:05,19.7612655932944
2018-07-12 17:13:14,20.0989022167811
2018-07-13 10:12:05,21.3553968961829
2018-07-14 06:44:23,19.876514954372
2018-07-15 02:14:34,23.7169773929366
2018-07-15 21:22:23,22.7099145578098
2018-07-16 17:06:51,15.1099410653866
2018-07-17 11:40:19,14.0261455747203
2018-07-18 04:03:30,17.2240247760098
2018-07-18 19:25:09,14.4211535905321
2018-07-19 10:26:00,16.192867254459
2018-07-20 01:30:59,17.5233657834519
2018-07-20 16:02:27,17.7971241418265
2018-07-21 09:56:58,20.8742748453652
2018-07-22 05:18:12,28.904462662455
2018-07-22 19:58:21,30.8416880128872
2018-07-23 10:32:09,21.8732503413048
2018-07-24 02:05:31,16.9457019717244
2018-07-24 16:48:43,14.506315291487
2018-07-25 09:59:28,15.7524935973201
2018-07-26 00:02:26,17.0827682812448
2018-07-26 15:50:01,18.5152915080671
2018-07-27 09:21:13,19.6772375142607
2018-07-27 22:59:49,17.9147155417406
2018-07-28 17:44:06,23.153532967222
2018-07-29 06:39:06,26.5001758981638
2018-07-30 00:33:02,26.0723361883873
2018-07-30 20:40:06,19.9156578213548
2018-07-31 13:38:05,18.2661638697983
2018-08-01 06:08:22,19.0664798801271
2018-08-01 23:47:23,18.7636266744626
2018-08-02 16:55:28,17.6042755653505
2018-08-03 08:42:36,17.7538813360334
2018-08-04 00:18:25,17.3111757995341
2018-08-04 14:40:33,16.3229300127491
2018-08-05 05:57:09,16.6564652607754
2018-08-05 21:32:35,17.7890234814202
2018-08-06 17:10:08,13.6972197838277
2018-08-07 12:42:30,14.3715661575679
2018-08-08 04:39:55,13.5288993853309
2018-08-08 20:00:23,12.3012602833095
2018-08-09 14:47:31,15.445426330232
2018-08-10 07:04:19,15.9294016987384
2018-08-10 20:36:42,17.3082958711827
2018-08-11 11:28:30,18.7369069133586
2018-08-12 02:36:33,21.6773130200837
2018-08-12 19:09:10,27.1369740845327
2018-08-13 13:38:45,23.8864408454257
2018-08-14 05:52:44,15.9371539430674
2018-08-15 01:14:36,14.755410266505
2018-08-15 17:18:08,15.3131665866782
2018-08-16 08:26:53,17.0725127303365
2018-08-17 02:23:23,19.2658795086848
2018-08-17 18:46:36,19.4868195040375
2018-08-18 11:12:17,23.1492090854632
2018-08-19 03:33:47,27.0753230929139
2018-08-19 20:38:46,30.1804558249435
2018-08-20 15:07:08,22.9858596942257
2018-08-21 07:43:35,18.7985396474751
2018-08-22 01:25:45,16.4572819262603
2018-08-22 18:13:28,17.6931792312036
2018-08-23 10:44:42,21.1365616586308
2018-08-24 04:41:26,20.0090003703249
2018-08-24 21:55:50,21.9883741528618
2018-08-25 16:06:13,23.5687254197484
2018-08-26 08:25:38,31.5018063224038
2018-08-27 00:01:06,33.5502847927794
2018-08-27 15:12:31,21.3214641258854
2018-08-28 04:10:13,15.7123888955612
2018-08-28 21:44:32,9.11260976984666
2018-08-29 15:37:31,14.6981790659137
2018-08-30 08:37:53,20.2997629223304
2018-08-31 03:09:55,19.082239493798
2018-08-31 19:09:15,11.3574934311229
2018-09-01 12:03:31,16.3963304824675
2018-09-02 04:35:31,19.3362569090461
2018-09-02 23:22:59,21.0867901946899
2018-09-03 16:40:02,19.7892161360311
2018-09-04 12:00:20,18.5764889904478
2018-09-05 09:12:46,18.3710398399341
2018-09-06 01:48:37,15.1326628179872
2018-09-06 20:27:09,13.5816507053433
2018-09-07 12:40:46,14.1480409500764
2018-09-08 05:22:36,18.3616196003143
2018-09-08 23:24:56,23.0713765413116
2018-09-09 16:06:03,23.8653162451552
2018-09-10 08:26:28,21.8828324958302
2018-09-11 01:54:28,19.6696984937533
2018-09-11 22:58:48,18.9645629980798
2018-09-12 13:45:00,20.0620222728395
2018-09-13 05:48:34,19.3399057951676
2018-09-13 23:21:34,15.5641186449197
2018-09-14 20:23:55,21.9605992052022
2018-09-15 14:39:39,24.0210327470293
2018-09-16 08:44:53,23.8439251150002
2018-09-17 03:15:08,24.23593992563
2018-09-17 21:56:29,15.9510565204066
2018-09-18 15:34:01,15.5905553809305
2018-09-19 08:48:31,17.8569836003699
2018-09-20 02:27:20,18.2856112561034
2018-09-20 18:26:13,19.2966581388714
2018-09-21 14:06:26,16.365146063184
2018-09-22 05:44:21,14.9439647210916
2018-09-22 22:21:23,22.7302756072717
2018-09-23 16:44:02,31.9720630345143
2018-09-24 10:08:16,25.3144735085598
2018-09-25 01:54:03,21.1504142242298
2018-09-25 18:10:50,14.0390904976378
2018-09-26 09:22:16,13.5112779604749
2018-09-27 05:22:12,15.5236849828045
2018-09-27 23:28:07,19.286451312201
2018-09-28 16:30:01,17.9356773286163
2018-09-29 09:28:40,17.5726422325393
2018-09-30 02:39:12,24.0275220789444
2018-09-30 18:14:52,27.5943761965995
2018-10-01 09:44:05,25.0716299324868
2018-10-02 01:44:17,20.3763383080699
2018-10-02 21:47:54,14.1751338528818
2018-10-03 14:38:14,14.7631748377868
2018-10-04 09:19:37,21.2474087968861
2018-10-05 02:37:31,20.5828293745779
2018-10-05 22:06:40,23.4585221918248
2018-10-06 18:56:55,26.5353804244047
2018-10-07 11:46:23,30.8512100605643
2018-10-08 08:14:28,31.4804412423403
2018-10-09 05:18:53,20.5995647224423
2018-10-09 23:16:56,23.1017782709834
2018-10-10 17:07:14,18.215033063934
2018-10-11 11:10:07,15.5316002282354
2018-10-12 02:53:49,16.4191697920269
2018-10-12 22:11:17,15.3235810387529
2018-10-13 16:51:49,20.54663996763
2018-10-14 14:37:11,26.5917946492831
2018-10-15 08:08:09,20.0733707115398
2018-10-16 01:03:11,13.4188258754639
2018-10-16 20:13:20,20.9465037557226
2018-10-17 14:39:54,19.0111616618652
2018-10-18 09:05:25,20.0035449378047
2018-10-19 05:15:11,16.8275970013807
2018-10-19 22:27:19,17.7004823700758
2018-10-20 16:51:20,22.7351359271898
2018-10-21 11:43:27,31.577217355377
2018-10-22 04:58:54,29.8436083119336
2018-10-22 21:58:36,20.1565588009033
2018-10-23 12:39:45,17.8813254874677
2018-10-24 11:20:59,16.2368584593903
2018-10-25 08:40:43,16.6752128092616
2018-10-26 01:57:36,17.5576625694324
2018-10-26 21:01:34,20.8000686167516
2018-10-27 12:39:41,27.2873733464819
2018-10-28 11:24:42,34.5648277780321
2018-10-29 02:33:53,32.2365927510555
2018-10-29 21:14:18,21.3575712142934
2018-10-30 16:18:46,19.793571852411
2018-10-31 07:19:47,20.1956203197505
2018-10-31 22:39:17,18.5635395326306
2018-11-01 14:22:08,20.4787149669999
2018-11-02 07:42:29,17.6244695881848
2018-11-03 02:03:37,13.6210787466557
2018-11-03 19:06:27,23.7884440694978
2018-11-04 14:21:08,36.5431805533706
2018-11-05 09:42:20,23.9050688794358
2018-11-06 03:03:46,19.4886250006164
2018-11-06 23:18:08,19.6699853594186
2018-11-07 17:59:55,19.0486207101702
2018-11-08 15:10:02,21.8891926594215
2018-11-09 12:23:39,20.8378351528129
2018-11-10 09:24:03,22.4599116493077
2018-11-11 03:57:30,29.3043256838585
2018-11-11 21:11:23,32.0503593140036
2018-11-12 16:22:06,22.8722742849893
2018-11-13 13:33:55,20.2102005844378
2018-11-14 07:11:03,18.3785644160388
2018-11-15 04:03:08,13.2466322048511
2018-11-16 00:48:38,9.31949327170607
2018-11-16 21:05:23,14.3924783991639
2018-11-17 16:06:35,20.2377112876403
2018-11-18 09:39:23,27.4484867279938
2018-11-19 06:06:11,26.8313622083337
2018-11-20 03:48:18,14.1332027314549
2018-11-20 22:39:19,8.03722400186637
2018-11-21 22:52:00,12.548786451474
2018-11-22 19:40:18,16.6042815118775
2018-11-23 17:25:45,15.3049668929426
2018-11-24 11:38:22,17.5692343594909
2018-11-25 07:10:22,16.7077793818913
2018-11-26 06:24:42,16.4280963100563
2018-11-27 02:56:56,12.8714829324609
2018-11-27 22:13:03,14.110036692551
2018-11-28 18:21:54,14.0898520661246
2018-11-29 19:57:52,14.1129618376424
2018-11-30 22:28:07,10.0888760382848
2018-12-01 19:00:14,10.917729705845
2018-12-02 16:28:16,16.6472863703395
2018-12-03 14:04:37,15.553049981986
2018-12-04 12:28:05,10.2329851821258
2018-12-05 05:34:10,8.00821700164229
2018-12-06 02:28:15,9.12463076847272
2018-12-06 21:22:29,9.48874180363866
2018-12-07 19:34:46,11.6536447215339
2018-12-08 16:18:37,14.435794025188
2018-12-09 14:25:02,24.6935144320102
2018-12-10 09:01:12,18.7563384161976
2018-12-11 05:46:04,15.5793620109904
2018-12-12 02:00:27,13.9562688314774
2018-12-12 23:41:33,15.350059470917
2018-12-13 20:33:58,15.0374997891366
2018-12-14 13:49:11,14.1251938081188
2018-12-15 07:04:44,15.6699194883395
2018-12-16 00:55:01,21.8074378686871
2018-12-16 23:23:41,20.7750708727353
2018-12-17 16:32:19,16.8147770491549
2018-12-18 09:03:45,13.2382237721917
2018-12-19 05:00:28,12.8640234994125
2018-12-19 22:25:19,11.5836555565638
2018-12-20 15:35:51,12.9357632185739
2018-12-21 12:07:43,12.8485830011379
2018-12-22 04:30:04,14.7621987750209
2018-12-22 20:52:16,21.0521315112319
2018-12-23 10:59:57,21.7002325406294
2018-12-24 01:05:29,23.9378009457987
2018-12-24 17:45:43,16.3467890448952
2018-12-25 09:53:06,14.1645610312378
2018-12-26 04:02:32,16.5879352111413
2018-12-26 19:34:46,15.8063482764765
2018-12-27 11:02:35,14.2935217921252
2018-12-28 02:11:56,13.0500616378232
2018-12-28 18:22:53,14.5290135252169
2018-12-29 10:24:06,14.182215111968
2018-12-30 05:09:47,17.417922828388
2018-12-30 19:00:34,21.988117221878
2018-12-31 10:56:47,22.7459296142551
2019-01-01 04:02:28,20.8350891992743
2019-01-01 21:02:07,29.7348859931418
2019-01-02 14:35:32,21.8525845024027
2019-01-03 09:17:04,16.9464425607711
2019-01-04 00:20:27,18.3608462787747
2019-01-04 18:36:32,17.8347488075538
2019-01-05 08:55:08,18.7827247699693
2019-01-06 02:51:38,21.7675276344253
2019-01-06 20:50:53,26.4420939441123
2019-01-07 15:11:29,20.037223736286
2019-01-08 07:16:36,18.4428851319199
2019-01-08 23:54:30,19.0494327404201
2019-01-09 17:08:20,18.7102713653363
2019-01-10 07:49:44,15.9745747080276
2019-01-11 00:13:32,12.9129628145803
2019-01-11 18:08:13,14.1645903279876
2019-01-12 11:28:18,17.9526803975467
2019-01-13 07:21:18,22.8645094265192
2019-01-14 02:02:21,22.9573637507576
2019-01-14 18:39:11,19.3625143487884
2019-01-15 13:19:14,14.9833284989723
2019-01-16 08:21:56,13.1890941299792
2019-01-17 04:59:14,17.880697591266
2019-01-18 01:46:57,20.7542863771898
2019-01-18 21:11:26,19.6066826686318
2019-01-19 16:51:45,25.6046902381702
2019-01-20 08:37:21,29.0545980159305
2019-01-21 01:30:34,24.5613767475124
2019-01-21 18:44:01,11.8486577247577
2019-01-22 14:47:45,14.0341476432131
2019-01-23 07:24:57,16.6992553096425
2019-01-24 03:38:52,14.5402613617591
2019-01-24 20:11:53,12.0173834647457
2019-01-25 11:24:03,10.0146808010025
2019-01-26 07:17:51,10.9196612130101
2019-01-26 23:58:02,18.0101917688202
2019-01-27 19:20:29,25.9792940860096
2019-01-28 13:27:32,13.3875262316256
2019-01-29 08:01:13,9.0103918669485
2019-01-30 00:11:23,11.0827907156019
2019-01-30 18:21:04,8.62449140907466
2019-01-31 13:26:03,9.10222217528536
2019-02-01 07:06:50,7.69887755189551
2019-02-01 22:05:32,6.60334746409797
2019-02-02 15:36:21,7.1340599755311
2019-02-03 09:18:39,19.3220181615946
2019-02-04 03:43:54,18.4459984138579
2019-02-04 21:41:25,8.71901208788845
2019-02-05 14:54:57,9.48572755896235
2019-02-06 08:03:50,4.73654818966884
2019-02-06 23:14:33,4.74557476655973
2019-02-07 14:22:05,6.21387328336316
2019-02-08 05:00:02,7.07390229479512
2019-02-08 21:30:01,6.53644415080727
2019-02-09 13:09:06,6.57747344692346
2019-02-10 08:55:24,18.35233659652
2019-02-11 02:25:23,22.5958663113848
2019-02-11 19:58:35,8.77749984450883
2019-02-12 15:31:49,6.39696848270102
2019-02-13 12:14:42,4.71053920916023
2019-02-14 02:56:59,4.69366644595623
2019-02-14 21:11:04,6.03328318863428
2019-02-15 18:47:53,6.99273888910777
2019-02-16 14:17:43,17.0807119035373
2019-02-17 04:28:07,24.8139181712974
2019-02-17 20:37:24,27.4505426315891
2019-02-18 12:55:28,17.5929697040416
2019-02-19 05:04:52,11.4286239389482
2019-02-19 23:25:56,9.78578713879046
2019-02-20 18:24:32,12.1989544326114
2019-02-21 15:07:22,14.6381186764412
2019-02-22 09:08:54,13.6252688883711
2019-02-23 01:28:14,13.6832110848957
2019-02-23 18:37:16,18.6449471821571
2019-02-24 13:48:51,18.6341706362842
2019-02-25 08:11:43,13.2940854719644
2019-02-26 02:47:34,9.96573477539129
2019-02-26 20:15:16,9.94157227803953
2019-02-27 14:58:30,13.1191924063735
2019-02-28 06:23:49,12.5888528504914
2019-02-28 23:18:40,11.5751786074354
2019-03-01 15:41:58,12.0923416507132
2019-03-02 08:30:24,10.3559737046434
2019-03-03 03:25:02,11.5398572160962
2019-03-03 22:09:00,13.6115057085233
2019-03-04 15:59:30,8.97659977078317
2019-03-05 09:51:44,8.17697111847152
2019-03-06 04:02:46,8.88645067694988
2019-03-07 00:19:46,12.5426634936588
2019-03-07 17:51:24,14.6852474545213
2019-03-08 12:28:21,12.2372447741968
2019-03-09 07:24:11,17.0812854631841
2019-03-10 01:39:59,21.5910378071602
2019-03-10 18:12:59,25.8941398089246
2019-03-11 15:04:18,17.4242451238174
2019-03-12 08:29:29,12.4351586488177
2019-03-13 03:02:24,13.0460704232676
2019-03-13 21:53:38,14.697443925441
2019-03-14 16:13:36,13.4838798471078
2019-03-15 08:03:56,11.3471425866466
2019-03-16 00:28:45,13.5081616946644
2019-03-16 17:09:09,18.9081815934993
2019-03-17 07:57:59,21.7930062045836
2019-03-18 03:33:27,16.1583915025373
2019-03-18 19:23:34,13.4543520071489
2019-03-19 10:06:44,10.5205259241779
2019-03-20 01:17:59,12.5298786016682
2019-03-20 19:04:42,12.4972298816004
2019-03-21 12:42:34,12.7923863572051
2019-03-22 04:02:53,9.15988625546419
2019-03-22 20:34:14,9.9933277107795
2019-03-23 14:16:43,19.4978344025846
2019-03-24 05:42:40,25.3844769374714
2019-03-25 00:35:13,27.9041116830385
2019-03-25 18:16:41,12.9327903309938
2019-03-26 11:57:46,16.3065334119169
2019-03-27 06:46:13,14.1465183318042
2019-03-28 00:41:17,13.7942362806537
2019-03-28 19:20:42,11.3230766161859
2019-03-29 11:23:41,13.4534972273019
2019-03-30 04:56:26,13.5619486731152
2019-03-31 00:44:39,19.1810587877365
2019-03-31 18:05:17,19.2234755794368
2019-04-01 12:43:45,11.6349844712041
2019-04-02 07:41:36,6.95694563053868
2019-04-02 23:36:34,5.35413775675692
2019-04-03 18:36:35,12.5079306494381
2019-04-04 12:49:20,13.1218497146073
2019-04-05 06:10:45,13.4442408162725
2019-04-05 23:00:39,16.6472537798664
2019-04-06 15:46:26,22.8336276381507
2019-04-07 11:44:20,21.8708909933946
2019-04-08 05:22:27,19.5082714138731
2019-04-08 22:58:40,12.0122819507758
2019-04-09 17:34:36,9.23107574496655
2019-04-10 12:37:09,12.0274590156884
2019-04-11 04:54:19,10.2083927275994
2019-04-11 21:25:36,9.08719263290357
2019-04-12 14:10:19,10.589515223736
2019-04-13 09:04:46,13.2819287368997
2019-04-14 03:43:28,15.9779143938661
2019-04-15 01:40:17,17.5636647419625
2019-04-15 18:29:51,11.7872870434701
2019-04-16 13:03:21,9.3204251303115
2019-04-17 06:54:31,14.7599438137802
2019-04-18 01:42:18,10.6319792480859
2019-04-18 19:35:33,9.22017413324286
2019-04-19 12:19:04,9.55087008208053
2019-04-20 05:04:59,8.9967668118104
2019-04-21 01:10:35,17.11317392417
2019-04-21 18:03:36,21.7881227829003
2019-04-22 11:58:35,13.639620150259
2019-04-23 08:12:44,8.42404341438772
2019-04-24 04:59:50,9.53770464380209
2019-04-24 19:41:47,8.40222861363961
2019-04-25 13:34:41,9.97218427739732
2019-04-26 07:39:51,9.87052236347945
2019-04-27 00:00:52,11.7784137530009
2019-04-27 16:46:21,21.7249870529157
2019-04-28 12:02:02,24.7232869250676
2019-04-29 03:28:48,20.0159100046167
2019-04-29 19:39:47,15.7982505992175
2019-04-30 13:57:32,9.54238633638987
2019-05-01 04:54:32,13.0868882499528
2019-05-01 20:52:34,14.7464787338066
2019-05-02 11:22:20,17.1185074868269
2019-05-03 02:11:18,18.0473965395832
2019-05-03 20:03:02,14.4361580222112
2019-05-04 13:15:14,15.178157110727
2019-05-05 10:34:20,20.6515201061182
2019-05-06 05:28:32,23.3045972154882
2019-05-06 21:50:48,15.5860674235508
2019-05-07 16:42:49,12.3087184599234
2019-05-08 11:03:17,11.6389580115466
2019-05-09 04:49:49,15.2274075367088
2019-05-09 22:35:58,14.0504191313796
2019-05-10 19:06:51,13.6154760298854
2019-05-11 14:36:46,13.3909989968759
2019-05-12 09:30:49,16.2263036451653
2019-05-13 01:38:04,18.7223815650346
2019-05-13 16:08:46,13.9370550948379
2019-05-14 08:42:27,12.5469693594494
2019-05-15 01:18:25,10.4130599855598
2019-05-15 19:24:25,7.84388721340903
2019-05-16 13:04:06,10.2521736195156
2019-05-17 06:15:17,10.9218942147125
2019-05-17 23:24:40,12.9326187649491
2019-05-18 16:55:10,19.447449415403
2019-05-19 08:38:48,20.9971039002106
2019-05-20 00:13:10,20.1335303346334
2019-05-20 14:18:53,16.6432937220956
2019-05-21 08:33:46,15.1773950449864
2019-05-22 02:57:15,16.9797301429347
2019-05-22 17:21:43,15.2598110324835
2019-05-23 09:17:20,14.968758567792
2019-05-24 01:49:56,13.2988919350082
2019-05-24 18:44:04,12.353054997557
2019-05-25 10:54:52,16.8234711004815
2019-05-26 04:29:16,22.0121004637845
2019-05-26 21:18:34,22.7925049690124
2019-05-27 13:01:23,16.3058040369491
2019-05-28 04:45:54,14.7896868454326
2019-05-28 21:27:38,13.4502586948863
2019-05-29 12:01:59,11.3112134032391
2019-05-30 02:23:43,12.2583461096257
2019-05-30 19:18:25,15.4184318969781
2019-05-31 15:40:18,8.75181883247688
2019-06-01 08:56:29,8.91260631786399
2019-06-02 04:30:15,16.7370508577854
2019-06-02 23:25:21,14.6438463008001
2019-06-03 21:39:01,10.8775329533884
2019-06-04 15:25:02,10.8498600769773
2019-06-05 06:44:00,8.10336321901139
2019-06-05 22:28:16,8.40341712953391
2019-06-06 15:09:26,8.91951039410117
2019-06-07 07:42:37,8.36715284632412
2019-06-08 00:52:13,12.3442061183551
2019-06-08 22:02:33,18.8307469504119
2019-06-09 15:02:59,18.6116982592062
2019-06-10 08:06:45,17.7263685700985
2019-06-11 01:03:35,12.211320199083
2019-06-11 19:41:28,7.77838596262311
2019-06-12 14:23:24,13.6874053385258
2019-06-13 09:06:27,13.7635836130723
2019-06-14 01:03:50,14.5840002110492
2019-06-14 17:08:40,13.7626461175403
2019-06-15 08:03:16,13.6257085459023
2019-06-16 03:03:24,18.5247661572204
2019-06-16 22:48:50,13.1984864694651
2019-06-17 18:17:30,6.69254263485083
2019-06-18 12:04:48,6.41457141621778
2019-06-19 02:45:32,6.23218613003812
2019-06-19 18:24:13,10.7066162808562
2019-06-20 09:13:01,5.57204232189781
2019-06-21 04:59:07,6.61362094513756
2019-06-21 23:21:32,9.85881616670929
2019-06-22 17:41:38,9.12666130480438
2019-06-23 08:29:56,9.8038185917782
2019-06-23 23:17:15,17.8954147247847
2019-06-24 14:10:40,12.8585140032478
2019-06-25 05:20:22,10.1913495270215
2019-06-25 23:27:11,9.52670023459785
2019-06-26 15:21:57,9.55233036293699
2019-06-27 07:54:13,8.80540540929038
2019-06-28 01:01:11,10.0097291844359
2019-06-28 17:37:20,11.9896799979401
2019-06-29 07:44:36,14.3327535863272
2019-06-29 23:00:05,13.8756558884389
2019-06-30 15:42:45,7.09291474053006
2019-07-01 09:50:36,9.57808268380924
2019-07-02 03:50:21,7.7489398343041
2019-07-02 20:48:37,12.1528220372963
2019-07-03 10:11:52,11.4128249555224
2019-07-04 01:23:36,11.0309172742468
2019-07-04 17:06:50,12.9045555436404
2019-07-05 07:10:25,10.6600582045865
2019-07-05 21:10:51,11.1179074070823
2019-07-06 11:08:36,19.4993906652267
2019-07-07 01:20:10,24.4209593908094
2019-07-07 19:31:26,25.3157819443803
2019-07-08 11:21:01,13.797396883531
2019-07-09 00:54:54,7.16406778770211
2019-07-09 17:44:48,6.64807006755995
2019-07-10 14:17:43,8.20715067190995
2019-07-11 08:46:58,5.92626440035733
2019-07-12 04:00:35,5.61259408527995
2019-07-12 19:45:29,7.18880225607711
2019-07-13 13:37:47,9.81078670798026
2019-07-14 06:40:40,11.0565401027621
2019-07-15 00:55:02,10.5592431740442
2019-07-15 18:40:41,11.4176629108778
2019-07-16 12:28:47,7.6604856550652
2019-07-17 02:59:32,6.66228455922785
2019-07-17 23:04:37,9.57874313211874
2019-07-18 21:40:20,3.9321622975323
2019-07-19 18:55:44,11.6081623480869
2019-07-20 09:30:44,15.2202560155196
2019-07-21 01:07:28,20.4009175274874
2019-07-21 18:40:42,24.2616614924948
2019-07-22 09:12:15,3.41786437714786
2019-07-23 06:20:46,5.02194575011943
2019-07-23 22:45:22,14.5568702532954
2019-07-24 16:18:40,14.2188207237065
2019-07-25 11:56:40,8.85349047182633
2019-07-26 04:35:47,9.74654988377895
2019-07-26 18:34:05,14.7559951515168
2019-07-27 11:30:20,24.9764950844154
2019-07-28 03:44:24,28.8596303344883
2019-07-28 19:07:45,36.377277916502
2019-07-29 09:24:07,26.8042066152119
2019-07-30 01:07:44,6.55602573949151
2019-07-30 21:15:13,8.39831909250313
2019-07-31 14:43:33,10.3642111512611
2019-08-01 02:49:24,12.2499962588783
2019-08-01 20:29:40,16.8754570587153
2019-08-02 14:25:02,19.4703921650714
2019-08-03 04:41:00,23.5074416223095
2019-08-03 19:58:19,30.3746595898819
2019-08-04 11:25:14,33.7959286311708
2019-08-05 02:38:06,32.0873241914223
2019-08-05 19:10:48,10.0961259068497
2019-08-06 13:16:23,8.10419610248433
2019-08-07 05:07:31,12.0825392848838
2019-08-07 21:50:32,20.7407989443141
2019-08-08 17:29:16,14.3771073238375
2019-08-09 11:14:19,11.5203126271058
2019-08-10 05:09:44,11.4667258349906
2019-08-10 21:00:31,8.7113597279776
2019-08-11 14:33:08,18.5988214618172
2019-08-12 07:01:43,30.3927232526347
2019-08-13 02:57:44,14.4345691463995
2019-08-13 18:47:56,12.3291251735807
2019-08-14 13:34:58,18.035057092789
2019-08-15 05:56:29,11.5611796511467
2019-08-15 22:09:14,12.2616728880579
2019-08-16 15:44:48,18.8630191109248
2019-08-17 10:38:14,13.5570136917156
2019-08-18 05:25:17,12.2873756730259
2019-08-19 01:55:09,19.0889313117514
2019-08-19 17:51:46,20.5832142104799
2019-08-20 09:47:14,21.9668628394915
2019-08-21 03:36:05,1.22575621151889
2019-08-21 23:05:10,0.710826257536522
2019-08-22 17:56:35,1.10039837780974
2019-08-23 11:04:48,7.7359299106173
2019-08-24 03:39:19,26.5865481011626
2019-08-24 19:47:25,36.0158681590394
2019-08-25 12:57:13,43.8184868566463
2019-08-26 05:20:20,24.518570738411
2019-08-27 00:10:08,17.2325509331921
2019-08-27 19:30:22,20.5931601444048
2019-08-28 12:43:31,23.5141287783175
2019-08-29 04:56:02,19.0609518437669
2019-08-29 21:20:45,20.2369484405704
2019-08-30 14:25:56,21.4405522551684
2019-08-31 06:08:25,23.5776793438073
2019-08-31 21:28:24,24.1386950791503
2019-09-01 13:49:52,19.8316604958245
2019-09-02 07:41:17,19.9997627091579
2019-09-03 01:50:36,19.375998652195
2019-09-03 17:44:43,17.9785112559267
2019-09-04 11:43:10,15.0432352193001
2019-09-05 04:38:22,14.5227851084612
2019-09-05 19:28:31,13.6552799984947
2019-09-06 11:29:28,15.086180714522
2019-09-07 05:53:15,17.0751522641526
2019-09-07 22:27:11,28.5884397905819
2019-09-08 13:07:21,25.646381771883
2019-09-09 03:49:30,23.8283078670317
2019-09-09 22:24:22,20.4501389874722
2019-09-10 12:16:51,15.5387815855733
2019-09-11 02:47:07,14.2517061760819
2019-09-11 18:30:45,19.9570808554875
2019-09-12 08:47:39,15.4237576146435
2019-09-13 00:14:17,22.124712500844
2019-09-13 17:01:29,27.1039801652735
2019-09-14 09:39:30,27.7475720860459
2019-09-15 03:40:23,28.5788674276904
2019-09-15 20:57:49,34.9907598958493
2019-09-16 12:28:24,25.9320317761965
2019-09-17 04:48:56,17.5018492434578
2019-09-17 22:26:34,15.6130055554849
2019-09-18 14:24:36,15.3995402865266
2019-09-19 05:10:27,20.373126812805
2019-09-19 22:28:47,24.8707269663987
2019-09-20 15:05:52,21.9034740111646
2019-09-21 06:39:15,20.0519068686343
2019-09-21 23:45:02,24.3134486151575
2019-09-22 15:52:52,31.1603415182627
2019-09-23 10:38:24,7.2698756101474
2019-09-24 06:56:08,21.3403103331172
2019-09-24 22:24:49,13.2335281908524
2019-09-25 16:02:30,10.2603367582944
2019-09-26 06:18:27,11.7373369034266
2019-09-26 22:11:58,15.107198456683
2019-09-27 17:09:38,18.0174593436215
2019-09-28 10:23:31,21.1289826640535
2019-09-29 03:49:54,27.0888739516024
2019-09-29 23:08:57,29.8095809836215
2019-09-30 19:13:38,19.6166441689564
2019-10-01 12:58:29,14.8779841084307
2019-10-02 06:27:26,16.1098984001663
2019-10-03 00:14:00,21.4018943408456
2019-10-03 18:13:40,23.86766681713
2019-10-04 12:25:48,21.9361293340092
2019-10-05 04:20:43,24.9390943161499
2019-10-05 20:57:07,35.4286241800382
2019-10-06 14:37:22,36.0167284135203
2019-10-07 07:19:58,31.6488460291033
2019-10-07 23:42:20,25.7167582300824
2019-10-08 15:10:27,21.8642900770573
2019-10-09 08:20:44,20.1671812432524
2019-10-10 03:54:37,20.6081858986703
2019-10-10 19:41:53,21.0610279078866
2019-10-11 10:31:38,21.3557022531442
2019-10-12 05:03:53,26.1311904335256
2019-10-13 00:13:44,37.07401731084
2019-10-13 16:28:57,42.5231951961869
2019-10-14 12:22:32,34.7052063308463
2019-10-15 07:17:13,22.5455244960541
2019-10-16 01:26:53,23.4312843100783
2019-10-16 19:34:13,17.2298254088349
2019-10-17 12:14:56,17.6432935383789
2019-10-18 04:48:15,19.1853941618242
2019-10-18 21:03:50,15.5835853100952
2019-10-19 14:37:03,19.1673165437958
2019-10-20 11:37:56,22.6028103753484
2019-10-21 04:05:00,24.4751853396514
2019-10-21 19:31:05,19.7147526535352
2019-10-22 11:42:43,20.1054997660737
2019-10-23 02:59:09,16.1730536296726
2019-10-23 17:47:07,12.5583952317247
2019-10-24 10:35:11,12.8762835195766
2019-10-25 07:48:21,18.6493121321279
2019-10-26 01:34:16,14.4021547816067
2019-10-26 20:15:41,14.7924301727868
2019-10-27 17:42:10,21.8120112125748
2019-10-28 13:25:03,14.6711482541133
2019-10-29 07:05:40,9.62213734892705
2019-10-30 03:47:29,10.3933446111404
2019-10-30 22:53:48,8.67589161811419
2019-10-31 16:24:19,12.2328112001359
2019-11-01 14:15:01,13.0994680341577
2019-11-02 09:54:08,16.3763181307859
2019-11-03 04:08:14,20.739602695347
2019-11-03 23:30:26,21.8735991173095
2019-11-04 19:40:52,20.3061914788481
2019-11-05 14:11:24,16.5695798679573
2019-11-06 08:09:36,14.9379194135537
2019-11-07 02:53:56,12.0771973272831
2019-11-07 22:49:47,13.0339030232517
2019-11-08 17:06:18,10.7912884591666
2019-11-09 13:58:02,15.8047936225697
2019-11-10 06:24:08,23.2309103957426
2019-11-10 21:45:02,26.8778822291997
2019-11-11 15:14:40,18.9158929329993
2019-11-12 07:09:01,25.0367692047736
2019-11-13 04:15:26,16.1736753344945
2019-11-13 22:19:36,13.4620547541664
2019-11-14 13:21:27,13.7772260234013
2019-11-15 03:55:11,14.5118526248152
2019-11-15 21:16:55,13.7336961063422
2019-11-16 14:14:04,18.6452020849463
2019-11-17 09:17:38,29.7029078068658
2019-11-18 01:05:00,26.2582653438161
2019-11-18 17:06:24,15.4009415839882
2019-11-19 14:17:17,14.1612978556178
2019-11-20 06:51:03,21.7670635144878
2019-11-21 01:37:07,21.2884259183259
2019-11-21 19:35:29,11.3821503420737
2019-11-22 16:39:10,11.1617637975314
2019-11-23 07:37:50,12.0478901922683
2019-11-23 23:13:08,17.9212309036671
2019-11-24 20:06:49,22.1897771131422
2019-11-25 14:41:18,16.7613625515453
2019-11-26 13:48:20,13.6643401543155
2019-11-27 08:58:10,17.4519418377603
2019-11-28 01:53:47,18.2093976904603
2019-11-28 19:07:02,22.0528642412196
2019-11-29 12:15:26,22.1572909241548
2019-11-30 08:47:35,19.2032569756047
2019-12-01 05:04:20,23.2535504646918
2019-12-01 22:43:03,26.6880849426745
2019-12-02 15:42:36,22.2286601900662
2019-12-03 10:08:42,21.246891672591
2019-12-04 02:20:02,20.6298113954811
2019-12-04 18:05:14,8.31514784187298
2019-12-05 10:49:16,7.99765171117981
2019-12-06 05:33:44,18.1322542912026
2019-12-06 22:02:05,8.00534126883861
2019-12-07 16:31:39,19.3711978412028
2019-12-08 07:32:07,16.7568456728467
2019-12-09 01:02:26,25.7229059574503
2019-12-09 18:36:01,18.2068665947543
2019-12-10 13:16:46,14.1791022999304
2019-12-11 07:58:02,13.7845454056272
2019-12-12 01:37:03,15.7619692575072
2019-12-12 20:42:27,22.544926172802
2019-12-13 13:43:48,21.5246633382339
2019-12-14 06:59:35,24.9386646167439
2019-12-15 00:53:44,23.9201642437119
2019-12-15 21:38:42,26.735869016206
2019-12-16 14:58:15,25.0331489432958
2019-12-17 07:04:37,23.2447885110818
2019-12-18 01:00:36,10.0044625623667
2019-12-18 21:47:06,15.6057856356615
2019-12-19 13:35:12,15.0562255975607
2019-12-20 07:35:51,18.1441147167547
2019-12-20 22:25:41,18.2494804830675
2019-12-21 13:04:45,19.4882440879667
2019-12-22 04:34:33,27.269524024746
2019-12-22 19:49:05,25.4233465746136
2019-12-23 11:55:49,18.467554597362
2019-12-24 08:57:19,20.7703768577353
2019-12-25 04:40:23,26.4881957601272
2019-12-26 00:21:51,30.2949809765605
2019-12-26 15:44:55,28.2490644731199
2019-12-27 09:55:15,25.7589102248809
2019-12-28 04:18:56,20.8630354845548
2019-12-28 19:40:10,25.8183446763114
2019-12-29 12:30:26,29.0400577194642
2019-12-30 05:37:09,28.0839156458258
2019-12-30 20:10:55,18.81613264407
2019-12-31 14:17:16,23.5849900817748
2020-01-01 07:49:04,27.57213150536
2020-01-01 21:24:18,39.3556675698056
2020-01-02 14:01:27,33.5377158948934
2020-01-03 07:32:41,24.9736423756046
2020-01-03 23:46:33,18.1222367962829
2020-01-04 15:03:48,26.3631280384037
2020-01-05 07:14:19,27.8013366857549
2020-01-05 22:40:42,31.2751987206707
2020-01-06 16:38:01,19.5339519939438
2020-01-07 10:28:46,17.5127293402065
2020-01-07 23:40:38,23.3517571656241
2020-01-08 17:43:37,21.545770419639
2020-01-09 11:09:16,13.6669255362591
2020-01-10 02:48:41,14.4302661526579
2020-01-10 20:25:55,20.8541848918675
2020-01-11 12:37:13,24.3949562631899
2020-01-12 04:59:50,31.6417314106686
2020-01-12 22:15:01,36.6920698306219
2020-01-13 13:36:39,33.1076144808889
2020-01-14 10:17:48,22.508986806899
2020-01-15 04:03:19,14.6514199239812
2020-01-15 20:50:32,11.7178480677864
2020-01-16 14:36:44,16.4177291075978
2020-01-17 04:21:26,21.8542781414003
2020-01-17 22:08:56,16.2519962740709
2020-01-18 15:52:37,29.8844640460062
2020-01-19 11:38:20,37.3678995162809
2020-01-20 05:02:00,20.029963261925
2020-01-20 21:21:38,16.4397910870556
2020-01-21 12:39:28,31.0753761937999
2020-01-22 08:06:18,25.741804599424
2020-01-22 23:32:11,19.8641200182254
2020-01-23 16:04:37,18.5905247027398
2020-01-24 09:38:31,27.5679269570265
2020-01-25 02:01:59,25.4452732482767
2020-01-25 17:12:51,30.3392115641434
2020-01-26 10:37:14,39.6541233074374
2020-01-27 04:41:03,30.5262281318039
2020-01-28 00:53:41,11.7627711872193
2020-01-28 18:15:28,13.3963436468282
2020-01-29 11:24:35,20.1884386764797
2020-01-30 02:42:54,20.8413707266873
2020-01-30 21:17:07,13.4710096616467
2020-01-31 14:11:07,14.681557926432
2020-02-01 06:09:52,13.0192641045679
2020-02-02 00:39:43,22.5899453150031
2020-02-02 19:30:12,27.9900516317103
2020-02-03 13:33:57,22.9658876957063
2020-02-04 06:14:26,11.2071910391497
2020-02-05 00:55:34,19.7774994615158
2020-02-05 16:59:56,24.2231932012792
2020-02-06 10:30:03,13.8387445052627
2020-02-07 06:15:15,10.8955478061168
2020-02-08 01:10:08,11.0941938571435
2020-02-08 18:53:47,20.6677603482393
2020-02-09 14:17:43,29.8418200941639
2020-02-10 07:18:02,24.1295114745664
2020-02-11 04:16:15,16.2734537256848
2020-02-11 22:10:59,17.5281310244211
2020-02-12 17:08:25,17.8763886126747
2020-02-13 10:42:33,15.7055717301993
2020-02-14 03:11:53,17.4881064985861
2020-02-14 23:31:09,17.7926085897353
2020-02-15 17:57:58,16.6165521490515
2020-02-16 11:08:14,18.1131393961413
2020-02-17 05:51:33,12.7052006652896
2020-02-17 21:23:30,13.90801067677
2020-02-18 15:12:38,19.312376515219
2020-02-19 08:09:11,13.1283036610316
2020-02-20 05:25:09,15.0228911966717
2020-02-20 23:44:22,17.1341935415601
2020-02-21 14:23:58,19.1602773683674
2020-02-22 09:22:58,24.1058296583123
2020-02-23 03:35:53,32.2969365842398
2020-02-23 21:39:01,27.5855914791618
2020-02-24 16:31:44,23.118937338771
2020-02-25 09:08:28,22.5082805423996
2020-02-26 03:32:45,20.0838177036723
2020-02-26 22:54:07,20.2223803462871
2020-02-27 16:27:04,17.0907959963956
2020-02-28 09:30:36,18.7765173695511
2020-02-29 01:30:26,18.3369122441208
2020-02-29 18:07:54,25.2500994465734
2020-03-01 11:22:00,31.2618442656067
2020-03-02 02:03:23,31.0781090583673
2020-03-02 19:37:10,24.7014768305071
2020-03-03 11:44:11,22.0967625755839
2020-03-04 05:24:38,22.7986823550604
2020-03-04 20:55:00,18.3805300611501
2020-03-05 10:41:59,17.8979687282117
2020-03-06 03:19:37,21.776024635209
2020-03-06 21:28:05,19.3078259457012
2020-03-07 13:17:22,23.8051767745064
2020-03-08 06:57:04,30.0670753264057
2020-03-08 21:58:32,30.1997015485002
2020-03-09 15:07:30,16.9768563094648
2020-03-10 08:59:13,15.3476443736102
2020-03-11 04:03:52,17.3132712486144
2020-03-12 02:27:00,10.1494132832639
2020-03-12 19:11:18,5.66410116167912
2020-03-13 17:20:26,7.50055147967625
2020-03-14 10:21:17,9.56277993580509
2020-03-15 10:32:01,19.5802128507569
2020-03-16 06:16:37,19.0376918338022
2020-03-17 05:58:19,11.784346577943
2020-03-18 01:47:30,12.4719745293441
2020-03-19 03:43:27,16.2200548920604
2020-03-20 03:58:20,12.8377759353908
2020-03-21 02:21:42,13.5400036082819
2020-03-21 23:03:28,25.3332943378265
2020-03-22 19:29:12,22.1233643247024
2020-03-23 19:50:58,19.3618756224538
2020-03-24 14:13:50,13.1415322523007
2020-03-25 17:26:29,22.3047273628393
2020-03-26 10:41:47,18.2501217162012
2020-03-27 03:16:51,21.3611208621991
2020-03-27 19:11:06,19.291345098531
2020-03-28 13:09:44,16.9975450943744
2020-03-29 08:36:26,29.4551041112567
2020-03-30 01:31:48,27.1368996066147
2020-03-30 19:06:53,18.6531799542357
2020-03-31 11:20:49,19.7749754903581
2020-04-01 03:39:16,16.8076360440093
2020-04-01 21:13:26,18.601188713145
2020-04-02 14:07:07,17.9883050168817
2020-04-03 07:23:48,19.1380583418659
2020-04-04 04:04:58,17.8743462171101
2020-04-04 18:59:26,19.429732008025
2020-04-05 11:22:20,24.7799606328455
2020-04-06 01:27:25,34.0500925497352
2020-04-06 20:50:29,17.9643421652069
2020-04-07 12:35:06,14.0413266353373
2020-04-08 05:49:04,22.6464075126645
2020-04-08 23:22:28,24.455207649826
2020-04-09 16:44:41,16.2244733033505
2020-04-10 08:33:27,16.6999992147275
2020-04-11 00:29:40,16.7100083315608
2020-04-11 16:31:59,19.6616217593618
2020-04-12 08:13:57,31.3276715937009
2020-04-13 01:54:21,34.7179697583686
2020-04-13 16:59:52,26.9589026933977
2020-04-14 06:05:14,18.2976546387683
2020-04-14 23:18:02,23.5733092088325
2020-04-15 14:57:32,21.1272923705696
2020-04-16 06:18:44,20.4674893553648
2020-04-16 23:07:24,17.6753104301291
2020-04-17 19:34:17,19.1985697029694
2020-04-18 12:36:32,22.173382064374
2020-04-19 05:18:55,30.5164656468362
2020-04-19 21:52:02,32.7043879478906
2020-04-20 14:36:29,26.6571237809359
2020-04-21 08:02:59,21.6064316966611
2020-04-22 00:11:34,22.4677110930367
2020-04-22 19:47:41,21.9421558801484
2020-04-23 13:54:52,20.9646827771263
2020-04-24 08:05:24,16.9246443027729
2020-04-25 03:00:18,14.301371060416
2020-04-25 22:29:52,27.0716427937195
2020-04-26 16:56:28,35.7612479847177
2020-04-27 10:58:47,27.9375005448509
2020-04-28 05:37:34,16.9591598214672
2020-04-28 20:28:03,20.3632347874438
2020-04-29 15:03:14,16.444892450631
2020-04-30 12:26:49,7.98364791104138
2020-05-01 05:38:15,10.3748909872958
2020-05-02 00:00:33,17.2683470285659
2020-05-02 18:02:04,26.1098084869567
2020-05-03 08:46:46,32.4276495557285
2020-05-04 01:33:42,24.7608877520887
2020-05-04 17:30:48,22.4337582230611
2020-05-05 09:54:26,19.2820716511449
2020-05-06 02:33:46,18.0356302592369
2020-05-06 18:11:51,15.7393853601211
2020-05-07 13:38:01,17.151436770837
2020-05-08 07:18:14,11.7269053480429
2020-05-09 01:36:45,13.2141779593153
2020-05-09 21:44:52,14.9915350930744
2020-05-10 13:09:08,18.2090348087501
2020-05-11 02:57:25,25.6020421678939
2020-05-11 20:02:50,16.5733569651503
2020-05-12 12:49:38,13.6773170815993
2020-05-13 10:07:25,15.7712489755361
2020-05-14 09:27:46,18.1463221138517
2020-05-15 05:42:44,14.4423784603235
2020-05-16 02:06:59,19.0387509412709
2020-05-16 22:00:58,28.2496742748496
2020-05-17 23:41:45,31.9202078466938
2020-05-18 19:03:53,18.1906401120169
2020-05-19 17:57:42,16.0677083371529
2020-05-20 16:22:33,15.4190655586655
2020-05-21 13:18:48,17.253610680987
2020-05-22 09:55:56,17.0991870974082
2020-05-23 09:05:36,21.2036178299983
2020-05-24 05:55:50,28.302781823464
2020-05-25 03:53:18,34.9555892468965
2020-05-26 00:47:51,16.9417013025588
2020-05-26 21:42:57,22.5572207673298
2020-05-27 17:52:43,14.8269542341786
2020-05-28 12:44:09,20.2708404199596
2020-05-29 07:37:07,19.7267876622691
2020-05-30 03:15:17,18.2250300805539
2020-05-30 20:41:40,29.8665162877946
2020-05-31 13:11:03,24.3828753822838
2020-06-01 09:17:35,31.4697493228817
2020-06-02 02:43:28,12.7474998607711
2020-06-02 22:42:40,10.743892142326
2020-06-03 19:05:05,15.8719082901895
2020-06-04 10:47:11,16.0317592130786
2020-06-05 03:05:13,16.0558585893559
2020-06-05 17:35:41,14.8512929053457
2020-06-06 08:34:49,18.3631933434454
2020-06-06 21:21:03,32.7483122075914
2020-06-07 11:09:07,40.7836522434581
2020-06-08 05:34:36,37.3806943923184
2020-06-08 21:14:48,20.5511519489782
2020-06-09 13:30:58,18.9203065680765
2020-06-10 03:52:42,14.4873802919202
2020-06-10 20:01:26,15.4319026186294
2020-06-11 12:37:33,19.058066115336
2020-06-12 01:26:34,17.7721889070848
2020-06-12 17:44:50,20.9501899511251
2020-06-13 06:40:08,20.8335013933394
2020-06-14 00:42:34,32.2215400486019
2020-06-14 16:02:22,38.5165035565565
2020-06-15 09:23:52,24.8238075102688
2020-06-16 02:11:23,15.7677312553889
2020-06-16 18:53:58,14.7399950480011
2020-06-17 15:23:23,17.1603775928079
2020-06-18 09:45:50,20.0107731437779
2020-06-19 06:54:30,16.5251108146085
2020-06-20 01:00:06,12.7079396208272
2020-06-20 18:45:30,25.5550246418298
2020-06-21 13:54:44,37.3743102958367
2020-06-22 07:31:18,35.5746668299036
2020-06-23 01:52:23,16.6067640591846
2020-06-23 17:36:59,13.9394316475739
2020-06-24 12:17:54,13.581774287596
2020-06-25 04:30:58,15.4458589496601
2020-06-26 00:29:20,15.7612785299902
2020-06-26 17:13:03,16.1915918240736
2020-06-27 10:23:56,17.2776999752402
2020-06-28 02:15:12,30.1531042340769
2020-06-28 20:48:38,26.1727754395661
2020-06-29 15:10:32,20.6488074044863
2020-06-30 06:12:07,16.0916729863273
2020-07-01 01:50:17,16.5992831198421
2020-07-01 17:48:40,17.6960536023434
2020-07-02 08:18:28,17.7972356298843
2020-07-03 00:50:54,17.8034638267868
2020-07-03 18:02:27,18.8338894036152
2020-07-04 08:23:51,19.8876214160445
2020-07-05 01:10:02,27.6244850636523
2020-07-05 17:04:57,29.2007287279104
2020-07-06 11:12:01,24.8643332592668
2020-07-07 01:29:05,15.8173887157214
2020-07-07 17:52:57,16.8985392188765
2020-07-08 11:25:23,18.0634942152069
2020-07-09 03:56:55,17.0582416163543
2020-07-09 19:59:11,18.8624858991886
2020-07-10 11:29:11,18.8276173908562
2020-07-11 03:55:08,19.5705235519366
2020-07-11 20:52:11,27.4261455715279
2020-07-12 15:43:24,33.3904739808592
2020-07-13 05:14:35,18.0063092291761
2020-07-13 23:26:57,14.6841947131363
2020-07-14 17:49:31,19.6238336638276
2020-07-15 10:43:21,20.9100509214457
2020-07-16 05:19:44,20.4930104183103
2020-07-17 01:30:07,19.5409401712978
2020-07-17 23:45:18,21.4210615882603
2020-07-18 19:25:07,26.6900724446266
2020-07-19 15:31:07,29.2005146945503
2020-07-20 08:27:02,23.8682622862777
2020-07-21 04:09:44,20.2569650306679
2020-07-22 02:08:55,20.1428276753832
2020-07-22 19:29:32,19.4954371074465
2020-07-23 14:16:53,19.5573902354717
2020-07-24 08:38:30,18.0903533925302
2020-07-24 23:51:22,17.6718884708737
2020-07-25 17:13:10,20.528293115756
2020-07-26 09:59:52,28.4589728836333
2020-07-27 02:10:39,24.5526393264628
2020-07-27 18:59:26,16.9023081034896
2020-07-28 14:54:58,14.342282786011
2020-07-29 07:06:37,16.4628922813388
2020-07-30 00:57:49,16.136281704627
2020-07-30 19:51:03,17.0864709709105
2020-07-31 14:14:28,19.6551827974886
2020-08-01 07:02:35,18.7265805475379
2020-08-02 01:22:56,21.5588305829556
2020-08-02 21:09:46,20.8652323518629
2020-08-03 14:46:03,19.7035982391273
2020-08-04 06:00:15,16.2748303397257
2020-08-04 23:30:58,18.6774950573448
2020-08-05 18:11:50,18.8608959276123
2020-08-06 12:53:32,16.6562095760335
2020-08-07 04:23:56,16.1575007508315
2020-08-07 21:18:30,17.6505410946338
2020-08-08 16:03:16,18.9904663064018
2020-08-09 10:13:18,25.7247175049412
2020-08-10 02:00:33,26.5824570016816
2020-08-10 21:49:49,19.2191694155906
2020-08-11 14:53:09,16.5679953503155
2020-08-12 06:07:55,19.0525152527135
2020-08-12 23:20:40,19.0689905178526
2020-08-13 16:04:18,19.6051662483124
2020-08-14 08:18:00,17.8067535794442
2020-08-15 00:23:45,12.7168874896548
2020-08-15 16:29:55,13.1151570649577
2020-08-16 09:02:50,11.7348247918433
2020-08-17 04:11:53,8.94318861986989
2020-08-17 23:30:29,6.50096206094099
2020-08-18 18:49:06,8.39574838696999
2020-08-19 15:09:57,10.022372256362837
2020-08-20 07:00:21,9.298322480444474
2020-08-21 00:34:44,9.737519345629323
2020-08-21 16:16:27,11.341447942394822
2020-08-22 11:41:51,12.30483587140883
2020-08-23 05:13:28,13.801631147001148
2020-08-23 21:09:15,13.26157168272409
2020-08-24 15:32:15,10.41046269764988
2020-08-25 08:54:11,9.754462589946653
2020-08-26 03:55:59,11.64618120972003
2020-08-26 22:16:14,9.606815402687658
2020-08-27 20:33:26,9.315994486867886
2020-08-28 12:40:21,8.265843996884191
2020-08-29 03:15:00,8.375764541105324
2020-08-29 20:54:32,10.432564312517538
2020-08-30 18:07:31,11.543497935570581
2020-08-31 10:07:28,9.086346847823645
2020-09-01 05:18:01,6.102472076753797
2020-09-01 21:16:15,6.786559918961
2020-09-02 15:53:57,7.615963893125262
2020-09-03 11:28:29,7.253278069692222
2020-09-04 06:43:24,6.3450584765793545
2020-09-05 01:52:29,7.121146958391716
2020-09-05 19:58:48,7.523432288335566
2020-09-06 12:25:17,8.135576712471526
2020-09-07 07:50:18,8.557095524341547
2020-09-07 20:05:13,6.888371430308239
2020-09-08 13:48:06,5.891062917084628
2020-09-09 05:44:33,6.372824484286578
2020-09-09 21:41:33,5.83809799616619
2020-09-10 17:16:47,5.599080621460207
2020-09-11 10:17:02,5.265710058710215
2020-09-12 01:43:54,6.022103925228556
2020-09-12 18:02:03,6.502671142003768
2020-09-13 07:59:58,7.537431471658193
2020-09-14 00:55:39,6.911321982411683
2020-09-14 15:21:06,6.759532366864195
2020-09-15 08:31:45,7.192921668790057
2020-09-15 23:40:11,6.342578210774623
2020-09-16 15:40:57,5.790947242494842
2020-09-17 07:45:00,5.855563292785148
2020-09-17 21:42:31,4.672128939596606
2020-09-18 12:09:03,4.156463225499734
2020-09-19 06:30:00,5.599888098910707
2020-09-19 23:16:12,6.18930375695427
2020-09-20 18:01:14,7.2944364540202775
2020-09-21 09:42:28,6.954647367263496
2020-09-22 05:10:42,4.576599499386116
2020-09-23 01:31:27,6.8627659182948255
2020-09-23 20:55:31,6.746173755271344
2020-09-24 14:02:38,7.234265667235402
2020-09-25 07:35:04,7.865763040295309
2020-09-25 22:44:51,6.616705063948411
2020-09-26 17:06:46,6.973574824381165
2020-09-27 10:04:15,7.849219763070795
2020-09-28 03:29:03,8.73155395193902
2020-09-28 22:17:26,7.777457838452191
2020-09-29 16:10:51,7.323620750307792
2020-09-30 11:15:09,7.760702988114763
2020-10-01 03:07:20,7.867932791281867
2020-10-02 00:04:10,9.23160224276442
2020-10-02 18:57:58,6.763142897288339
2020-10-03 11:57:55,7.421641051086295
2020-10-04 04:33:24,8.699043769946806
2020-10-04 22:05:55,9.522325600158258
2020-10-05 17:08:05,12.435541227074859
2020-10-06 09:08:14,7.624810175330914
2020-10-07 06:44:03,9.032642400157652
2020-10-07 22:41:32,8.61368240402657
2020-10-08 13:42:12,8.585793480452741
2020-10-09 08:29:12,8.955847909172288
2020-10-10 02:18:58,6.635832536496534
2020-10-10 21:13:28,9.420853057806546
2020-10-11 14:34:44,8.876081424028447
2020-10-12 08:37:42,8.829706286585367
2020-10-13 01:12:38,8.301792634242009
2020-10-13 18:25:28,8.055601241944762
2020-10-14 09:38:20,8.49250604087493
2020-10-15 03:30:00,7.225206328912836
2020-10-15 20:28:33,7.218010914675658
2020-10-16 13:26:25,7.367480457379184
2020-10-17 05:02:27,8.161441959130325
2020-10-17 22:06:12,7.936903419705957
2020-10-18 18:05:57,7.325684594202662
2020-10-19 17:06:22,6.927707108344424
2020-10-20 07:46:31,5.152215224212105
2020-10-21 05:11:32,4.23915350473079
2020-10-22 01:01:23,4.965742303856648
2020-10-22 18:59:00,4.687410043361649
2020-10-23 16:30:19,6.232895575404321
2020-10-24 09:15:34,8.210590720111174
2020-10-25 03:16:06,9.430624188405353
2020-10-26 00:41:17,11.244724357856413
2020-10-27 00:33:59,6.397433456154112
2020-10-28 03:23:43,7.6040019685187605
2020-10-29 03:04:54,6.4030685050388625
2020-10-30 03:52:34,8.129279812693142
2020-10-31 03:48:11,8.10474649166335
2020-11-01 02:01:58,11.07332992814271
2020-11-01 22:48:29,8.937730084467443
2020-11-03 01:02:17,6.965427632679041
2020-11-03 19:25:45,6.050724962535312
2020-11-04 11:23:53,6.886553962333664
2020-11-05 04:18:32,8.930597615752259
2020-11-05 22:24:15,6.281213894943559
2020-11-06 15:20:11,5.998195500466182
2020-11-07 09:09:54,6.766281514860747
2020-11-08 01:32:57,11.975475559951468
2020-11-08 21:02:46,12.464997048482887
2020-11-09 12:10:23,10.14660822473799
2020-11-10 02:01:16,8.7368330688325
2020-11-10 20:29:42,8.917638721737882
2020-11-11 14:41:59,9.741295058323983
2020-11-12 07:50:48,8.969946914221063
2020-11-12 23:09:19,9.585130585799034
2020-11-13 16:15:16,11.538471916544944
2020-11-14 10:45:08,10.354268835110597
2020-11-15 04:44:24,10.152217146986441
2020-11-15 22:28:47,11.22298605190062
2020-11-16 14:32:07,6.763652543841332
2020-11-17 06:21:21,4.8943868008454725
2020-11-17 23:17:29,6.262412933953167
2020-11-18 13:48:10,5.7018917759334204
2020-11-19 09:48:22,7.4486084669987855
2020-11-20 01:46:52,7.875059593365246
2020-11-20 17:05:35,8.610646927027291
2020-11-21 08:43:18,7.69612948409168
2020-11-21 23:36:08,9.686529767533782
2020-11-22 14:19:12,8.681388302795538
2020-11-23 07:00:37,10.586948001521856
2020-11-24 00:16:10,8.161571911797996
2020-11-24 19:41:23,7.950567068405011
2020-11-25 12:58:30,7.80406597342284
2020-11-26 04:58:13,8.545596684273503
2020-11-26 21:54:03,7.7544857402567215
2020-11-27 16:09:58,9.08902552563171
2020-11-28 06:49:43,10.58082997564042
2020-11-29 00:43:31,14.340563717376243
2020-11-29 17:09:45,14.756115469989997
2020-11-30 14:03:38,11.149715754825117
2020-12-01 07:20:12,7.674382130743627
2020-12-02 05:42:39,9.8224594804809
2020-12-02 22:51:19,10.473824795377904
2020-12-03 15:32:01,14.111230885023229
2020-12-04 09:15:56,10.929391669680587
2020-12-05 01:58:48,9.237740457978092
2020-12-05 21:12:38,12.179428554500516
2020-12-06 17:35:04,15.135267191192698
2020-12-07 07:50:11,13.960218290971119
2020-12-08 02:00:58,10.834368360103193
2020-12-08 20:39:54,10.814440963355949
2020-12-09 15:55:32,10.61575603643414
2020-12-10 12:54:51,8.958370652285613
2020-12-11 05:36:51,10.399836504966814
2020-12-12 01:28:58,12.613238356679203
2020-12-12 20:47:07,12.810823338345529
2020-12-13 13:38:40,11.347987859036325
2020-12-14 05:50:48,10.184348775694724
2020-12-15 00:17:37,9.038291679027324
2020-12-15 19:34:01,7.855548279565192
2020-12-16 11:47:39,8.795174199267144
2020-12-17 09:35:25,7.853440461911675
2020-12-18 03:04:21,7.20555055202006
2020-12-18 20:15:03,7.534954224267807
2020-12-19 13:26:29,9.145041998860519
2020-12-20 04:16:45,11.622734117668294
2020-12-20 22:04:00,14.006860480013811
2020-12-21 15:42:55,11.86257367593003
2020-12-22 10:13:41,9.268943584324928
2020-12-23 04:58:19,9.76310601292921
2020-12-23 21:37:21,9.447435604730321
2020-12-24 14:47:58,7.964857407762682
2020-12-25 10:52:41,8.168259908923952
2020-12-26 07:00:56,10.289601971816497
2020-12-27 00:57:14,9.627708680330109
2020-12-27 17:34:46,6.959066260899768
2020-12-28 10:18:26,10.519398374816559
2020-12-29 03:24:31,8.944982457405498
2020-12-29 20:45:20,10.611796906216298
2020-12-30 09:57:50,11.498943845078562
2020-12-31 03:22:59,10.449222944323036
2020-12-31 19:13:48,9.325358641581655
2021-01-01 10:25:52,9.262201934663093
2021-01-02 04:55:33,12.257093617373707
2021-01-02 21:16:15,9.331045902766146
2021-01-03 14:49:13,7.695917458074899
2021-01-04 06:10:17,8.901231914050225
2021-01-04 20:53:34,9.119649626459523
2021-01-05 13:49:12,8.583974104507647
2021-01-06 05:09:47,9.480991781779032
2021-01-06 19:22:07,8.97738169856229
2021-01-07 10:54:54,8.102812672758498
2021-01-08 01:35:24,6.676315424206223
2021-01-08 20:11:43,7.231930355374527
2021-01-09 14:09:49,8.49770214193641
2021-01-10 07:14:47,10.170177093218202
2021-01-10 23:28:55,9.885349751238866
2021-01-11 16:30:06,7.8654386244260674
2021-01-12 07:59:44,7.373871896798505
2021-01-13 02:57:33,8.795809714283932
2021-01-13 18:18:32,10.07847910317621
2021-01-14 12:09:40,10.068277076793143
2021-01-15 06:22:28,9.216607844278832
2021-01-15 22:52:57,9.680535987976683
2021-01-16 16:25:22,12.186423811049275
2021-01-17 12:30:59,10.656832027796996
2021-01-18 05:24:05,12.50467533631306
2021-01-18 23:50:36,10.430776318421769
2021-01-19 17:33:36,9.304054005112627
2021-01-20 10:49:23,8.257394155412793
2021-01-21 07:45:03,9.343958885536704
2021-01-22 01:43:18,7.459880068113331
2021-01-22 19:06:29,9.044048097144916
2021-01-23 15:04:45,11.077805131089182
2021-01-24 05:56:36,12.071102419386618
2021-01-25 00:14:40,12.115641544274727
2021-01-25 19:38:54,8.80177882843036
2021-01-26 10:37:43,8.887871538317208
2021-01-27 05:39:27,10.522124200106013
2021-01-27 22:45:26,9.225808969121656
2021-01-28 15:44:20,9.129191859878274
2021-01-29 10:23:37,8.758097302952796
2021-01-30 01:39:19,7.443183779587698
2021-01-30 22:39:23,9.181252276700006
2021-01-31 15:35:36,8.490959888329286
2021-02-01 11:13:07,9.878962561368505
2021-02-02 07:13:20,9.096923671523774
2021-02-02 23:56:15,9.926875577408687
2021-02-03 15:54:21,10.074658407352672
2021-02-04 09:29:38,8.781177539521867
2021-02-05 01:45:07,8.506762473848223
2021-02-05 16:03:24,8.636363473418347
2021-02-06 09:26:43,9.444499475522704
2021-02-07 00:36:36,8.665961320601527
2021-02-07 17:30:29,8.545731414478984
2021-02-08 09:32:37,10.076129567645593
2021-02-09 02:05:42,8.327418498660645
2021-02-09 20:21:11,5.407507348738997
2021-02-10 13:40:54,7.093254493406157
2021-02-11 09:00:32,7.695217999160166
2021-02-12 04:34:51,9.034922985849496
2021-02-12 23:11:23,8.963963012162571
2021-02-13 15:27:30,9.97437470181901
2021-02-14 07:21:19,13.475790136954423
2021-02-15 01:59:10,9.139039967847289
2021-02-15 18:55:50,7.759758709724453
2021-02-16 16:52:16,7.983220417254693
2021-02-17 11:28:04,8.174067845194545
2021-02-18 03:44:39,8.269442694747092
2021-02-19 00:51:44,8.657310934864123
2021-02-19 16:42:49,9.580416265343448
2021-02-20 10:18:55,7.188253312847864
2021-02-21 04:02:41,8.406754315651925
2021-02-21 21:59:58,10.07463802938876
2021-02-22 16:34:23,8.693662289073222
2021-02-23 15:22:04,8.699844696985043
2021-02-24 08:15:04,8.782449340455672
2021-02-25 00:11:15,8.759315678549958
2021-02-25 16:21:04,9.246624938623974
2021-02-26 12:03:11,7.273838302091546
2021-02-27 04:35:15,9.091476262940589
2021-02-27 19:43:43,10.773985696201581
2021-02-28 16:08:02,9.99640532485828
2021-03-01 12:23:34,11.88379640887344
2021-03-02 07:06:56,9.217804977389402
2021-03-03 00:38:42,9.408295922297851
2021-03-03 17:28:38,10.20611498898192
2021-03-04 11:48:39,10.615676083410293
2021-03-05 07:21:21,10.664197137911021
2021-03-06 00:58:18,10.765116275820352
2021-03-06 17:00:16,12.216581056493728
2021-03-07 12:01:21,10.167496435957133
2021-03-08 05:05:18,9.328975171619893
2021-03-08 21:29:00,10.10839749951806
2021-03-09 14:46:09,9.160245684806076
2021-03-10 08:50:23,9.905557853201286
2021-03-11 03:11:02,10.604925484242138
2021-03-11 21:54:25,10.735077756369128
2021-03-12 15:23:21,12.303041537169035
2021-03-13 07:38:38,15.297624151401592
2021-03-14 03:05:45,14.474710332471147
2021-03-14 18:34:00,12.692151624872297
2021-03-15 12:14:44,15.135053304116548
2021-03-16 04:16:59,11.94473046743148
2021-03-16 22:34:56,13.034464478174174
2021-03-17 17:05:39,13.976753902690644
2021-03-18 11:52:41,13.028938895624258
2021-03-19 05:21:30,14.365407073234405